contract_id,vendor_id,vendor_name,category,contract_start_date,contract_end_date,negotiated_rate,payment_terms,is_active_contract,expiration_status,contract_duration_years,total_estimated_savings,pos_on_contract,spend_on_contract,realized_savings,savings_realization_rate,savings_gap,realization_tier
C00001,V00362,"Smith, Robertson and Allen",MRO,2022-05-22,2025-05-21,0.156,Net 45,False,Expired,3.0,1157257.98,6,38134.23,7048.50695833029,0.006090696353,1150209.4730416697,Significant Shortfall
C00002,V00362,"Smith, Robertson and Allen",MRO,2022-06-21,2024-06-20,0.07,Net 60,False,Expired,2.0,663727.14,1,1970.67,148.32999959739,0.000223480389,663578.8100004026,Significant Shortfall
C00003,V00362,"Smith, Robertson and Allen",MRO,2024-03-08,2028-03-07,0.213,Net 30,True,Active,4.0,1837828.6,10,48709.01,13182.9975997503,0.007173137691,1824645.6024002498,Significant Shortfall
C00004,V00074,"Walters, Baker and Freeman",IT Services,2023-11-29,2025-11-28,0.165,Net 15,False,Expired,2.0,983011.34,3,33964.51,6711.5498660029,0.006827540632,976299.7901339971,Significant Shortfall
C00005,V00074,"Walters, Baker and Freeman",IT Services,2022-01-30,2025-01-29,0.237,Net 45,False,Expired,3.0,1487566.62,2,85349.15,26510.8107229085,0.017821595595,1461055.8092770914,Significant Shortfall
C00006,V00375,Glenn LLC,Raw Materials,2023-08-25,2027-08-24,0.114,Net 60,True,Active,4.0,1486686.0,10,201758.92,25959.95142109424,0.017461623652,1460726.0485789059,Significant Shortfall
C00007,V00156,Mcguire-Davis,Professional Services,2023-07-15,2025-07-14,0.191,Net 45,False,Expired,2.0,364648.5,1,56010.74,13223.79645694782,0.036264502547,351424.7035430522,Significant Shortfall
C00008,V00156,Mcguire-Davis,Professional Services,2024-05-02,2028-05-01,0.24,Net 15,True,Active,4.0,1679925.8,3,199707.11,63065.40322096014,0.037540588531,1616860.3967790399,Significant Shortfall
C00009,V00156,Mcguire-Davis,Professional Services,2024-03-20,2028-03-19,0.112,Net 30,True,Active,4.0,1001255.4,2,20948.5,2642.153150511,0.00263884035,998613.246849489,Significant Shortfall
C00010,V00105,Campbell Ltd,Professional Services,2022-08-08,2026-08-07,0.094,Net 30,False,Expired,4.0,1071839.08,10,230365.53,23901.05931599727,0.02229911165,1047938.0206840028,Significant Shortfall
C00011,V00395,"Ponce, Downs and Contreras",Professional Services,2022-03-03,2026-03-02,0.09,Net 45,False,Expired,4.0,295759.52,12,302241.95,29892.06101890305,0.101068804206,265867.458981097,Significant Shortfall
C00012,V00378,Glass-Stone,Raw Materials,2023-06-26,2026-06-25,0.062,Net 45,False,Expired,3.0,247136.67,6,60280.2,3984.4055422962,0.016122275753,243152.2644577038,Significant Shortfall
C00013,V00378,Glass-Stone,Raw Materials,2023-02-11,2025-02-10,0.219,Net 30,False,Expired,2.0,863456.08,4,66824.97,18738.37186178307,0.021701592352,844717.708138217,Significant Shortfall
C00014,V00378,Glass-Stone,Raw Materials,2023-09-05,2026-09-04,0.191,Net 30,False,Expired,3.0,1003345.14,4,88327.77,20853.65149569711,0.020784125686,982491.4885043029,Significant Shortfall
C00015,V00125,Bender LLC,Raw Materials,2024-03-05,2027-03-05,0.077,Net 15,True,Active,3.0,261530.7,13,138629.62,11564.98460099478,0.044220371073,249965.71539900522,Significant Shortfall
C00016,V00069,Kim PLC,Raw Materials,2022-08-11,2025-08-10,0.18,Net 60,False,Expired,3.0,286077.93,7,65244.33,14321.92608960435,0.05006302335,271756.00391039567,Significant Shortfall
C00017,V00069,Kim PLC,Raw Materials,2022-02-10,2024-02-10,0.183,Net 15,False,Expired,2.0,818165.16,1,2562.07,573.87859221056,0.000701421449,817591.2814077894,Significant Shortfall
C00018,V00451,Stewart-Bailey,IT Services,2023-02-04,2026-02-03,0.075,Net 15,False,Expired,3.0,1101381.51,8,243695.31,19759.07916943011,0.017940267736,1081622.43083057,Significant Shortfall
C00019,V00010,"Martinez, Nielsen and Miller",Logistics,2023-05-07,2027-05-06,0.056,Net 45,True,Active,4.0,1220681.8,3,37519.25,2225.7182241545,0.001823340222,1218456.0817758455,Significant Shortfall
C00020,V00010,"Martinez, Nielsen and Miller",Logistics,2023-11-19,2027-11-18,0.071,Net 60,True,Active,4.0,1012522.72,3,26859.49,2052.77050050485,0.002027382161,1010469.9494994951,Significant Shortfall
C00021,V00010,"Martinez, Nielsen and Miller",Logistics,2023-12-08,2025-12-07,0.098,Net 45,False,Expired,2.0,982732.06,3,100126.42,10878.480210629,0.011069629916,971853.579789371,Significant Shortfall
C00022,V00195,Sandoval PLC,IT Services,2022-05-08,2024-05-07,0.214,Net 60,False,Expired,2.0,676624.08,1,7643.76,2081.12549585256,0.003075748495,674542.9545041474,Significant Shortfall
C00023,V00195,Sandoval PLC,IT Services,2024-06-24,2027-06-24,0.052,Net 30,True,Active,3.0,338235.9,4,32795.49,1798.90874483229,0.005318503284,336436.9912551677,Significant Shortfall
C00024,V00407,"Jacobson, Singleton and King",Facilities,2022-08-02,2024-08-01,0.194,Net 15,False,Expired,2.0,67184.5,1,2622.28,631.16913129892,0.009394564688,66553.33086870109,Significant Shortfall
C00025,V00085,Pham-Shields,Logistics,2024-04-14,2026-04-14,0.227,Net 15,False,Expired,2.0,503220.36,4,107567.99,31588.53007303739,0.062772758386,471631.8299269626,Significant Shortfall
C00026,V00085,Pham-Shields,Logistics,2023-06-09,2026-06-08,0.159,Net 15,False,Expired,3.0,179099.97,5,67212.16,12707.17411980672,0.070950174474,166392.79588019327,Significant Shortfall
C00027,V00372,Carter Inc,Professional Services,2023-06-11,2027-06-10,0.18,Net 45,True,Active,4.0,1386834.4,9,234080.41,51383.50460559995,0.037050930238,1335450.8953944,Significant Shortfall
C00028,V00372,Carter Inc,Professional Services,2023-12-05,2026-12-04,0.065,Net 60,True,Expiring in 90 days,3.0,1273270.86,6,143109.14,9948.76380377338,0.007813548646,1263322.0961962265,Significant Shortfall
C00029,V00389,Moreno Group,Raw Materials,2024-01-16,2027-01-15,0.24,Net 45,True,Active,3.0,139074.6,11,237557.83,75018.26218028142,0.539410231489,64056.33781971858,Underperforming
C00030,V00496,Vega Ltd,Raw Materials,2022-08-04,2024-08-03,0.196,Net 30,False,Expired,2.0,556105.34,2,30532.53,7443.25359652035,0.013384610902,548662.0864034797,Significant Shortfall
C00031,V00496,Vega Ltd,Raw Materials,2024-03-09,2027-03-09,0.169,Net 15,True,Active,3.0,932057.76,3,58229.35,11842.0699516879,0.012705296238,920215.6900483121,Significant Shortfall
C00032,V00496,Vega Ltd,Raw Materials,2024-06-16,2026-06-16,0.136,Net 15,False,Expired,2.0,660562.48,2,27889.32,4389.98554419324,0.006645829391,656172.4944558068,Significant Shortfall
C00033,V00031,Harrell LLC,IT Services,2023-04-20,2025-04-19,0.116,Net 15,False,Expired,2.0,974910.46,5,292406.4,38370.0704546016,0.039357532849,936540.3895453984,Significant Shortfall
C00034,V00317,Jones-Ramos,Logistics,2023-01-12,2027-01-11,0.103,Net 45,True,Active,4.0,591785.24,7,65382.43,7507.68149686086,0.012686496704,584277.5585031392,Significant Shortfall
C00035,V00317,Jones-Ramos,Logistics,2022-09-08,2024-09-07,0.06,Net 15,False,Expired,2.0,580334.42,2,74391.08,4748.36679109996,0.008182121597,575586.0532089,Significant Shortfall
C00036,V00409,"Jackson, David and Moore",Logistics,2023-05-23,2026-05-22,0.051,Net 15,False,Expired,3.0,158813.7,7,177376.8,9532.367585904,0.060022325441,149281.332414096,Significant Shortfall
C00037,V00491,Williams LLC,Raw Materials,2023-06-24,2025-06-23,0.091,Net 30,False,Expired,2.0,645426.84,11,163796.33,16397.65239805963,0.025405904096,629029.1876019404,Significant Shortfall
C00038,V00492,"Mcknight, Michael and Jones",IT Services,2023-11-01,2025-10-31,0.112,Net 15,False,Expired,2.0,409518.0,7,262862.97,33153.88807495422,0.080958317034,376364.1119250458,Significant Shortfall
C00039,V00492,"Mcknight, Michael and Jones",IT Services,2022-06-09,2025-06-08,0.068,Net 45,False,Expired,3.0,829865.25,3,29619.28,2161.06333607144,0.002604113543,827704.1866639286,Significant Shortfall
C00040,V00281,Davis Inc,Marketing,2023-09-11,2026-09-10,0.124,Net 60,False,Expired,3.0,685289.64,17,130406.19,18459.32364444309,0.0269365281,666830.316355557,Significant Shortfall
C00041,V00357,Gilbert-Bullock,Travel,2023-05-22,2026-05-21,0.095,Net 30,False,Expired,3.0,424786.14,15,140022.59,14698.50396597384,0.034602127004,410087.63603402616,Significant Shortfall
C00042,V00357,Gilbert-Bullock,Travel,2022-02-12,2024-02-12,0.2,Net 30,False,Expired,2.0,674119.08,0,0.0,0.0,0.0,674119.08,Unused Contract
C00043,V00077,Martin-Ramos,Marketing,2022-11-10,2026-11-09,0.133,Net 45,True,Expiring in 60 days,4.0,1522655.48,8,57338.88,8795.92966073856,0.005776703776,1513859.5503392615,Significant Shortfall
C00044,V00077,Martin-Ramos,Marketing,2023-08-10,2027-08-09,0.062,Net 15,True,Active,4.0,798727.96,5,25571.89,1690.25285654309,0.002116180904,797037.7071434569,Significant Shortfall
C00045,V00462,Pearson and Sons,Professional Services,2022-12-14,2025-12-13,0.165,Net 60,False,Expired,3.0,376393.77,5,69163.42,13667.0230847818,0.036310439157,362726.7469152182,Significant Shortfall
C00046,V00462,Pearson and Sons,Professional Services,2023-04-23,2025-04-22,0.129,Net 30,False,Expired,2.0,856861.02,1,6393.24,946.87481236824,0.001105050633,855914.1451876317,Significant Shortfall
C00047,V00462,Pearson and Sons,Professional Services,2023-09-27,2027-09-26,0.164,Net 45,True,Active,4.0,1052962.08,4,68799.8,13496.6114967502,0.012817756454,1039465.4685032498,Significant Shortfall
C00048,V00498,"Long, Anderson and Irwin",Logistics,2023-01-07,2026-01-06,0.085,Net 45,False,Expired,3.0,1477020.96,3,47699.62,4431.1122469535,0.003000033423,1472589.8477530465,Significant Shortfall
C00049,V00212,"Kennedy, Mcintyre and James",MRO,2022-10-01,2024-09-30,0.059,Net 15,False,Expired,2.0,96801.16,1,2834.47,177.71916015432,0.001835919736,96623.44083984569,Significant Shortfall
C00050,V00212,"Kennedy, Mcintyre and James",MRO,2022-06-17,2024-06-16,0.249,Net 60,False,Expired,2.0,634681.68,0,0.0,0.0,0.0,634681.68,Unused Contract
C00051,V00212,"Kennedy, Mcintyre and James",MRO,2023-05-06,2026-05-05,0.232,Net 30,False,Expired,3.0,1373835.69,8,22697.59,6856.56363826747,0.004990817816,1366979.1263617326,Significant Shortfall
C00052,V00102,Torres and Sons,IT Services,2022-08-08,2026-08-07,0.129,Net 60,False,Expired,4.0,679208.52,7,149084.39,22080.23690777814,0.032508774931,657128.2830922218,Significant Shortfall
C00053,V00335,"Osborn, Gaines and Davis",IT Services,2022-07-25,2024-07-24,0.207,Net 15,False,Expired,2.0,630596.78,1,6790.84,1772.64045452032,0.002811052182,628824.1395454797,Significant Shortfall
C00054,V00335,"Osborn, Gaines and Davis",IT Services,2024-02-21,2026-02-20,0.133,Net 30,False,Expired,2.0,165235.74,9,435100.65,66745.54356034905,0.403941323834,98490.19643965094,Significant Shortfall
C00055,V00476,Green LLC,Raw Materials,2022-05-12,2026-05-11,0.206,Net 60,False,Expired,4.0,1580061.44,7,135189.21,35074.27868814324,0.022198047367,1544987.1613118567,Significant Shortfall
C00056,V00476,Green LLC,Raw Materials,2023-02-26,2026-02-25,0.103,Net 15,False,Expired,3.0,992537.88,5,53338.31,6124.68889670862,0.006170735667,986413.1911032913,Significant Shortfall
C00057,V00476,Green LLC,Raw Materials,2022-02-22,2024-02-22,0.084,Net 15,False,Expired,2.0,414914.48,0,0.0,0.0,0.0,414914.48,Unused Contract
C00058,V00337,Lee-Cooke,Raw Materials,2023-01-11,2026-01-10,0.188,Net 15,False,Expired,3.0,102457.74,13,174761.64,40462.05465187416,0.39491457309,61995.68534812584,Significant Shortfall
C00059,V00441,"Castillo, Warren and Griffith",IT Services,2023-01-15,2026-01-14,0.054,Net 60,False,Expired,3.0,1231557.3,5,73980.64,4222.99633172928,0.003428988916,1227334.3036682708,Significant Shortfall
C00060,V00441,"Castillo, Warren and Griffith",IT Services,2023-04-28,2026-04-27,0.106,Net 30,False,Expired,3.0,752680.23,6,82313.72,9759.79233205676,0.01296671806,742920.4376679432,Significant Shortfall
C00061,V00441,"Castillo, Warren and Griffith",IT Services,2022-12-20,2024-12-19,0.077,Net 15,False,Expired,2.0,974735.04,1,3722.36,310.53274242084,0.000318581696,974424.5072575791,Significant Shortfall
C00062,V00174,Torres-Oliver,Logistics,2022-08-21,2025-08-20,0.104,Net 30,False,Expired,3.0,642655.92,4,45284.8,5256.2714479792,0.008178982383,637399.6485520208,Significant Shortfall
C00063,V00174,Torres-Oliver,Logistics,2022-10-28,2024-10-27,0.138,Net 15,False,Expired,2.0,915164.14,1,19733.68,3159.22022363976,0.003452080436,912004.9197763603,Significant Shortfall
C00064,V00003,Johnson-Davis,Raw Materials,2022-03-14,2026-03-13,0.223,Net 45,False,Expired,4.0,1649194.08,6,64364.48,18472.68859708576,0.011201039842,1630721.3914029142,Significant Shortfall
C00065,V00003,Johnson-Davis,Raw Materials,2023-02-14,2025-02-13,0.112,Net 45,False,Expired,2.0,516659.36,2,48535.62,6121.60972360812,0.011848444444,510537.75027639186,Significant Shortfall
C00066,V00334,Li-Santiago,Capital Equipment,2022-12-05,2026-12-04,0.226,Net 45,True,Expiring in 90 days,4.0,96738.4,1,29239.28,8537.56754280192,0.088254173553,88200.83245719808,Significant Shortfall
C00067,V00334,Li-Santiago,Capital Equipment,2023-05-03,2025-05-02,0.217,Net 15,False,Expired,2.0,264500.46,1,17368.93,4813.61150400744,0.018198877628,259686.84849599257,Significant Shortfall
C00068,V00410,"Winters, Morgan and Bradshaw",Marketing,2024-01-26,2027-01-25,0.191,Net 15,True,Active,3.0,432746.91,10,71039.19,16771.92247462617,0.038756885577,415974.9875253738,Significant Shortfall
C00069,V00071,"Evans, Alvarado and Mcmillan",Marketing,2022-02-16,2024-02-16,0.186,Net 15,False,Expired,2.0,257099.34,1,4991.9,1140.6552850451,0.00443663249,255958.6847149549,Significant Shortfall
C00070,V00071,"Evans, Alvarado and Mcmillan",Marketing,2022-12-10,2026-12-09,0.139,Net 15,True,Expiring in 90 days,4.0,1922619.96,19,63913.99,10318.28643360214,0.005366784205,1912301.6735663977,Significant Shortfall
C00071,V00210,Kane-Pollard,Professional Services,2023-07-06,2026-07-05,0.119,Net 60,False,Expired,3.0,1261351.05,15,401976.22,54296.4475055116,0.043046261789,1207054.6024944885,Significant Shortfall
C00072,V00210,Kane-Pollard,Professional Services,2022-02-06,2024-02-06,0.107,Net 45,False,Expired,2.0,398834.36,0,0.0,0.0,0.0,398834.36,Unused Contract
C00073,V00064,Baker and Sons,Raw Materials,2022-03-08,2024-03-07,0.221,Net 45,False,Expired,2.0,654432.3,0,0.0,0.0,0.0,654432.3,Unused Contract
C00074,V00064,Baker and Sons,Raw Materials,2024-01-04,2027-01-03,0.18,Net 30,True,Active,3.0,784523.4,5,64203.2,14093.385358024,0.017964263855,770430.014641976,Significant Shortfall
C00075,V00064,Baker and Sons,Raw Materials,2023-06-20,2026-06-19,0.232,Net 30,False,Expired,3.0,981636.18,5,53454.78,16147.79810718174,0.016449880756,965488.3818928183,Significant Shortfall
C00076,V00385,"Owen, Shelton and Cisneros",Professional Services,2023-09-04,2027-09-03,0.211,Net 60,True,Active,4.0,638701.0,13,675174.51,180559.97673223473,0.282698753771,458141.0232677653,Significant Shortfall
C00077,V00094,Graham-Joyce,Logistics,2022-07-17,2025-07-16,0.22,Net 45,False,Expired,3.0,704727.09,1,7672.17,2163.94538422194,0.003070614731,702563.1446157781,Significant Shortfall
C00078,V00094,Graham-Joyce,Logistics,2022-07-10,2025-07-09,0.11,Net 15,False,Expired,3.0,795337.71,2,11557.63,1428.47112801078,0.001796056078,793909.2388719892,Significant Shortfall
C00079,V00486,"Leach, Harris and Herrera",IT Services,2024-04-06,2026-04-06,0.152,Net 60,False,Expired,2.0,669108.34,5,106641.25,19114.94103572375,0.028567781767,649993.3989642763,Significant Shortfall
C00080,V00486,"Leach, Harris and Herrera",IT Services,2022-10-04,2026-10-03,0.179,Net 60,True,Expiring in 30 days,4.0,1233738.2,5,152978.14,33353.33387521758,0.027034369103,1200384.8661247825,Significant Shortfall
C00081,V00186,"Wright, Davis and Hayden",Raw Materials,2024-04-08,2027-04-08,0.063,Net 60,True,Active,3.0,1482890.61,6,90795.72,6104.72822772348,0.004116775834,1476785.8817722765,Significant Shortfall
C00082,V00186,"Wright, Davis and Hayden",Raw Materials,2022-07-12,2025-07-11,0.102,Net 60,False,Expired,3.0,1075307.85,7,79883.76,9073.65647288496,0.008438194209,1066234.193527115,Significant Shortfall
C00083,V00034,Koch-Decker,Professional Services,2022-06-23,2026-06-22,0.203,Net 15,False,Expired,4.0,1803386.6,15,259914.66,66201.60090301104,0.036709600095,1737184.999096989,Significant Shortfall
C00084,V00078,"Smith, Jones and Ware",Professional Services,2023-11-07,2025-11-06,0.194,Net 60,False,Expired,2.0,662292.56,7,199426.34,48000.88082734226,0.072476853473,614291.6791726578,Significant Shortfall
C00085,V00078,"Smith, Jones and Ware",Professional Services,2023-11-12,2026-11-11,0.231,Net 30,True,Expiring in 60 days,3.0,624760.38,6,84793.41,25471.10235072897,0.040769394421,599289.2776492711,Significant Shortfall
C00086,V00001,"Rodriguez, Figueroa and Sanchez",Logistics,2023-11-19,2027-11-18,0.213,Net 45,True,Active,4.0,712607.4,5,172619.26,46719.0626590578,0.065560731841,665888.3373409422,Significant Shortfall
C00087,V00001,"Rodriguez, Figueroa and Sanchez",Logistics,2024-04-13,2028-04-12,0.178,Net 60,True,Active,4.0,972441.0,3,35066.86,7593.55361950232,0.007808755101,964847.4463804977,Significant Shortfall
C00088,V00012,Stanley LLC,IT Services,2023-09-26,2025-09-25,0.218,Net 45,False,Expired,2.0,878964.88,3,69547.3,19387.8662740267,0.022057611988,859577.0137259733,Significant Shortfall
C00089,V00012,Stanley LLC,IT Services,2023-10-04,2026-10-03,0.07,Net 60,True,Expiring in 30 days,3.0,218077.89,6,224125.93,16869.69361012481,0.077356276742,201208.1963898752,Significant Shortfall
C00090,V00416,Washington-Harris,Logistics,2022-12-28,2026-12-27,0.203,Net 60,True,Active,4.0,398813.96,6,92162.18,23474.18132825392,0.058859979044,375339.7786717461,Significant Shortfall
C00091,V00416,Washington-Harris,Logistics,2022-08-07,2024-08-06,0.094,Net 60,False,Expired,2.0,238861.36,3,48195.17,5000.38185797403,0.020934243437,233860.97814202597,Significant Shortfall
C00092,V00023,Robinson-Bright,Capital Equipment,2022-10-20,2025-10-19,0.124,Net 15,False,Expired,3.0,890788.92,3,223684.81,31663.14652805791,0.035545061032,859125.773471942,Significant Shortfall
C00093,V00023,Robinson-Bright,Capital Equipment,2022-09-15,2024-09-14,0.144,Net 30,False,Expired,2.0,869065.5,1,93683.7,15759.8747602263,0.01813427729,853305.6252397737,Significant Shortfall
C00094,V00073,Campbell-Clark,Logistics,2023-03-01,2025-02-28,0.15,Net 15,False,Expired,2.0,870147.8,0,0.0,0.0,0.0,870147.8,Unused Contract
C00095,V00073,Campbell-Clark,Logistics,2023-08-14,2027-08-13,0.11,Net 45,True,Active,4.0,145961.48,6,116796.74,14435.55217945044,0.098899738338,131525.92782054955,Significant Shortfall
C00096,V00183,"Morse, Gonzales and Harrison",Capital Equipment,2022-10-08,2024-10-07,0.119,Net 15,False,Expired,2.0,987447.76,2,137329.36,18549.5957601808,0.018785394541,968898.1642398192,Significant Shortfall
C00097,V00132,Williams Group,IT Services,2022-11-24,2024-11-23,0.206,Net 45,False,Expired,2.0,497829.22,1,33126.89,8594.63393514516,0.017264221524,489234.5860648548,Significant Shortfall
C00098,V00411,Miller Ltd,Raw Materials,2024-03-15,2026-03-15,0.051,Net 45,False,Expired,2.0,288057.3,12,219116.32,11775.4819475296,0.040878956886,276281.8180524704,Significant Shortfall
C00099,V00194,Cordova Group,IT Services,2023-03-01,2025-02-28,0.148,Net 30,False,Expired,2.0,768297.78,2,22851.63,3969.5319675396,0.005166658125,764328.2480324605,Significant Shortfall
C00100,V00194,Cordova Group,IT Services,2024-01-02,2026-01-01,0.173,Net 15,False,Expired,2.0,640817.78,5,78884.82,16501.90311088326,0.025751319058,624315.8768891167,Significant Shortfall
C00101,V00056,Horton-Cross,IT Services,2023-10-21,2026-10-20,0.127,Net 45,True,Expiring in 60 days,3.0,85456.23,5,95586.84,13905.53110730448,0.162721092509,71550.69889269552,Significant Shortfall
C00102,V00056,Horton-Cross,IT Services,2023-11-25,2026-11-24,0.24,Net 45,True,Expiring in 90 days,3.0,1341249.39,5,101112.01,31930.10845298274,0.023806242665,1309319.2815470172,Significant Shortfall
C00103,V00149,"Vargas, Morris and Sanchez",Capital Equipment,2022-10-19,2024-10-18,0.175,Net 60,False,Expired,2.0,263846.66,3,68516.99,14533.90696139188,0.055084672898,249312.75303860812,Significant Shortfall
C00104,V00019,Clark PLC,Professional Services,2022-07-05,2024-07-04,0.127,Net 45,False,Expired,2.0,596897.28,6,387015.03,56301.15545884116,0.094323022311,540596.1245411588,Significant Shortfall
C00105,V00205,Shields LLC,Raw Materials,2022-10-13,2024-10-12,0.11,Net 60,False,Expired,2.0,305011.24,1,2752.74,340.22629318644,0.001115454936,304671.01370681357,Significant Shortfall
C00106,V00079,"Johnson, Wood and Tran",MRO,2022-02-11,2024-02-11,0.119,Net 60,False,Expired,2.0,903356.1,1,1314.37,177.5369242186,0.000196530387,903178.5630757815,Significant Shortfall
C00107,V00079,"Johnson, Wood and Tran",MRO,2024-02-27,2026-02-26,0.083,Net 15,False,Expired,2.0,908756.36,13,54539.47,4936.50601449327,0.005432155671,903819.8539855067,Significant Shortfall
C00108,V00495,West-Stark,Marketing,2023-11-07,2025-11-06,0.195,Net 30,False,Expired,2.0,148581.66,12,40987.84,9928.731434936,0.066823398224,138652.928565064,Significant Shortfall
C00109,V00263,"Clark, Robinson and Kane",IT Services,2022-01-15,2024-01-15,0.075,Net 30,False,Expired,2.0,716887.88,0,0.0,0.0,0.0,716887.88,Unused Contract
C00110,V00263,"Clark, Robinson and Kane",IT Services,2023-05-20,2026-05-19,0.225,Net 30,False,Expired,3.0,406010.1,5,100661.25,29224.23390668625,0.071979081079,376785.8660933137,Significant Shortfall
C00111,V00324,Garcia-Nolan,Raw Materials,2023-06-17,2025-06-16,0.182,Net 30,False,Expired,2.0,660496.26,3,76883.08,17106.01539061504,0.025898731646,643390.2446093849,Significant Shortfall
C00112,V00324,Garcia-Nolan,Raw Materials,2023-10-18,2025-10-17,0.188,Net 15,False,Expired,2.0,428440.06,5,88424.67,20472.70688300898,0.047784296555,407967.353116991,Significant Shortfall
C00113,V00484,Fox PLC,IT Services,2022-09-26,2025-09-25,0.145,Net 30,False,Expired,3.0,255096.84,4,146039.86,24766.99376102998,0.097088594908,230329.84623897003,Significant Shortfall
C00114,V00080,Parker Inc,IT Services,2022-06-28,2024-06-27,0.182,Net 45,False,Expired,2.0,284577.6,0,0.0,0.0,0.0,284577.6,Unused Contract
C00115,V00040,"Santos, Kim and Holmes",Facilities,2022-07-29,2024-07-28,0.152,Net 60,False,Expired,2.0,625344.0,1,902.82,161.82622639806,0.00025877953,625182.1737736019,Significant Shortfall
C00116,V00040,"Santos, Kim and Holmes",Facilities,2023-06-04,2025-06-03,0.207,Net 45,False,Expired,2.0,507784.28,5,36554.92,9542.07874191616,0.018791599342,498242.20125808386,Significant Shortfall
C00117,V00452,"Hill, Martinez and Rhodes",Travel,2022-08-12,2026-08-11,0.245,Net 15,False,Expired,4.0,741526.8,10,34532.84,11206.02091823324,0.01511209159,730320.7790817667,Significant Shortfall
C00118,V00452,"Hill, Martinez and Rhodes",Travel,2023-05-17,2026-05-16,0.082,Net 45,False,Expired,3.0,835763.97,9,34296.44,3063.51643605636,0.003665528242,832700.4535639436,Significant Shortfall
C00119,V00047,Owens-Daniel,Logistics,2024-05-09,2027-05-09,0.116,Net 30,True,Active,3.0,34024.86,4,53121.0,6970.628934999,0.204868702913,27054.231065001,Significant Shortfall
C00120,V00047,Owens-Daniel,Logistics,2022-11-04,2024-11-03,0.217,Net 45,False,Expired,2.0,675641.5,2,17383.16,4817.55519493728,0.007130342341,670823.9448050627,Significant Shortfall
C00121,V00239,Anderson PLC,Professional Services,2023-11-27,2027-11-26,0.065,Net 60,True,Active,4.0,1458209.44,3,101591.08,7062.48154024436,0.004843255946,1451146.9584597556,Significant Shortfall
C00122,V00239,Anderson PLC,Professional Services,2023-03-22,2025-03-21,0.141,Net 60,False,Expired,2.0,977745.14,4,178027.71,29222.24345204934,0.029887382976,948522.8965479507,Significant Shortfall
C00123,V00239,Anderson PLC,Professional Services,2023-10-22,2026-10-21,0.06,Net 30,True,Expiring in 60 days,3.0,1225372.26,8,102753.09,6558.70784829183,0.005352420699,1218813.5521517082,Significant Shortfall
C00124,V00392,Padilla-Lewis,Raw Materials,2023-11-05,2026-11-04,0.21,Net 30,True,Expiring in 60 days,3.0,489679.44,6,136443.78,36269.8655955273,0.074068589842,453409.5744044727,Significant Shortfall
C00125,V00392,Padilla-Lewis,Raw Materials,2023-02-24,2025-02-23,0.22,Net 30,False,Expired,2.0,892486.18,0,0.0,0.0,0.0,892486.18,Unused Contract
C00126,V00392,Padilla-Lewis,Raw Materials,2023-10-30,2025-10-29,0.183,Net 60,False,Expired,2.0,187102.04,3,316369.91,70863.76194584128,0.378743930028,116238.27805415873,Significant Shortfall
C00127,V00353,Shaw-Young,Professional Services,2022-11-17,2026-11-16,0.104,Net 60,True,Expiring in 90 days,4.0,1476813.16,7,280782.78,32590.85851319262,0.022068369511,1444222.3014868074,Significant Shortfall
C00128,V00353,Shaw-Young,Professional Services,2022-05-08,2025-05-07,0.087,Net 15,False,Expired,3.0,619142.94,1,20745.41,1976.83534674332,0.00319285777,617166.1046532567,Significant Shortfall
C00129,V00353,Shaw-Young,Professional Services,2023-05-13,2026-05-12,0.217,Net 15,False,Expired,3.0,1044156.57,5,76554.75,21216.322783638,0.020319100979,1022940.247216362,Significant Shortfall
C00130,V00342,Diaz-Ball,MRO,2022-06-17,2024-06-16,0.073,Net 30,False,Expired,2.0,702246.48,1,2673.69,210.54948336588,0.000299822768,702035.9305166341,Significant Shortfall
C00131,V00342,Diaz-Ball,MRO,2024-03-21,2026-03-21,0.071,Net 15,False,Expired,2.0,913002.22,11,67645.19,5169.86921691535,0.005662493588,907832.3507830846,Significant Shortfall
C00132,V00278,Gutierrez Group,Professional Services,2024-06-21,2027-06-21,0.086,Net 60,True,Active,3.0,588233.64,4,90563.64,8521.30532077056,0.014486259781,579712.3346792294,Significant Shortfall
C00133,V00278,Gutierrez Group,Professional Services,2024-05-22,2028-05-21,0.056,Net 45,True,Active,4.0,1381549.72,2,43482.04,2579.44305526936,0.001867064947,1378970.2769447307,Significant Shortfall
C00134,V00278,Gutierrez Group,Professional Services,2023-04-23,2026-04-22,0.234,Net 15,False,Expired,3.0,196018.08,7,185646.06,56711.72073071574,0.289318825747,139306.35926928426,Significant Shortfall
C00135,V00291,Bell-White,Travel,2024-02-04,2026-02-03,0.102,Net 45,False,Expired,2.0,327953.18,13,41422.4,4704.9942051104,0.014346542409,323248.1857948896,Significant Shortfall
C00136,V00291,Bell-White,Travel,2022-03-09,2025-03-08,0.154,Net 30,False,Expired,3.0,1041715.23,1,469.68,85.49730499896,8.2073586e-05,1041629.7326950011,Significant Shortfall
C00137,V00318,Vargas-Bell,Facilities,2024-01-16,2026-01-15,0.146,Net 15,False,Expired,2.0,670436.44,12,37956.26,6489.00930742062,0.00967878373,663947.4306925794,Significant Shortfall
C00138,V00318,Vargas-Bell,Facilities,2022-02-14,2024-02-14,0.218,Net 30,False,Expired,2.0,567177.36,0,0.0,0.0,0.0,567177.36,Unused Contract
C00139,V00305,"Patterson, Sullivan and Bowman",IT Services,2022-01-06,2024-01-06,0.151,Net 15,False,Expired,2.0,479903.16,0,0.0,0.0,0.0,479903.16,Unused Contract
C00140,V00269,"Wilson, Brown and West",Raw Materials,2022-05-06,2024-05-05,0.2,Net 60,False,Expired,2.0,334221.14,0,0.0,0.0,0.0,334221.14,Unused Contract
C00141,V00269,"Wilson, Brown and West",Raw Materials,2023-07-29,2026-07-28,0.06,Net 15,False,Expired,3.0,357378.6,6,54558.99,3482.48871063513,0.009744536216,353896.11128936487,Significant Shortfall
C00142,V00269,"Wilson, Brown and West",Raw Materials,2022-03-03,2025-03-02,0.213,Net 15,False,Expired,3.0,145880.97,1,2691.11,728.3436200133,0.004992725371,145152.6263799867,Significant Shortfall
C00143,V00070,"Riggs, Roman and Rice",IT Services,2022-05-18,2025-05-17,0.068,Net 60,False,Expired,3.0,762730.53,6,247067.56,18026.38840135988,0.023634019739,744704.1415986401,Significant Shortfall
C00144,V00070,"Riggs, Roman and Rice",IT Services,2022-07-19,2024-07-18,0.246,Net 30,False,Expired,2.0,750334.18,0,0.0,0.0,0.0,750334.18,Unused Contract
C00145,V00070,"Riggs, Roman and Rice",IT Services,2023-02-20,2025-02-19,0.131,Net 30,False,Expired,2.0,55115.3,0,0.0,0.0,0.0,55115.3,Unused Contract
C00146,V00456,"Nelson, Hoffman and Nelson",Raw Materials,2022-02-25,2026-02-24,0.243,Net 45,False,Expired,4.0,1289574.72,7,107464.0,34496.369879832,0.026750190853,1255078.350120168,Significant Shortfall
C00147,V00456,"Nelson, Hoffman and Nelson",Raw Materials,2023-08-04,2026-08-03,0.24,Net 30,False,Expired,3.0,564113.43,2,41216.64,13015.78106564736,0.023072985633,551097.6489343527,Significant Shortfall
C00148,V00456,"Nelson, Hoffman and Nelson",Raw Materials,2024-04-30,2026-04-30,0.219,Net 15,False,Expired,2.0,345333.18,1,11105.67,3114.13793727477,0.009017777954,342219.04206272523,Significant Shortfall
C00149,V00466,Mcdowell-Smith,Professional Services,2024-04-11,2027-04-11,0.193,Net 45,True,Active,3.0,197614.35,5,161452.45,38612.54380641385,0.195393420601,159001.80619358615,Significant Shortfall
C00150,V00466,Mcdowell-Smith,Professional Services,2023-08-24,2025-08-23,0.118,Net 60,False,Expired,2.0,833286.2,6,205379.94,27477.13481502912,0.032974426812,805809.0651849709,Significant Shortfall
C00151,V00155,Vaughn Ltd,Raw Materials,2022-01-15,2025-01-14,0.19,Net 45,False,Expired,3.0,97293.81,3,29482.73,6915.70209184973,0.071080596924,90378.10790815027,Significant Shortfall
C00152,V00155,Vaughn Ltd,Raw Materials,2023-04-30,2026-04-29,0.078,Net 15,False,Expired,3.0,1083778.5,7,92201.22,7800.10316601156,0.00719713776,1075978.3968339884,Significant Shortfall
C00153,V00083,Hancock and Sons,MRO,2023-01-10,2027-01-09,0.089,Net 15,True,Active,4.0,276661.8,16,76077.09,7432.33921129269,0.026864349221,269229.4607887073,Significant Shortfall
C00154,V00478,Parks-Leblanc,Professional Services,2022-01-16,2024-01-16,0.193,Net 15,False,Expired,2.0,125610.44,0,0.0,0.0,0.0,125610.44,Unused Contract
C00155,V00173,"James, Kerr and Evans",Professional Services,2023-10-20,2027-10-19,0.075,Net 15,True,Active,4.0,1787838.52,13,339270.58,27508.42537789698,0.015386414975,1760330.094622103,Significant Shortfall
C00156,V00322,Cole PLC,IT Services,2023-05-04,2027-05-03,0.077,Net 30,True,Active,4.0,1017704.12,6,152073.86,12686.55175649934,0.012465854768,1005017.5682435007,Significant Shortfall
C00157,V00322,Cole PLC,IT Services,2022-09-19,2026-09-18,0.237,Net 15,True,Expiring in 30 days,4.0,1684079.56,8,112458.64,34931.4517976536,0.020742162441,1649148.1082023464,Significant Shortfall
C00158,V00091,"Hicks, Frazier and Anthony",IT Services,2023-04-03,2025-04-02,0.188,Net 45,False,Expired,2.0,190177.26,2,15379.53,3560.77788798582,0.018723468242,186616.48211201417,Significant Shortfall
C00159,V00091,"Hicks, Frazier and Anthony",IT Services,2023-09-28,2025-09-27,0.127,Net 60,False,Expired,2.0,608535.1,2,190631.45,27732.1811036494,0.045572032088,580802.9188963505,Significant Shortfall
C00160,V00091,"Hicks, Frazier and Anthony",IT Services,2023-01-28,2027-01-27,0.226,Net 45,True,Active,4.0,860582.92,3,206588.71,60321.76801909344,0.070094079974,800261.1519809066,Significant Shortfall
C00161,V00181,Holland LLC,MRO,2024-05-06,2027-05-06,0.244,Net 45,True,Active,3.0,695683.2,17,103779.67,33495.02579300341,0.048146952223,662188.1742069966,Significant Shortfall
C00162,V00415,Chavez-Barker,Professional Services,2022-06-13,2026-06-12,0.19,Net 60,False,Expired,4.0,1506916.64,15,307403.3,72106.9468414733,0.047850654062,1434809.6931585267,Significant Shortfall
C00163,V00313,Gonzalez-Morrison,IT Services,2024-04-16,2028-04-15,0.222,Net 45,True,Active,4.0,1435273.72,5,100727.52,28742.30008145088,0.020025657602,1406531.419918549,Significant Shortfall
C00164,V00313,Gonzalez-Morrison,IT Services,2023-04-23,2025-04-22,0.092,Net 60,False,Expired,2.0,720096.84,3,59401.83,6018.68762690238,0.008358164198,714078.1523730976,Significant Shortfall
C00165,V00313,Gonzalez-Morrison,IT Services,2022-08-08,2024-08-07,0.246,Net 45,False,Expired,2.0,657084.66,0,0.0,0.0,0.0,657084.66,Unused Contract
C00166,V00279,"Davis, Simmons and Ortega",IT Services,2023-07-19,2026-07-18,0.192,Net 15,False,Expired,3.0,1148339.28,6,143193.85,34026.2613322637,0.029630843362,1114313.0186677363,Significant Shortfall
C00167,V00279,"Davis, Simmons and Ortega",IT Services,2022-08-18,2026-08-17,0.164,Net 15,False,Expired,4.0,1347628.2,4,63499.77,12456.89269188273,0.009243567842,1335171.3073081172,Significant Shortfall
C00168,V00382,Bell-Williams,Raw Materials,2022-11-19,2026-11-18,0.107,Net 30,True,Expiring in 90 days,4.0,1700710.12,2,21082.52,2526.12502380908,0.001485335446,1698183.9949761909,Significant Shortfall
C00169,V00382,Bell-Williams,Raw Materials,2023-12-26,2027-12-25,0.071,Net 30,True,Active,4.0,786505.8,6,72654.23,5552.69143535095,0.007059949762,780953.108564649,Significant Shortfall
C00170,V00473,"Davis, Holden and Woods",Raw Materials,2022-03-13,2024-03-12,0.103,Net 60,False,Expired,2.0,789821.54,0,0.0,0.0,0.0,789821.54,Unused Contract
C00171,V00473,"Davis, Holden and Woods",Raw Materials,2024-05-23,2027-05-23,0.079,Net 60,True,Active,3.0,121188.24,10,230908.34,19806.4699715922,0.163435577343,101381.7700284078,Significant Shortfall
C00172,V00363,Smith-Gomez,Professional Services,2023-02-23,2027-02-22,0.056,Net 30,True,Active,4.0,1635491.4,10,289105.25,17150.3114700785,0.010486335465,1618341.0885299216,Significant Shortfall
C00173,V00325,"Miller, Lucas and Williams",Raw Materials,2022-08-10,2026-08-09,0.223,Net 15,False,Expired,4.0,1495128.96,8,125671.7,36067.9396394779,0.024123631208,1459061.0203605222,Significant Shortfall
C00174,V00325,"Miller, Lucas and Williams",Raw Materials,2023-09-28,2025-09-27,0.152,Net 60,False,Expired,2.0,800896.98,3,17957.43,3218.78462230269,0.004018974603,797678.1953776974,Significant Shortfall
C00175,V00432,Grant-Diaz,Capital Equipment,2022-10-01,2024-09-30,0.235,Net 60,False,Expired,2.0,399803.56,0,0.0,0.0,0.0,399803.56,Unused Contract
C00176,V00432,Grant-Diaz,Capital Equipment,2024-01-25,2028-01-24,0.061,Net 45,True,Active,4.0,1497593.12,6,390616.4,25375.5061643064,0.016944192535,1472217.6138356936,Significant Shortfall
C00177,V00348,Salas Inc,Professional Services,2022-03-15,2025-03-14,0.216,Net 60,False,Expired,3.0,1369884.96,4,75408.59,20775.83601425236,0.015166117317,1349109.1239857476,Significant Shortfall
C00178,V00348,Salas Inc,Professional Services,2024-06-22,2028-06-21,0.159,Net 45,True,Active,4.0,1222638.48,7,156139.52,29519.83789277184,0.024144371681,1193118.642107228,Significant Shortfall
C00179,V00087,Garrison and Sons,Raw Materials,2023-08-16,2025-08-15,0.247,Net 45,False,Expired,2.0,92979.62,8,121246.69,39771.49056966912,0.427744171999,53208.12943033088,Significant Shortfall
C00180,V00076,Smith and Sons,Office Supplies,2022-01-29,2024-01-29,0.125,Net 60,False,Expired,2.0,439937.66,0,0.0,0.0,0.0,439937.66,Unused Contract
C00181,V00076,Smith and Sons,Office Supplies,2023-01-05,2025-01-04,0.082,Net 30,False,Expired,2.0,849093.92,6,59347.94,5301.23212893486,0.006243398998,843792.6878710651,Significant Shortfall
C00182,V00439,"Wiggins, Soto and Carlson",Professional Services,2022-12-10,2024-12-09,0.058,Net 30,False,Expired,2.0,930055.68,5,183872.75,11321.25207434375,0.012172660538,918734.4279256562,Significant Shortfall
C00183,V00016,"Sanchez, Ford and Nelson",IT Services,2023-03-10,2027-03-09,0.219,Net 60,True,Active,4.0,630263.44,4,47087.87,13203.89696006297,0.020949806259,617059.543039937,Significant Shortfall
C00184,V00016,"Sanchez, Ford and Nelson",IT Services,2023-08-04,2025-08-03,0.207,Net 45,False,Expired,2.0,331501.82,3,47773.72,12470.56751961856,0.037618398353,319031.25248038146,Significant Shortfall
C00185,V00250,Blankenship-Turner,Logistics,2023-10-03,2027-10-02,0.064,Net 15,True,Active,4.0,1030075.08,2,12602.62,861.71760209816,0.000836558052,1029213.3623979018,Significant Shortfall
C00186,V00250,Blankenship-Turner,Logistics,2022-03-17,2026-03-16,0.157,Net 45,False,Expired,4.0,220213.28,2,53314.52,9929.2759452824,0.045089360393,210284.0040547176,Significant Shortfall
C00187,V00250,Blankenship-Turner,Logistics,2024-02-10,2026-02-09,0.183,Net 60,False,Expired,2.0,344445.2,1,26222.18,5873.51155241344,0.017052092909,338571.68844758655,Significant Shortfall
C00188,V00434,Brock-Stone,MRO,2023-08-11,2027-08-10,0.156,Net 30,True,Active,4.0,1993396.92,17,89930.5,16622.2250984515,0.008338642912,1976774.6949015486,Significant Shortfall
C00189,V00020,Lewis-Porter,MRO,2022-10-29,2025-10-28,0.139,Net 45,False,Expired,3.0,1359609.78,9,19823.49,3200.30791276914,0.002353842963,1356409.4720872308,Significant Shortfall
C00190,V00323,Jacobs-Mason,Marketing,2024-06-09,2027-06-09,0.126,Net 30,True,Active,3.0,1200423.69,6,25383.04,3659.3398696704,0.003048373587,1196764.3501303296,Significant Shortfall
C00191,V00323,Jacobs-Mason,Marketing,2024-06-06,2027-06-06,0.101,Net 30,True,Active,3.0,1094244.15,5,22362.73,2512.38679017196,0.00229600203,1091731.763209828,Significant Shortfall
C00192,V00323,Jacobs-Mason,Marketing,2024-03-26,2028-03-25,0.214,Net 15,True,Active,4.0,774917.76,6,27009.56,7353.74788687236,0.009489713963,767564.0121131276,Significant Shortfall
C00193,V00333,"Fletcher, Miller and Hansen",IT Services,2024-04-17,2027-04-17,0.23,Net 30,True,Active,3.0,312993.21,7,234197.21,69955.01084917579,0.22350328574,243038.19915082422,Significant Shortfall
C00194,V00333,"Fletcher, Miller and Hansen",IT Services,2022-07-29,2024-07-28,0.083,Net 30,False,Expired,2.0,957150.68,4,125119.41,11324.87572752081,0.011831863012,945825.8042724791,Significant Shortfall
C00195,V00057,"Higgins, Moore and Phillips",Facilities,2024-04-01,2026-04-01,0.184,Net 15,False,Expired,2.0,778110.62,8,196648.97,44342.41478849812,0.056987289016,733768.2052115019,Significant Shortfall
C00196,V00057,"Higgins, Moore and Phillips",Facilities,2023-09-23,2025-09-22,0.091,Net 15,False,Expired,2.0,832173.7,5,54334.88,5439.46543448368,0.00653645439,826734.2345655164,Significant Shortfall
C00197,V00302,Thompson-James,Travel,2023-06-01,2025-05-31,0.199,Net 15,False,Expired,2.0,170679.48,1,5672.11,1409.17589441161,0.008256270141,169270.30410558838,Significant Shortfall
C00198,V00302,Thompson-James,Travel,2022-09-04,2025-09-03,0.058,Net 45,False,Expired,3.0,137674.59,6,20834.27,1282.78944245375,0.009317546851,136391.80055754626,Significant Shortfall
C00199,V00230,Rodriguez-James,Marketing,2024-04-21,2028-04-20,0.064,Net 60,True,Active,4.0,1650373.88,1,7091.66,484.89982639288,0.000293812107,1649888.9801736071,Significant Shortfall
C00200,V00230,Rodriguez-James,Marketing,2023-09-16,2026-09-15,0.128,Net 15,False,Expired,3.0,956419.38,6,30788.9,4519.4715649999,0.004725407765,951899.9084350001,Significant Shortfall
C00201,V00332,Ponce-Hale,Raw Materials,2022-09-13,2025-09-12,0.185,Net 30,False,Expired,3.0,816206.52,5,67467.55,15314.71993658075,0.01876329037,800891.8000634193,Significant Shortfall
C00202,V00133,Murphy-Juarez,Logistics,2023-05-10,2027-05-09,0.059,Net 60,True,Active,4.0,1702572.44,0,0.0,0.0,0.0,1702572.44,Unused Contract
C00203,V00133,Murphy-Juarez,Logistics,2023-08-23,2027-08-22,0.071,Net 60,True,Active,4.0,1582308.12,2,81352.84,6217.4937083426,0.003929382419,1576090.6262916573,Significant Shortfall
C00204,V00138,Marshall LLC,Facilities,2022-06-13,2025-06-12,0.203,Net 15,False,Expired,3.0,673383.93,4,24793.73,6315.09056994712,0.009378142674,667068.8394300529,Significant Shortfall
C00205,V00138,Marshall LLC,Facilities,2024-02-14,2026-02-13,0.145,Net 45,False,Expired,2.0,542798.4,12,69178.71,11732.06191081053,0.021614031859,531066.3380891895,Significant Shortfall
C00206,V00424,Wagner-Levy,Professional Services,2022-01-15,2026-01-14,0.109,Net 60,False,Expired,4.0,1282729.52,9,382945.9,46847.4783539304,0.036521712195,1235882.0416460696,Significant Shortfall
C00207,V00424,Wagner-Levy,Professional Services,2022-07-08,2025-07-07,0.241,Net 45,False,Expired,3.0,46390.8,3,204166.66,64827.62202067962,1.397424101776,-18436.82202067962,On Track
C00208,V00336,"Cox, Cox and White",Marketing,2022-05-12,2024-05-11,0.165,Net 30,False,Expired,2.0,406200.06,0,0.0,0.0,0.0,406200.06,Unused Contract
C00209,V00026,James-Ferrell,Facilities,2024-01-18,2027-01-17,0.092,Net 45,True,Active,3.0,1361273.19,11,52351.34,5304.32079802524,0.003896588016,1355968.8692019747,Significant Shortfall
C00210,V00465,French-Lopez,Raw Materials,2024-01-18,2026-01-17,0.173,Net 30,False,Expired,2.0,267686.94,11,146728.01,30694.00937560243,0.114663828484,236992.93062439756,Significant Shortfall
C00211,V00282,Cain-Hawkins,Professional Services,2024-04-26,2028-04-25,0.22,Net 15,True,Active,4.0,1708719.92,13,385440.61,108714.01818536202,0.063623076499,1600005.901814638,Significant Shortfall
C00212,V00248,Leonard Group,Raw Materials,2022-09-30,2024-09-29,0.108,Net 30,False,Expired,2.0,86015.5,3,21734.02,2631.47326954666,0.030593012533,83384.02673045333,Significant Shortfall
C00213,V00248,Leonard Group,Raw Materials,2023-05-29,2025-05-28,0.195,Net 60,False,Expired,2.0,497446.6,9,119887.7,29041.1198943925,0.058380376696,468405.4801056075,Significant Shortfall
C00214,V00238,"Anderson, Browning and Murphy",Raw Materials,2023-06-01,2025-05-31,0.07,Net 45,False,Expired,2.0,627125.46,5,81570.75,6139.73385430275,0.009790280009,620985.7261456973,Significant Shortfall
C00215,V00118,"Washington, Allen and Gonzales",Raw Materials,2024-02-13,2027-02-12,0.116,Net 45,True,Active,3.0,999350.7,10,233408.0,30628.198988352,0.030648098799,968722.501011648,Significant Shortfall
C00216,V00043,"Brown, Jones and Johnson",Professional Services,2023-09-09,2026-09-08,0.212,Net 45,False,Expired,3.0,1439228.61,7,195369.45,52561.32411266685,0.036520483089,1386667.285887333,Significant Shortfall
C00217,V00043,"Brown, Jones and Johnson",Professional Services,2023-05-08,2025-05-07,0.113,Net 15,False,Expired,2.0,789946.9,2,20914.39,2664.40368875324,0.003372889607,787282.4963112468,Significant Shortfall
C00218,V00221,"Padilla, Garcia and Jackson",Raw Materials,2022-12-16,2025-12-15,0.077,Net 15,False,Expired,3.0,1107470.01,12,240749.87,20084.22542917953,0.018135231878,1087385.7845708204,Significant Shortfall
C00219,V00177,Smith Group,Marketing,2023-11-05,2026-11-04,0.205,Net 30,True,Expiring in 60 days,3.0,745847.94,7,76085.06,19619.4179706731,0.026304849713,726228.5220293269,Significant Shortfall
C00220,V00177,Smith Group,Marketing,2023-12-22,2025-12-21,0.179,Net 60,False,Expired,2.0,100334.22,6,41075.98,8955.66435303606,0.089258324359,91378.55564696394,Significant Shortfall
C00221,V00321,"Cruz, Carpenter and Best",Capital Equipment,2023-09-20,2025-09-19,0.228,Net 30,False,Expired,2.0,212503.3,2,68349.34,20186.07453751992,0.094991816774,192317.22546248007,Significant Shortfall
C00222,V00321,"Cruz, Carpenter and Best",Capital Equipment,2022-03-13,2024-03-12,0.228,Net 30,False,Expired,2.0,852595.52,0,0.0,0.0,0.0,852595.52,Unused Contract
C00223,V00321,"Cruz, Carpenter and Best",Capital Equipment,2023-11-11,2027-11-10,0.166,Net 45,True,Active,4.0,1547632.48,4,324035.3,64496.2346470751,0.041674128374,1483136.2453529248,Significant Shortfall
C00224,V00154,Allen Group,Raw Materials,2022-11-12,2026-11-11,0.102,Net 15,True,Expiring in 60 days,4.0,1792212.44,9,115043.02,13067.24724879292,0.007291126296,1779145.1927512072,Significant Shortfall
C00225,V00154,Allen Group,Raw Materials,2022-03-30,2024-03-29,0.123,Net 60,False,Expired,2.0,238840.52,0,0.0,0.0,0.0,238840.52,Unused Contract
C00226,V00154,Allen Group,Raw Materials,2022-07-31,2024-07-30,0.143,Net 15,False,Expired,2.0,520203.76,2,18886.29,3151.38795531576,0.006057987653,517052.37204468425,Significant Shortfall
C00227,V00232,"Foster, Smith and Grimes",IT Services,2022-03-11,2024-03-10,0.183,Net 45,False,Expired,2.0,851022.2,0,0.0,0.0,0.0,851022.2,Unused Contract
C00228,V00228,Huerta-Evans,Professional Services,2023-07-06,2025-07-05,0.139,Net 45,False,Expired,2.0,195562.28,2,44315.41,7154.28803306626,0.03658316948,188407.99196693374,Significant Shortfall
C00229,V00228,Huerta-Evans,Professional Services,2023-07-14,2026-07-13,0.238,Net 15,False,Expired,3.0,89417.13,6,295806.62,92391.04404044196,1.033258884964,-2973.91404044196,On Track
C00230,V00418,Hester-Anderson,Professional Services,2023-06-27,2026-06-26,0.124,Net 45,False,Expired,3.0,92928.42,10,146966.47,20803.47286130617,0.22386556084,72124.94713869382,Significant Shortfall
C00231,V00204,"Thomas, Lee and Greene",IT Services,2024-06-01,2027-06-01,0.128,Net 30,True,Active,3.0,1379315.85,7,158662.82,23289.95525701462,0.016885150168,1356025.8947429855,Significant Shortfall
C00232,V00204,"Thomas, Lee and Greene",IT Services,2022-10-25,2024-10-24,0.246,Net 60,False,Expired,2.0,337589.68,2,26186.95,8543.75291909165,0.025308098633,329045.9270809083,Significant Shortfall
C00233,V00127,Freeman LLC,Raw Materials,2023-08-01,2026-07-31,0.166,Net 15,False,Expired,3.0,868135.41,3,18063.22,3595.31716328974,0.004141424393,864540.0928367103,Significant Shortfall
C00234,V00127,Freeman LLC,Raw Materials,2023-12-15,2026-12-14,0.123,Net 30,True,Expiring in 90 days,3.0,990404.73,2,15524.15,2177.27531064825,0.002198369257,988227.4546893517,Significant Shortfall
C00235,V00127,Freeman LLC,Raw Materials,2023-02-15,2027-02-14,0.1,Net 45,True,Active,4.0,1946441.24,6,112380.75,12486.74998751325,0.006415169249,1933954.4900124867,Significant Shortfall
C00236,V00330,"York, Brandt and Morrison",Professional Services,2022-07-27,2025-07-26,0.213,Net 15,False,Expired,3.0,537197.52,1,1397.33,378.1846117599,0.000703995454,536819.33538824,Significant Shortfall
C00237,V00330,"York, Brandt and Morrison",Professional Services,2023-05-19,2027-05-18,0.051,Net 15,True,Active,4.0,1768787.12,8,147758.26,7940.6441438428,0.004489315901,1760846.4758561573,Significant Shortfall
C00238,V00032,"Lynch, Hernandez and Farmer",Logistics,2022-12-09,2024-12-08,0.153,Net 45,False,Expired,2.0,295193.32,4,29679.14,5361.16695763216,0.018161545653,289832.15304236783,Significant Shortfall
C00239,V00114,Contreras-Travis,Marketing,2022-06-19,2025-06-18,0.17,Net 45,False,Expired,3.0,1230923.97,6,13213.79,2706.43891422983,0.002198705184,1228217.53108577,Significant Shortfall
C00240,V00471,Bradley-Todd,IT Services,2023-06-18,2026-06-17,0.194,Net 15,False,Expired,3.0,737829.48,5,95294.54,22936.89919815206,0.031086992076,714892.580801848,Significant Shortfall
C00241,V00471,Bradley-Todd,IT Services,2022-12-13,2025-12-12,0.092,Net 15,False,Expired,3.0,267032.01,7,81921.43,8300.40921498798,0.031083948381,258731.600785012,Significant Shortfall
C00242,V00272,Boone-Simmons,Professional Services,2023-12-05,2025-12-04,0.076,Net 45,False,Expired,2.0,600500.7,11,339533.74,27927.01749050668,0.04650621971,572573.6825094933,Significant Shortfall
C00243,V00141,Johnston-Odonnell,Professional Services,2022-09-27,2024-09-26,0.228,Net 45,False,Expired,2.0,163927.8,2,30492.75,9005.630842287,0.054936568674,154922.169157713,Significant Shortfall
C00244,V00141,Johnston-Odonnell,Professional Services,2022-08-13,2025-08-12,0.234,Net 15,False,Expired,3.0,789461.82,4,209745.5,64073.6906591195,0.081161227859,725388.1293408806,Significant Shortfall
C00245,V00058,"Fitzgerald, Brown and Edwards",IT Services,2022-03-08,2026-03-07,0.178,Net 60,False,Expired,4.0,1761877.6,4,61297.62,13273.69385847144,0.007533834279,1748603.9061415286,Significant Shortfall
C00246,V00058,"Fitzgerald, Brown and Edwards",IT Services,2022-09-02,2024-09-01,0.093,Net 15,False,Expired,2.0,614395.38,0,0.0,0.0,0.0,614395.38,Unused Contract
C00247,V00193,Gibson LLC,Capital Equipment,2022-12-13,2024-12-12,0.094,Net 45,False,Expired,2.0,422551.52,2,28943.47,3002.96486753373,0.007106742552,419548.55513246625,Significant Shortfall
C00248,V00193,Gibson LLC,Capital Equipment,2023-12-16,2027-12-15,0.214,Net 60,True,Active,4.0,396492.92,4,111235.0,30285.356229285,0.076383094632,366207.563770715,Significant Shortfall
C00249,V00193,Gibson LLC,Capital Equipment,2022-05-21,2024-05-20,0.195,Net 15,False,Expired,2.0,355817.84,0,0.0,0.0,0.0,355817.84,Unused Contract
C00250,V00025,Conner Group,Logistics,2022-12-21,2024-12-20,0.096,Net 30,False,Expired,2.0,397752.64,2,17548.38,1863.5447741022,0.00468518518,395889.0952258978,Significant Shortfall
C00251,V00025,Conner Group,Logistics,2022-11-25,2024-11-24,0.09,Net 15,False,Expired,2.0,862399.86,1,9537.77,943.29593500923,0.001093803442,861456.5640649907,Significant Shortfall
C00252,V00018,Underwood LLC,Raw Materials,2022-03-25,2026-03-24,0.069,Net 30,False,Expired,4.0,972703.6,4,39906.9,2957.6542400064,0.003040653124,969745.9457599936,Significant Shortfall
C00253,V00018,Underwood LLC,Raw Materials,2024-05-09,2028-05-08,0.151,Net 15,True,Active,4.0,270332.16,4,60030.87,10676.86854404274,0.039495369489,259655.29145595725,Significant Shortfall
C00254,V00018,Underwood LLC,Raw Materials,2023-02-10,2025-02-09,0.23,Net 30,False,Expired,2.0,548500.26,3,30155.48,9007.48104796852,0.016422017827,539492.7789520315,Significant Shortfall
C00255,V00266,Rodriguez Inc,MRO,2023-11-25,2026-11-24,0.154,Net 30,True,Expiring in 90 days,3.0,574454.85,9,21367.02,3889.50482426094,0.0067707755,570565.345175739,Significant Shortfall
C00256,V00266,Rodriguez Inc,MRO,2022-04-04,2026-04-03,0.136,Net 15,False,Expired,4.0,1879306.4,4,9621.7,1514.5268479319,0.000805896712,1877791.8731520681,Significant Shortfall
C00257,V00266,Rodriguez Inc,MRO,2022-03-21,2025-03-20,0.12,Net 30,False,Expired,3.0,1212792.93,2,16746.14,2283.56453936504,0.001882897305,1210509.365460635,Significant Shortfall
C00258,V00067,Medina PLC,Logistics,2023-01-28,2026-01-27,0.145,Net 30,False,Expired,3.0,371793.96,4,29527.53,5007.59279890179,0.013468730904,366786.3672010982,Significant Shortfall
C00259,V00067,Medina PLC,Logistics,2023-05-23,2026-05-22,0.17,Net 60,False,Expired,3.0,829284.6,3,69882.39,14313.26059483203,0.017259768956,814971.339405168,Significant Shortfall
C00260,V00209,Cook-Hines,Logistics,2023-04-12,2025-04-11,0.166,Net 30,False,Expired,2.0,135472.04,2,15531.57,3091.41560551419,0.022819584067,132380.6243944858,Significant Shortfall
C00261,V00480,Mendez-Robinson,IT Services,2022-04-05,2024-04-04,0.188,Net 60,False,Expired,2.0,329583.68,2,73161.9,16938.9620985186,0.051395026897,312644.7179014814,Significant Shortfall
C00262,V00095,"Lee, Williams and Graham",Marketing,2022-03-23,2025-03-22,0.18,Net 15,False,Expired,3.0,402840.12,6,61858.32,13578.6556022124,0.033707307014,389261.4643977876,Significant Shortfall
C00263,V00254,"Barnes, Newton and Moore",IT Services,2023-05-20,2027-05-19,0.105,Net 45,True,Active,4.0,1373987.2,5,86924.3,10197.8229263948,0.00742206545,1363789.3770736053,Significant Shortfall
C00264,V00254,"Barnes, Newton and Moore",IT Services,2023-06-28,2026-06-27,0.16,Net 45,False,Expired,3.0,849617.13,4,40474.91,7709.5066473929,0.009074095113,841907.6233526071,Significant Shortfall
C00265,V00267,Tyler-Young,Professional Services,2023-12-16,2027-12-15,0.147,Net 60,True,Active,4.0,1977476.2,12,280615.81,48359.34838962883,0.024455084916,1929116.8516103711,Significant Shortfall
C00266,V00024,Campos Inc,IT Services,2024-02-26,2027-02-25,0.197,Net 30,True,Active,3.0,1286848.41,5,128773.46,31591.99448708152,0.024549895886,1255256.4155129185,Significant Shortfall
C00267,V00024,Campos Inc,IT Services,2022-01-12,2024-01-12,0.139,Net 45,False,Expired,2.0,705325.22,0,0.0,0.0,0.0,705325.22,Unused Contract
C00268,V00223,Jordan-Sanchez,Professional Services,2023-01-12,2027-01-11,0.13,Net 30,True,Active,4.0,703338.16,11,345535.36,51631.72033664832,0.073409525137,651706.4396633516,Significant Shortfall
C00269,V00262,Buchanan and Sons,Logistics,2023-12-11,2025-12-10,0.211,Net 15,False,Expired,2.0,826790.36,2,65781.02,17591.62892660546,0.021277012623,809198.7310733945,Significant Shortfall
C00270,V00427,Khan Ltd,MRO,2023-10-23,2026-10-22,0.068,Net 60,True,Expiring in 60 days,3.0,416745.24,0,0.0,0.0,0.0,416745.24,Unused Contract
C00271,V00427,Khan Ltd,MRO,2023-05-25,2025-05-24,0.172,Net 15,False,Expired,2.0,730004.82,2,4826.97,1002.70391497893,0.001373557938,729002.116085021,Significant Shortfall
C00272,V00427,Khan Ltd,MRO,2024-06-23,2028-06-22,0.181,Net 30,True,Active,4.0,601479.68,3,16878.12,3730.08512818452,0.006201514785,597749.5948718155,Significant Shortfall
C00273,V00006,Blake and Sons,Professional Services,2022-08-10,2024-08-09,0.178,Net 45,False,Expired,2.0,450192.6,0,0.0,0.0,0.0,450192.6,Unused Contract
C00274,V00006,Blake and Sons,Professional Services,2023-04-20,2027-04-19,0.107,Net 45,True,Active,4.0,105874.32,9,221393.49,26527.55150700321,0.250556995379,79346.7684929968,Significant Shortfall
C00275,V00006,Blake and Sons,Professional Services,2023-09-17,2027-09-16,0.084,Net 45,True,Active,4.0,110679.84,1,29637.48,2717.84751777636,0.024555940068,107961.99248222364,Significant Shortfall
C00276,V00117,Larsen LLC,IT Services,2022-06-04,2024-06-03,0.067,Net 15,False,Expired,2.0,290418.14,0,0.0,0.0,0.0,290418.14,Unused Contract
C00277,V00117,Larsen LLC,IT Services,2022-09-02,2025-09-01,0.184,Net 45,False,Expired,3.0,626012.91,6,199651.88,45019.54155296848,0.071914717466,580993.3684470315,Significant Shortfall
C00278,V00046,Davis Group,Capital Equipment,2022-09-02,2024-09-01,0.234,Net 60,False,Expired,2.0,558600.8,0,0.0,0.0,0.0,558600.8,Unused Contract
C00279,V00046,Davis Group,Capital Equipment,2022-05-13,2025-05-12,0.243,Net 45,False,Expired,3.0,436466.55,1,64352.03,20657.25665709489,0.047328384402,415809.2933429051,Significant Shortfall
C00280,V00017,"Hawkins, Cohen and Cameron",Raw Materials,2022-06-02,2025-06-01,0.165,Net 15,False,Expired,3.0,413828.04,4,21257.66,4200.6154401914,0.010150630296,409627.4245598086,Significant Shortfall
C00281,V00017,"Hawkins, Cohen and Cameron",Raw Materials,2022-09-09,2026-09-08,0.071,Net 60,False,Expired,4.0,181876.52,8,109992.88,8406.3449949932,0.046220067302,173470.1750050068,Significant Shortfall
C00282,V00463,"Jefferson, Johnson and Dorsey",IT Services,2022-10-01,2024-09-30,0.211,Net 60,False,Expired,2.0,957575.16,3,87604.04,23427.69638037692,0.024465647564,934147.4636196231,Significant Shortfall
C00283,V00358,Conley PLC,Logistics,2023-12-15,2026-12-14,0.163,Net 60,True,Expiring in 90 days,3.0,1161851.76,3,35885.0,6988.35722005,0.006014844114,1154863.40277995,Significant Shortfall
C00284,V00358,Conley PLC,Logistics,2022-11-25,2025-11-24,0.186,Net 30,False,Expired,3.0,1347890.01,5,82540.78,18860.66967261862,0.013992736449,1329029.3403273814,Significant Shortfall
C00285,V00004,"Johnson, Gonzalez and Santos",Professional Services,2024-05-10,2027-05-10,0.064,Net 45,True,Active,3.0,961482.84,4,115438.08,7893.20200786944,0.008209404973,953589.6379921306,Significant Shortfall
C00286,V00004,"Johnson, Gonzalez and Santos",Professional Services,2023-10-19,2025-10-18,0.21,Net 60,False,Expired,2.0,424177.46,6,165907.79,44102.07079099515,0.103970802199,380075.3892090049,Significant Shortfall
C00287,V00219,"Johnson, Jones and Welch",IT Services,2023-03-28,2025-03-27,0.19,Net 60,False,Expired,2.0,278082.7,2,143207.52,33591.88737381552,0.120798191954,244490.8126261845,Significant Shortfall
C00288,V00219,"Johnson, Jones and Welch",IT Services,2023-07-16,2025-07-15,0.13,Net 60,False,Expired,2.0,753812.36,0,0.0,0.0,0.0,753812.36,Unused Contract
C00289,V00406,Martin Ltd,Logistics,2023-02-22,2025-02-21,0.145,Net 60,False,Expired,2.0,366467.16,4,50892.14,8630.83074624602,0.023551443863,357836.329253754,Significant Shortfall
C00290,V00061,Powell PLC,Raw Materials,2022-05-04,2024-05-03,0.15,Net 45,False,Expired,2.0,215673.2,2,34640.83,6113.08763890804,0.02834421541,209560.11236109195,Significant Shortfall
C00291,V00111,Stafford Inc,Facilities,2022-01-07,2024-01-07,0.096,Net 60,False,Expired,2.0,838241.68,0,0.0,0.0,0.0,838241.68,Unused Contract
C00292,V00111,Stafford Inc,Facilities,2022-12-27,2024-12-26,0.206,Net 30,False,Expired,2.0,137480.92,2,9862.04,2558.66529136176,0.018611057384,134922.25470863824,Significant Shortfall
C00293,V00111,Stafford Inc,Facilities,2024-02-06,2027-02-05,0.173,Net 30,True,Active,3.0,1153438.98,6,20455.42,4279.06609829906,0.003709833093,1149159.9139017009,Significant Shortfall
C00294,V00319,Hayes-Brown,Marketing,2022-12-13,2025-12-12,0.174,Net 60,False,Expired,3.0,753740.37,2,12875.01,2712.16917641253,0.003598280369,751028.2008235875,Significant Shortfall
C00295,V00319,Hayes-Brown,Marketing,2024-02-25,2027-02-24,0.087,Net 60,True,Active,3.0,1153465.62,3,8244.05,785.5776020006,0.000681058532,1152680.0423979994,Significant Shortfall
C00296,V00319,Hayes-Brown,Marketing,2023-02-06,2026-02-05,0.094,Net 30,False,Expired,3.0,877697.82,4,19629.05,2036.56809404895,0.00232035223,875661.2519059511,Significant Shortfall
C00297,V00429,Cox LLC,IT Services,2023-01-28,2026-01-27,0.146,Net 60,False,Expired,3.0,824928.87,4,210053.74,35910.82667044938,0.043532028004,789018.0433295507,Significant Shortfall
C00298,V00429,Cox LLC,IT Services,2024-01-21,2027-01-20,0.222,Net 15,True,Active,3.0,1170578.82,4,20661.78,5895.77784677832,0.005036634651,1164683.0421532218,Significant Shortfall
C00299,V00030,Stanton-Gill,Raw Materials,2023-08-17,2027-08-16,0.142,Net 30,True,Active,4.0,1390852.68,6,56346.59,9325.42634512394,0.006704826815,1381527.253654876,Significant Shortfall
C00300,V00030,Stanton-Gill,Raw Materials,2023-06-26,2025-06-25,0.126,Net 60,False,Expired,2.0,118732.86,2,14412.79,2077.8164112804,0.017499927242,116655.0435887196,Significant Shortfall
C00301,V00030,Stanton-Gill,Raw Materials,2022-10-01,2026-09-30,0.222,Net 60,True,Expiring in 30 days,4.0,406818.8,5,90438.93,25806.48133802292,0.063434829801,381012.3186619771,Significant Shortfall
C00302,V00438,Nunez-Whitney,Capital Equipment,2023-07-04,2026-07-03,0.242,Net 45,False,Expired,3.0,534351.81,5,355305.91,113435.39616797474,0.212285977225,420916.41383202525,Significant Shortfall
C00303,V00472,"Prince, Wilcox and Robertson",Professional Services,2023-09-26,2025-09-25,0.134,Net 60,False,Expired,2.0,757151.84,5,78109.2,12086.1810556812,0.015962691256,745065.6589443188,Significant Shortfall
C00304,V00472,"Prince, Wilcox and Robertson",Professional Services,2023-03-13,2026-03-12,0.106,Net 45,False,Expired,3.0,294437.16,4,143394.16,17001.99217371928,0.057744043495,277435.1678262807,Significant Shortfall
C00305,V00027,"Valencia, Smith and Le",Capital Equipment,2022-06-11,2024-06-10,0.213,Net 45,False,Expired,2.0,726399.16,1,100018.13,27069.7098487839,0.037265612819,699329.4501512161,Significant Shortfall
C00306,V00027,"Valencia, Smith and Le",Capital Equipment,2022-12-29,2026-12-28,0.136,Net 45,True,Active,4.0,786531.44,3,212341.56,33424.13435793492,0.042495611311,753107.3056420651,Significant Shortfall
C00307,V00027,"Valencia, Smith and Le",Capital Equipment,2022-10-18,2024-10-17,0.145,Net 15,False,Expired,2.0,29547.44,1,37175.21,6304.56776756003,0.213371032061,23242.87223243997,Significant Shortfall
C00308,V00008,Davis Inc,IT Services,2023-11-01,2027-10-31,0.157,Net 15,True,Active,4.0,658825.4,5,168271.46,31338.8127672452,0.047567705749,627486.5872327548,Significant Shortfall
C00309,V00008,Davis Inc,IT Services,2023-07-31,2026-07-30,0.1,Net 30,False,Expired,3.0,1291997.91,5,184690.56,20521.17331281216,0.015883286772,1271476.7366871878,Significant Shortfall
C00310,V00454,Williams-Moses,Raw Materials,2024-05-31,2026-05-31,0.062,Net 15,False,Expired,2.0,817541.7,11,217043.88,14346.18396079428,0.017547953775,803195.5160392057,Significant Shortfall
C00311,V00109,Gibson Ltd,Travel,2023-12-14,2025-12-13,0.14,Net 60,False,Expired,2.0,347963.4,6,25842.19,4206.86814794862,0.012089973106,343756.5318520514,Significant Shortfall
C00312,V00109,Gibson Ltd,Travel,2022-10-24,2025-10-23,0.162,Net 60,False,Expired,3.0,1399811.52,4,12493.04,2415.12228574288,0.001725319624,1397396.397714257,Significant Shortfall
C00313,V00109,Gibson Ltd,Travel,2022-09-13,2025-09-12,0.054,Net 45,False,Expired,3.0,208219.11,5,12056.82,688.23284892264,0.003305329895,207530.87715107735,Significant Shortfall
C00314,V00038,Rose-Obrien,Raw Materials,2023-12-17,2027-12-16,0.085,Net 60,True,Active,4.0,1569405.84,12,153225.27,14234.04149634225,0.00906970086,1555171.7985036578,Significant Shortfall
C00315,V00038,Rose-Obrien,Raw Materials,2022-11-29,2025-11-28,0.185,Net 15,False,Expired,3.0,746615.79,5,43706.65,9921.14140970225,0.013288148392,736694.6485902978,Significant Shortfall
C00316,V00158,Coleman-Reese,Travel,2024-04-29,2027-04-29,0.173,Net 45,True,Active,3.0,711715.56,10,69136.76,14462.70796992868,0.020320910182,697252.8520300713,Significant Shortfall
C00317,V00158,Coleman-Reese,Travel,2022-07-02,2024-07-01,0.178,Net 15,False,Expired,2.0,929995.34,3,21684.47,4695.66381636364,0.005049126178,925299.6761836364,Significant Shortfall
C00318,V00158,Coleman-Reese,Travel,2024-06-27,2028-06-26,0.164,Net 30,True,Active,4.0,1703845.52,4,15715.54,3082.95282604946,0.001809408652,1700762.5671739506,Significant Shortfall
C00319,V00490,Scott-Smith,Marketing,2022-06-13,2025-06-12,0.096,Net 60,False,Expired,3.0,495811.02,8,51338.99,5451.9281279631,0.010995980138,490359.0918720369,Significant Shortfall
C00320,V00119,Nelson LLC,IT Services,2023-12-01,2027-11-30,0.179,Net 15,True,Active,4.0,571646.28,8,221527.3,48298.8876670581,0.084490863243,523347.3923329419,Significant Shortfall
C00321,V00119,Nelson LLC,IT Services,2022-01-25,2025-01-24,0.2,Net 15,False,Expired,3.0,795775.47,0,0.0,0.0,0.0,795775.47,Unused Contract
C00322,V00115,Salazar-Ball,Logistics,2023-10-25,2025-10-24,0.221,Net 45,False,Expired,2.0,142539.12,2,22654.0,6426.872902738,0.0450884845,136112.247097262,Significant Shortfall
C00323,V00115,Salazar-Ball,Logistics,2024-05-09,2027-05-09,0.238,Net 30,True,Active,3.0,1060024.47,1,11824.25,3693.1384513815,0.003484012451,1056331.3315486184,Significant Shortfall
C00324,V00176,Moore and Sons,IT Services,2022-07-10,2025-07-09,0.071,Net 15,False,Expired,3.0,123774.84,4,108480.8,8290.782368212,0.066982775887,115484.057631788,Significant Shortfall
C00325,V00374,"Kennedy, Johnson and Lucas",Logistics,2023-12-28,2025-12-27,0.204,Net 30,False,Expired,2.0,533503.14,3,71810.78,18403.76773616746,0.034496081384,515099.37226383254,Significant Shortfall
C00326,V00374,"Kennedy, Johnson and Lucas",Logistics,2024-01-28,2026-01-27,0.102,Net 15,False,Expired,2.0,172168.88,5,92685.93,10527.80050275378,0.061148103552,161641.07949724622,Significant Shortfall
C00327,V00182,Brown LLC,Raw Materials,2022-03-05,2024-03-04,0.198,Net 45,False,Expired,2.0,454297.22,0,0.0,0.0,0.0,454297.22,Unused Contract
C00328,V00145,"Holland, Smith and Fisher",Professional Services,2024-02-12,2026-02-11,0.056,Net 60,False,Expired,2.0,670278.16,18,560361.72,33241.79700613848,0.049594032731,637036.3629938615,Significant Shortfall
C00329,V00370,"Thompson, Maxwell and Marshall",Logistics,2023-12-26,2026-12-25,0.245,Net 60,True,Active,3.0,824658.72,3,63976.75,20760.66720201925,0.025174859246,803898.0527979807,Significant Shortfall
C00330,V00370,"Thompson, Maxwell and Marshall",Logistics,2023-09-06,2027-09-05,0.139,Net 45,True,Active,4.0,1940302.84,5,54300.96,8766.35708237856,0.004518035485,1931536.4829176215,Significant Shortfall
C00331,V00370,"Thompson, Maxwell and Marshall",Logistics,2022-05-07,2026-05-06,0.17,Net 15,False,Expired,4.0,1276853.16,2,39865.14,8165.14915230378,0.006394744054,1268688.0108476963,Significant Shortfall
C00332,V00391,Holmes-Mcintyre,Professional Services,2022-10-03,2026-10-02,0.112,Net 45,True,Expiring in 30 days,4.0,720449.88,7,275992.01,34809.80302825326,0.048316758729,685640.0769717467,Significant Shortfall
C00333,V00391,Holmes-Mcintyre,Professional Services,2022-08-19,2024-08-18,0.138,Net 60,False,Expired,2.0,378467.66,1,40562.87,6493.82371827609,0.017158199774,371973.8362817239,Significant Shortfall
C00334,V00196,Lopez LLC,MRO,2022-05-21,2024-05-20,0.05,Net 45,False,Expired,2.0,819072.2,2,11912.31,626.96368483749,0.000765455945,818445.2363151625,Significant Shortfall
C00335,V00405,Guerra PLC,Raw Materials,2023-01-21,2026-01-20,0.157,Net 15,False,Expired,3.0,1041021.84,9,113387.15,21117.179728883,0.020285049667,1019904.660271117,Significant Shortfall
C00336,V00276,"Jacobs, Garcia and Miles",Capital Equipment,2022-12-10,2025-12-09,0.11,Net 60,False,Expired,3.0,1155827.73,2,1045510.93,129220.45242188057,0.111799058863,1026607.2775781194,Significant Shortfall
C00337,V00276,"Jacobs, Garcia and Miles",Capital Equipment,2023-02-14,2027-02-13,0.096,Net 60,True,Active,4.0,54147.24,4,112585.51,11955.9833329419,0.220805037024,42191.2566670581,Significant Shortfall
C00338,V00276,"Jacobs, Garcia and Miles",Capital Equipment,2023-06-29,2025-06-28,0.132,Net 15,False,Expired,2.0,569343.28,1,14641.8,2226.6331838394,0.003910879889,567116.6468161606,Significant Shortfall
C00339,V00455,Douglas-Burgess,Facilities,2023-06-15,2026-06-14,0.216,Net 30,False,Expired,3.0,354270.87,16,161674.46,44542.96345618984,0.125731374573,309727.90654381015,Significant Shortfall
C00340,V00142,"Gonzalez, Vargas and Rivas",Raw Materials,2023-05-02,2025-05-01,0.153,Net 60,False,Expired,2.0,803959.88,4,23594.82,4262.11033592208,0.005301396801,799697.7696640779,Significant Shortfall
C00341,V00142,"Gonzalez, Vargas and Rivas",Raw Materials,2024-04-21,2027-04-21,0.18,Net 60,True,Active,3.0,811958.07,7,129276.98,28377.8736427711,0.034949924992,783580.1963572289,Significant Shortfall
C00342,V00366,"Spencer, Myers and Harrison",Marketing,2024-03-03,2026-03-03,0.086,Net 15,False,Expired,2.0,303803.4,5,42655.89,4013.57390691456,0.013211089497,299789.82609308546,Significant Shortfall
C00343,V00366,"Spencer, Myers and Harrison",Marketing,2023-01-17,2027-01-16,0.141,Net 15,True,Active,4.0,1412926.28,4,27546.53,4521.60737179162,0.003200172179,1408404.6726282083,Significant Shortfall
C00344,V00068,Ibarra-Suarez,Professional Services,2022-02-03,2024-02-03,0.08,Net 30,False,Expired,2.0,970321.9,0,0.0,0.0,0.0,970321.9,Unused Contract
C00345,V00211,Hall-Rowe,MRO,2024-06-01,2026-06-01,0.106,Net 15,False,Expired,2.0,142538.42,10,128933.47,15287.41371245851,0.107251179804,127251.00628754149,Significant Shortfall
C00346,V00169,Vasquez-Ray,Capital Equipment,2023-10-02,2025-10-01,0.068,Net 45,False,Expired,2.0,34430.34,55,3786598.82,276275.4489073799,8.024185904275,-241845.10890737985,On Track
C00347,V00169,Vasquez-Ray,Capital Equipment,2024-01-11,2027-01-10,0.134,Net 15,True,Active,3.0,1185016.26,65,4861925.69,752307.2079679186,0.634849692246,432709.0520320814,Underperforming
C00348,V00494,"Good, Brewer and Fisher",Office Supplies,2023-06-25,2026-06-24,0.189,Net 30,False,Expired,3.0,76653.57,8,42388.05,9878.34952000515,0.128870051584,66775.22047999485,Significant Shortfall
C00349,V00494,"Good, Brewer and Fisher",Office Supplies,2024-04-13,2026-04-13,0.061,Net 30,False,Expired,2.0,780139.86,6,21929.58,1424.60529683508,0.001826089615,778715.2547031649,Significant Shortfall
C00350,V00494,"Good, Brewer and Fisher",Office Supplies,2022-04-10,2026-04-09,0.144,Net 60,False,Expired,4.0,416696.88,5,9888.21,1663.43719561479,0.003991959804,415033.4428043852,Significant Shortfall
C00351,V00376,Kim-Ross,Logistics,2022-08-15,2024-08-14,0.074,Net 45,False,Expired,2.0,772782.76,1,36260.12,2897.67697945284,0.003749665662,769885.0830205472,Significant Shortfall
C00352,V00376,Kim-Ross,Logistics,2023-08-29,2026-08-28,0.204,Net 30,False,Expired,3.0,681152.58,9,158453.23,40608.61672809461,0.059617504096,640543.9632719054,Significant Shortfall
C00353,V00376,Kim-Ross,Logistics,2022-06-01,2024-05-31,0.142,Net 45,False,Expired,2.0,775576.04,0,0.0,0.0,0.0,775576.04,Unused Contract
C00354,V00401,"Higgins, Fox and Hammond",Professional Services,2023-07-13,2026-07-12,0.237,Net 30,False,Expired,3.0,263158.8,1,10093.65,3135.2490874635,0.011913905549,260023.5509125365,Significant Shortfall
C00355,V00401,"Higgins, Fox and Hammond",Professional Services,2023-05-29,2027-05-28,0.154,Net 60,True,Active,4.0,536492.96,5,77732.22,14149.83674328534,0.026374692304,522343.12325671467,Significant Shortfall
C00356,V00273,"Browning, Jones and Miller",Office Supplies,2023-08-11,2025-08-10,0.223,Net 30,False,Expired,2.0,233432.48,12,66173.79,18991.96289566773,0.081359555858,214440.51710433228,Significant Shortfall
C00357,V00110,"Horton, Snyder and Sanchez",Professional Services,2023-08-13,2026-08-12,0.115,Net 60,False,Expired,3.0,276019.71,13,508463.48,66071.52573877043,0.239372491692,209948.18426122956,Significant Shortfall
C00358,V00249,"Murphy, Bishop and Holland",Professional Services,2024-05-30,2027-05-30,0.208,Net 30,True,Active,3.0,43126.89,5,156868.01,41197.65925054663,0.955266175014,1929.23074945337,On Track
C00359,V00249,"Murphy, Bishop and Holland",Professional Services,2022-10-30,2026-10-29,0.207,Net 45,True,Expiring in 60 days,4.0,971530.52,6,125998.57,32889.91676931136,0.033853714415,938640.6032306886,Significant Shortfall
C00360,V00146,Yu-Reid,Logistics,2023-12-27,2025-12-26,0.1,Net 60,False,Expired,2.0,509920.82,5,49730.14,5525.57110558554,0.010836135511,504395.24889441446,Significant Shortfall
C00361,V00093,Johnson-Carlson,MRO,2022-04-07,2024-04-06,0.062,Net 30,False,Expired,2.0,651683.4,1,2538.31,167.77741998311,0.000257452346,651515.6225800168,Significant Shortfall
C00362,V00093,Johnson-Carlson,MRO,2022-03-31,2024-03-30,0.148,Net 60,False,Expired,2.0,330404.76,1,1511.72,262.5992485424,0.000794780464,330142.1607514576,Significant Shortfall
C00363,V00093,Johnson-Carlson,MRO,2022-07-22,2025-07-21,0.197,Net 15,False,Expired,3.0,61388.67,9,48619.27,11927.76609253124,0.194299144981,49460.90390746876,Significant Shortfall
C00364,V00153,"Haynes, Hill and Smith",Professional Services,2023-11-12,2025-11-11,0.1,Net 15,False,Expired,2.0,58698.78,6,138389.83,15376.64776240113,0.261958557953,43322.13223759887,Significant Shortfall
C00365,V00368,Allen-Sandoval,IT Services,2023-05-24,2027-05-23,0.189,Net 45,True,Active,4.0,411960.64,196,6236558.78,1453402.72626122,3.528013565231,-1041442.0862612199,On Track
C00366,V00368,Allen-Sandoval,IT Services,2023-09-19,2027-09-18,0.12,Net 60,True,Active,4.0,1475508.72,171,4500954.17,613766.4760905621,0.415969399415,861742.2439094379,Significant Shortfall
C00367,V00468,"Daniels, Snyder and Mays",Raw Materials,2022-07-21,2026-07-20,0.233,Net 30,False,Expired,4.0,1126859.8,6,116559.76,35408.6363729684,0.031422397332,1091451.1636270315,Significant Shortfall
C00368,V00468,"Daniels, Snyder and Mays",Raw Materials,2022-12-07,2026-12-06,0.081,Net 60,True,Expiring in 90 days,4.0,619518.4,4,89340.51,7874.40840491382,0.012710531931,611643.9915950862,Significant Shortfall
C00369,V00468,"Daniels, Snyder and Mays",Raw Materials,2023-02-26,2027-02-25,0.123,Net 15,True,Active,4.0,41410.88,4,64423.7,9035.4790072635,0.218190944198,32375.4009927365,Significant Shortfall
C00370,V00084,White LLC,Professional Services,2023-09-12,2025-09-11,0.174,Net 45,False,Expired,2.0,376793.7,5,197955.92,41700.15747656776,0.110671058132,335093.54252343223,Significant Shortfall
C00371,V00084,White LLC,Professional Services,2023-09-21,2026-09-20,0.194,Net 15,True,Expiring in 30 days,3.0,997685.43,12,202207.36,48670.25784944704,0.048783169911,949015.172150553,Significant Shortfall
C00372,V00246,Gibson Ltd,Logistics,2022-05-18,2025-05-17,0.203,Net 60,False,Expired,3.0,256573.32,4,49991.91,12733.19663538504,0.04962790611,243840.12336461496,Significant Shortfall
C00373,V00166,"Oneill, Henry and Salas",Raw Materials,2024-06-27,2027-06-27,0.072,Net 30,True,Active,3.0,799104.78,13,146880.21,11395.87837726347,0.01426080617,787708.9016227365,Significant Shortfall
C00374,V00164,Erickson and Sons,Professional Services,2023-03-16,2025-03-15,0.086,Net 30,False,Expired,2.0,50648.28,5,131298.1,12354.0882205824,0.24391920556,38294.1917794176,Significant Shortfall
C00375,V00200,"Moore, Pierce and Tran",Professional Services,2022-09-27,2024-09-26,0.056,Net 15,False,Expired,2.0,648916.64,6,261161.69,15492.64265367746,0.023874626876,633423.9973463225,Significant Shortfall
C00376,V00200,"Moore, Pierce and Tran",Professional Services,2024-04-18,2027-04-18,0.155,Net 60,True,Active,3.0,1060931.61,7,405141.39,74315.87640883467,0.070047753982,986615.7335911653,Significant Shortfall
C00377,V00229,"Wright, Bruce and Gonzalez",IT Services,2022-03-20,2024-03-19,0.171,Net 45,False,Expired,2.0,89456.48,1,73579.66,15177.46909974988,0.169663160229,74279.01090025013,Significant Shortfall
C00378,V00075,Davis Group,Raw Materials,2024-01-28,2026-01-27,0.144,Net 60,False,Expired,2.0,646138.38,3,21414.68,3602.46953130932,0.005575383916,642535.9104686907,Significant Shortfall
C00379,V00075,Davis Group,Raw Materials,2023-10-28,2027-10-27,0.199,Net 60,True,Active,4.0,1785244.0,6,68245.89,16954.97144460639,0.009497285214,1768289.0285553937,Significant Shortfall
C00380,V00479,Vaughn-Fowler,Facilities,2022-11-14,2024-11-13,0.215,Net 30,False,Expired,2.0,280499.32,3,9028.29,2472.7163665515,0.008815409487,278026.6036334485,Significant Shortfall
C00381,V00479,Vaughn-Fowler,Facilities,2022-11-09,2024-11-08,0.217,Net 45,False,Expired,2.0,96376.66,2,2226.82,617.13913115856,0.006403408576,95759.52086884144,Significant Shortfall
C00382,V00359,"Rose, Rodriguez and Roberts",Professional Services,2023-12-16,2025-12-15,0.07,Net 15,False,Expired,2.0,246397.64,5,180468.9,13583.6806082913,0.05512910192,232813.9593917087,Significant Shortfall
C00383,V00359,"Rose, Rodriguez and Roberts",Professional Services,2023-04-20,2025-04-19,0.089,Net 45,False,Expired,2.0,663738.98,2,9147.3,893.6440190793,0.001346378691,662845.3359809207,Significant Shortfall
C00384,V00359,"Rose, Rodriguez and Roberts",Professional Services,2022-11-14,2026-11-13,0.2,Net 30,True,Expiring in 60 days,4.0,853761.8,5,84398.77,21099.6925,0.024713793121,832662.1075,Significant Shortfall
C00385,V00251,Williams Inc,IT Services,2022-03-30,2026-03-29,0.122,Net 15,False,Expired,4.0,939092.36,6,76533.38,10634.47876923432,0.011324209654,928457.8812307657,Significant Shortfall
C00386,V00251,Williams Inc,IT Services,2023-10-20,2025-10-19,0.083,Net 15,False,Expired,2.0,196788.6,5,80894.96,7322.00838369336,0.037207482464,189466.59161630663,Significant Shortfall
C00387,V00120,Taylor and Sons,Facilities,2023-02-17,2025-02-16,0.157,Net 60,False,Expired,2.0,607917.42,3,15318.43,2852.8985821966,0.004692904806,605064.5214178034,Significant Shortfall
C00388,V00120,Taylor and Sons,Facilities,2022-03-03,2025-03-02,0.16,Net 60,False,Expired,3.0,1495369.95,2,17599.89,3352.3599916191,0.002241826507,1492017.5900083808,Significant Shortfall
C00389,V00311,"Wilson, Hicks and Bullock",Professional Services,2022-02-10,2025-02-09,0.215,Net 45,False,Expired,3.0,505472.85,2,52521.5,14384.869410025,0.028458243425,491087.980589975,Significant Shortfall
C00390,V00311,"Wilson, Hicks and Bullock",Professional Services,2023-10-10,2027-10-09,0.159,Net 60,True,Active,4.0,775123.64,9,155063.09,29316.32734590378,0.037821485287,745807.3126540962,Significant Shortfall
C00391,V00300,Harris and Sons,MRO,2022-01-21,2025-01-20,0.139,Net 30,False,Expired,3.0,613723.14,13,75547.72,12196.43796867592,0.019872866401,601526.702031324,Significant Shortfall
C00392,V00256,Johnson-Wood,Facilities,2022-11-09,2026-11-08,0.053,Net 60,True,Expiring in 60 days,4.0,304768.0,3,6880.42,385.07102372778,0.001263489027,304382.92897627223,Significant Shortfall
C00393,V00256,Johnson-Wood,Facilities,2022-04-10,2024-04-09,0.11,Net 60,False,Expired,2.0,237448.96,0,0.0,0.0,0.0,237448.96,Unused Contract
C00394,V00256,Johnson-Wood,Facilities,2023-12-30,2025-12-29,0.204,Net 60,False,Expired,2.0,944480.94,3,35457.81,9087.17743593867,0.009621345494,935393.7625640613,Significant Shortfall
C00395,V00355,"Santos, Moody and Taylor",Capital Equipment,2024-04-27,2028-04-26,0.161,Net 45,True,Active,4.0,1854808.0,1,40865.66,7841.92044351958,0.004227887977,1846966.0795564805,Significant Shortfall
C00396,V00355,"Santos, Moody and Taylor",Capital Equipment,2023-11-06,2025-11-05,0.058,Net 45,False,Expired,2.0,368542.64,3,48835.62,3006.8640634725,0.008158795583,365535.7759365275,Significant Shortfall
C00397,V00355,"Santos, Moody and Taylor",Capital Equipment,2023-04-16,2026-04-15,0.123,Net 45,False,Expired,3.0,885768.9,2,83344.16,11689.0896992568,0.013196545622,874079.8103007432,Significant Shortfall
C00398,V00400,"Anderson, Henson and Jones",Logistics,2023-05-18,2026-05-17,0.068,Net 45,False,Expired,3.0,617703.42,9,227163.61,16574.16888123653,0.026831920214,601129.2511187635,Significant Shortfall
C00399,V00226,"King, Scott and Smith",Professional Services,2022-10-29,2025-10-28,0.209,Net 30,False,Expired,3.0,284166.66,6,349581.75,92367.36498812024,0.325046453332,191799.29501187976,Significant Shortfall
C00400,V00226,"King, Scott and Smith",Professional Services,2023-01-24,2027-01-23,0.178,Net 15,True,Active,4.0,113248.32,2,73704.46,15960.33317515352,0.140932184911,97287.98682484648,Significant Shortfall
C00401,V00354,Walker-Flores,Professional Services,2023-02-25,2025-02-24,0.234,Net 15,False,Expired,2.0,347701.86,11,320644.52,97951.45920185107,0.281711059014,249750.4007981489,Significant Shortfall
C00402,V00235,Fields PLC,MRO,2023-12-28,2025-12-27,0.224,Net 30,False,Expired,2.0,242183.32,8,47383.58,13677.73444178252,0.05647678148,228505.58555821748,Significant Shortfall
C00403,V00235,Fields PLC,MRO,2023-07-28,2026-07-27,0.061,Net 60,False,Expired,3.0,800843.52,15,109474.74,7111.77753854124,0.008880358473,793731.7424614588,Significant Shortfall
C00404,V00383,Mendez-Graham,Logistics,2022-06-19,2024-06-18,0.115,Net 45,False,Expired,2.0,703813.28,1,4415.74,573.79672393722,0.000815268396,703239.4832760628,Significant Shortfall
C00405,V00383,Mendez-Graham,Logistics,2023-08-22,2025-08-21,0.185,Net 15,False,Expired,2.0,997419.96,4,37241.56,8453.6056430294,0.008475472702,988966.3543569706,Significant Shortfall
C00406,V00275,"Joseph, James and Harper",IT Services,2022-12-27,2026-12-26,0.151,Net 60,True,Active,4.0,475287.84,2,7999.15,1422.6992381433,0.002993342388,473865.1407618567,Significant Shortfall
C00407,V00275,"Joseph, James and Harper",IT Services,2023-11-03,2026-11-02,0.08,Net 15,True,Expiring in 60 days,3.0,524167.23,7,147017.31,12784.11395139582,0.024389380373,511383.1160486042,Significant Shortfall
C00408,V00037,"Cannon, Anderson and Alvarez",Professional Services,2024-03-15,2026-03-15,0.16,Net 15,False,Expired,2.0,277306.82,6,111357.95,21211.0380422105,0.076489420787,256095.7819577895,Significant Shortfall
C00409,V00037,"Cannon, Anderson and Alvarez",Professional Services,2023-02-14,2027-02-13,0.137,Net 45,True,Active,4.0,1407826.2,7,243169.93,38602.87427744136,0.027420198798,1369223.3257225587,Significant Shortfall
C00410,V00197,Garrett-Wolf,IT Services,2023-01-27,2025-01-26,0.148,Net 45,False,Expired,2.0,659203.48,2,33496.27,5818.6008857284,0.008826714455,653384.8791142716,Significant Shortfall
C00411,V00197,Garrett-Wolf,IT Services,2022-01-05,2026-01-04,0.173,Net 45,False,Expired,4.0,1481908.8,5,95257.01,19926.79896654943,0.013446710733,1461982.0010334505,Significant Shortfall
C00412,V00140,Oconnell Inc,MRO,2022-07-15,2025-07-14,0.205,Net 30,False,Expired,3.0,505415.1,9,47314.81,12200.67426631435,0.024139908496,493214.42573368567,Significant Shortfall
C00413,V00365,Jones-Fox,Raw Materials,2022-09-11,2025-09-10,0.135,Net 60,False,Expired,3.0,542012.55,8,144086.79,22487.53367610156,0.041488953856,519525.01632389845,Significant Shortfall
C00414,V00245,Gibbs Inc,Logistics,2023-10-04,2025-10-03,0.204,Net 60,False,Expired,2.0,185870.16,4,88281.47,22624.89934362829,0.121724215138,163245.2606563717,Significant Shortfall
C00415,V00440,"Patton, Parsons and Lane",Marketing,2023-12-27,2026-12-26,0.175,Net 45,True,Active,3.0,677481.24,13,35995.65,7635.4409047278,0.011270335552,669845.7990952722,Significant Shortfall
C00416,V00440,"Patton, Parsons and Lane",Marketing,2023-06-10,2025-06-09,0.187,Net 30,False,Expired,2.0,172871.4,1,2960.24,680.891610952,0.003938717515,172190.508389048,Significant Shortfall
C00417,V00287,Wilson-Ramirez,Professional Services,2023-12-30,2025-12-29,0.099,Net 45,False,Expired,2.0,628582.4,11,186617.69,20505.16230608097,0.032621279734,608077.237693919,Significant Shortfall
C00418,V00060,"Miller, Lopez and Larson",Capital Equipment,2023-05-05,2026-05-04,0.053,Net 30,False,Expired,3.0,1049878.98,3,59188.18,3312.53805220962,0.0031551618,1046566.4419477903,Significant Shortfall
C00419,V00060,"Miller, Lopez and Larson",Capital Equipment,2022-11-30,2025-11-29,0.14,Net 45,False,Expired,3.0,63439.74,1,182566.65,29720.1523850217,0.46847847083,33719.5876149783,Significant Shortfall
C00420,V00060,"Miller, Lopez and Larson",Capital Equipment,2022-06-29,2026-06-28,0.092,Net 60,False,Expired,4.0,1110991.44,0,0.0,0.0,0.0,1110991.44,Unused Contract
C00421,V00112,Thompson Ltd,Raw Materials,2022-04-14,2026-04-13,0.196,Net 30,False,Expired,4.0,317040.96,5,79000.97,19258.94297266215,0.060745914259,297782.01702733786,Significant Shortfall
C00422,V00112,Thompson Ltd,Raw Materials,2023-09-04,2026-09-03,0.167,Net 30,False,Expired,3.0,1005386.67,6,161212.19,32319.85080394048,0.032146687208,973066.8191960595,Significant Shortfall
C00423,V00090,Lin-Rasmussen,Logistics,2023-03-22,2025-03-21,0.107,Net 60,False,Expired,2.0,793404.72,2,35969.35,4309.87733559115,0.00543212969,789094.8426644088,Significant Shortfall
C00424,V00437,"Burns, Hart and Wells",MRO,2024-05-29,2026-05-29,0.063,Net 60,False,Expired,2.0,667165.36,8,93828.42,6308.63441731278,0.009455878251,660856.7255826872,Significant Shortfall
C00425,V00007,Ramirez-Lewis,Professional Services,2022-10-13,2024-10-12,0.108,Net 15,False,Expired,2.0,885734.26,4,65292.33,7905.34936019289,0.008925193161,877828.9106398071,Significant Shortfall
C00426,V00007,Ramirez-Lewis,Professional Services,2022-12-21,2024-12-20,0.246,Net 30,False,Expired,2.0,518369.52,2,20124.88,6565.94228218136,0.012666528468,511803.57771781867,Significant Shortfall
C00427,V00007,Ramirez-Lewis,Professional Services,2022-12-24,2025-12-23,0.147,Net 30,False,Expired,3.0,907746.42,10,327729.99,56478.67368606057,0.062218558445,851267.7463139395,Significant Shortfall
C00428,V00361,Brown-Copeland,Raw Materials,2022-04-15,2026-04-14,0.243,Net 30,False,Expired,4.0,1138947.6,12,218975.48,70291.99687982725,0.061716620571,1068655.6031201729,Significant Shortfall
C00429,V00347,Burch-Montoya,MRO,2022-11-17,2026-11-16,0.111,Net 45,True,Expiring in 90 days,4.0,1000268.36,12,65338.69,8158.14917281517,0.008155960439,992110.2108271848,Significant Shortfall
C00430,V00339,"Stephenson, Johnson and Rogers",Facilities,2023-02-22,2026-02-21,0.121,Net 60,False,Expired,3.0,474419.52,8,44864.7,6175.9143452916,0.013017833552,468243.6056547084,Significant Shortfall
C00431,V00159,"Chavez, Parker and Hall",IT Services,2022-06-07,2025-06-06,0.226,Net 30,False,Expired,3.0,1338891.06,1,43049.56,12570.02655974784,0.009388386356,1326321.033440252,Significant Shortfall
C00432,V00159,"Chavez, Parker and Hall",IT Services,2023-09-06,2027-09-05,0.24,Net 60,True,Active,4.0,482142.08,5,187648.0,59257.263217152,0.122904151443,422884.816782848,Significant Shortfall
C00433,V00159,"Chavez, Parker and Hall",IT Services,2023-12-31,2026-12-30,0.181,Net 15,True,Active,3.0,159058.68,4,89127.19,19697.21781429899,0.123836170489,139361.462185701,Significant Shortfall
C00434,V00151,"Barnett, Rogers and Snyder",Raw Materials,2024-04-16,2028-04-15,0.225,Net 15,True,Active,4.0,1385585.68,5,99148.59,28785.07455131079,0.020774662272,1356800.6054486893,Significant Shortfall
C00435,V00151,"Barnett, Rogers and Snyder",Raw Materials,2023-06-22,2025-06-21,0.165,Net 60,False,Expired,2.0,437935.7,4,41740.01,8248.0259106479,0.018833874267,429687.6740893521,Significant Shortfall
C00436,V00178,Carter-Hall,IT Services,2023-09-05,2026-09-04,0.14,Net 45,False,Expired,3.0,223705.02,4,151830.77,24716.63702617746,0.110487627976,198988.38297382253,Significant Shortfall
C00437,V00178,Carter-Hall,IT Services,2022-10-13,2026-10-12,0.158,Net 45,True,Expiring in 30 days,4.0,1608205.92,1,10747.37,2016.72738656072,0.001254023108,1606189.1926134392,Significant Shortfall
C00438,V00178,Carter-Hall,IT Services,2022-08-06,2025-08-05,0.188,Net 45,False,Expired,3.0,1351005.45,1,481922.32,111578.07428333808,0.082588915006,1239427.375716662,Significant Shortfall
C00439,V00394,Thompson-Reeves,Logistics,2022-04-17,2024-04-16,0.181,Net 45,False,Expired,2.0,573547.4,1,39170.22,8656.66644683862,0.015093201446,564890.7335531614,Significant Shortfall
C00440,V00394,Thompson-Reeves,Logistics,2022-12-07,2025-12-06,0.064,Net 30,False,Expired,3.0,813453.48,5,88757.22,6068.86971021096,0.007460622961,807384.610289789,Significant Shortfall
C00441,V00185,George Group,Capital Equipment,2022-05-09,2024-05-08,0.195,Net 15,False,Expired,2.0,770126.32,0,0.0,0.0,0.0,770126.32,Unused Contract
C00442,V00450,Wise-Bush,Raw Materials,2022-12-20,2025-12-19,0.139,Net 60,False,Expired,3.0,1402639.74,7,123962.24,20012.48708257664,0.014267731415,1382627.2529174234,Significant Shortfall
C00443,V00450,Wise-Bush,Raw Materials,2023-06-28,2025-06-27,0.206,Net 45,False,Expired,2.0,124636.0,6,68245.15,17705.9205406566,0.142061046091,106930.0794593434,Significant Shortfall
C00444,V00450,Wise-Bush,Raw Materials,2023-06-08,2025-06-07,0.202,Net 60,False,Expired,2.0,619741.96,3,16593.81,4200.43811896992,0.006777721036,615541.52188103,Significant Shortfall
C00445,V00011,"Montgomery, Hensley and Ray",Raw Materials,2023-01-21,2027-01-20,0.096,Net 30,True,Active,4.0,495077.76,4,57022.57,6055.4941441533,0.012231400062,489022.2658558467,Significant Shortfall
C00446,V00011,"Montgomery, Hensley and Ray",Raw Materials,2023-03-20,2026-03-19,0.066,Net 45,False,Expired,3.0,1176344.58,4,37999.83,2685.21284315196,0.002282675407,1173659.367156848,Significant Shortfall
C00447,V00381,Griffin-Robbins,Logistics,2023-05-05,2027-05-04,0.144,Net 45,True,Active,4.0,1313154.36,5,110685.1,18619.9233572449,0.014179538921,1294534.436642755,Significant Shortfall
C00448,V00381,Griffin-Robbins,Logistics,2024-04-17,2027-04-17,0.148,Net 45,True,Active,3.0,232143.69,1,3836.19,666.3804218148,0.002870551518,231477.3095781852,Significant Shortfall
C00449,V00104,"Kennedy, Santana and Flynn",Professional Services,2024-04-27,2027-04-27,0.203,Net 60,True,Active,3.0,52070.97,12,329272.1,83867.2976456824,1.610634440758,-31796.3276456824,On Track
C00450,V00082,"Henson, Russell and Oliver",MRO,2022-06-07,2024-06-06,0.198,Net 45,False,Expired,2.0,988478.54,1,2224.35,549.15374060955,0.00055555454,987929.3862593905,Significant Shortfall
C00451,V00082,"Henson, Russell and Oliver",MRO,2022-06-02,2024-06-01,0.085,Net 15,False,Expired,2.0,955605.08,1,3694.09,343.16683110575,0.000359109467,955261.9131688942,Significant Shortfall
C00452,V00082,"Henson, Russell and Oliver",MRO,2022-09-21,2026-09-20,0.148,Net 15,True,Expiring in 30 days,4.0,676795.44,12,51004.76,8859.9817744592,0.013091077822,667935.4582255408,Significant Shortfall
C00453,V00039,"Campos, Vaughn and Marquez",MRO,2022-06-20,2025-06-19,0.131,Net 15,False,Expired,3.0,91484.61,2,13318.4,2007.7219767424,0.021946007932,89476.8880232576,Significant Shortfall
C00454,V00039,"Campos, Vaughn and Marquez",MRO,2024-02-07,2027-02-06,0.129,Net 30,True,Active,3.0,1410534.54,5,29274.95,4335.7847958687,0.003073859358,1406198.7552041314,Significant Shortfall
C00455,V00039,"Campos, Vaughn and Marquez",MRO,2023-07-19,2027-07-18,0.072,Net 30,True,Active,4.0,935524.84,4,15553.32,1206.72310505724,0.001289888898,934318.1168949427,Significant Shortfall
C00456,V00315,"Wolf, Cole and Glass",IT Services,2024-02-28,2026-02-27,0.154,Net 30,False,Expired,2.0,407698.98,1,59590.45,10847.43416512365,0.026606478547,396851.54583487636,Significant Shortfall
C00457,V00315,"Wolf, Cole and Glass",IT Services,2024-05-17,2028-05-16,0.127,Net 30,True,Active,4.0,1539713.36,1,61963.42,9014.15157489224,0.005854434864,1530699.2084251076,Significant Shortfall
C00458,V00315,"Wolf, Cole and Glass",IT Services,2023-03-18,2025-03-17,0.108,Net 60,False,Expired,2.0,410079.1,3,53295.24,6452.78689603092,0.01573546883,403626.3131039691,Significant Shortfall
C00459,V00168,Everett-Woods,Facilities,2022-06-27,2025-06-26,0.142,Net 30,False,Expired,3.0,651019.41,4,33911.64,5612.41596097224,0.008620965634,645406.9940390277,Significant Shortfall
C00460,V00168,Everett-Woods,Facilities,2022-12-16,2026-12-15,0.231,Net 15,True,Expiring in 90 days,4.0,948614.76,13,56366.18,16931.84340504306,0.017849019559,931682.9165949569,Significant Shortfall
C00461,V00470,"Stevens, Scott and Lopez",IT Services,2023-05-27,2027-05-26,0.073,Net 45,True,Active,4.0,1566313.04,8,204888.89,16134.72389727628,0.010301085087,1550178.3161027238,Significant Shortfall
C00462,V00297,"Ramos, Nelson and Fischer",IT Services,2023-08-18,2026-08-17,0.14,Net 45,False,Expired,3.0,292951.5,3,65383.02,10643.74746314796,0.036332797283,282307.75253685203,Significant Shortfall
C00463,V00475,Finley-Turner,Marketing,2023-01-08,2025-01-07,0.1,Net 45,False,Expired,2.0,697883.08,0,0.0,0.0,0.0,697883.08,Unused Contract
C00464,V00475,Finley-Turner,Marketing,2023-03-24,2025-03-23,0.068,Net 60,False,Expired,2.0,712102.18,4,8646.21,630.83935284633,0.000885883193,711471.3406471537,Significant Shortfall
C00465,V00475,Finley-Turner,Marketing,2023-10-09,2025-10-08,0.155,Net 45,False,Expired,2.0,396405.62,6,38510.53,7064.06172896509,0.017820286526,389341.5582710349,Significant Shortfall
C00466,V00199,Dudley PLC,Raw Materials,2023-02-09,2026-02-08,0.059,Net 60,False,Expired,3.0,281200.92,6,42513.98,2665.59491559888,0.009479325016,278535.3250844011,Significant Shortfall
C00467,V00298,Rodriguez-Gregory,Capital Equipment,2022-06-02,2024-06-01,0.082,Net 30,False,Expired,2.0,161715.22,0,0.0,0.0,0.0,161715.22,Unused Contract
C00468,V00298,Rodriguez-Gregory,Capital Equipment,2023-05-31,2026-05-30,0.112,Net 15,False,Expired,3.0,1103337.78,9,869696.76,109691.48313355177,0.099417861984,993646.2968664482,Significant Shortfall
C00469,V00417,Hensley-Flores,Raw Materials,2023-12-27,2025-12-26,0.074,Net 45,False,Expired,2.0,148939.62,11,202751.83,16202.63006115081,0.108786567746,132736.98993884918,Significant Shortfall
C00470,V00147,"Hernandez, Thompson and Boyd",Professional Services,2022-07-20,2025-07-19,0.052,Net 15,False,Expired,3.0,761512.59,7,239983.63,13163.65910750523,0.017286200229,748348.9308924947,Significant Shortfall
C00471,V00393,"Hendricks, Henry and Martinez",Professional Services,2022-01-30,2024-01-30,0.172,Net 45,False,Expired,2.0,503597.46,0,0.0,0.0,0.0,503597.46,Unused Contract
C00472,V00393,"Hendricks, Henry and Martinez",Professional Services,2022-07-24,2026-07-23,0.182,Net 15,False,Expired,4.0,929327.44,17,519530.68,115592.40092848384,0.124382855766,813735.0390715161,Significant Shortfall
C00473,V00148,"Morton, Medina and Webb",Facilities,2022-09-20,2026-09-19,0.051,Net 60,True,Expiring in 30 days,4.0,1769049.0,14,83712.63,4498.7820320514,0.002543051115,1764550.2179679486,Significant Shortfall
C00474,V00448,"Lara, Baker and Washington",Capital Equipment,2023-12-13,2027-12-12,0.214,Net 45,True,Active,4.0,446969.68,5,528025.41,143762.6434122737,0.321638468659,303207.03658772627,Significant Shortfall
C00475,V00448,"Lara, Baker and Washington",Capital Equipment,2023-05-31,2025-05-30,0.061,Net 45,False,Expired,2.0,362039.44,2,36531.85,2373.2085618231,0.006555110575,359666.2314381769,Significant Shortfall
C00476,V00288,Bruce-Villegas,Facilities,2023-12-05,2027-12-04,0.218,Net 30,True,Active,4.0,624945.44,8,31911.02,8895.91096171658,0.014234700171,616049.5290382834,Significant Shortfall
C00477,V00288,Bruce-Villegas,Facilities,2023-03-28,2025-03-27,0.072,Net 45,False,Expired,2.0,993860.48,4,32131.88,2492.99069297916,0.00250839101,991367.4893070208,Significant Shortfall
C00478,V00288,Bruce-Villegas,Facilities,2023-04-11,2026-04-10,0.172,Net 45,False,Expired,3.0,1046525.01,6,74157.95,15404.79157562855,0.014719945943,1031120.2184243714,Significant Shortfall
C00479,V00124,Gates PLC,Professional Services,2023-06-06,2027-06-05,0.122,Net 60,True,Active,4.0,110246.48,2,23861.04,3315.54314329056,0.030073913864,106930.93685670944,Significant Shortfall
C00480,V00124,Gates PLC,Professional Services,2022-09-02,2025-09-01,0.124,Net 30,False,Expired,3.0,587040.84,2,264261.44,37406.87039247584,0.063721069888,549633.9696075241,Significant Shortfall
C00481,V00124,Gates PLC,Professional Services,2023-05-10,2026-05-09,0.219,Net 15,False,Expired,3.0,125441.01,4,59879.61,16790.82533248491,0.133854353791,108650.18466751509,Significant Shortfall
C00482,V00369,"Moss, Cook and Williams",IT Services,2024-06-21,2027-06-21,0.116,Net 45,True,Active,3.0,638224.14,12,549393.23,72092.32404756238,0.112957689202,566131.8159524376,Significant Shortfall
C00483,V00097,Jones-Beck,Logistics,2023-05-09,2027-05-08,0.062,Net 30,True,Active,4.0,1159879.48,1,4854.62,320.88106598422,0.000276650352,1159558.5989340157,Significant Shortfall
C00484,V00097,Jones-Beck,Logistics,2023-11-21,2026-11-20,0.195,Net 60,True,Expiring in 90 days,3.0,919023.69,4,95598.85,23157.48541857125,0.02519792,895866.2045814288,Significant Shortfall
C00485,V00144,"Patton, Reed and Patterson",Capital Equipment,2023-11-24,2026-11-23,0.102,Net 60,True,Expiring in 90 days,3.0,875459.76,3,125273.45,14229.2782722437,0.016253492076,861230.4817277563,Significant Shortfall
C00486,V00144,"Patton, Reed and Patterson",Capital Equipment,2023-02-07,2025-02-06,0.173,Net 15,False,Expired,2.0,506468.98,3,119522.6,25002.9139289518,0.049367118059,481466.0660710482,Significant Shortfall
C00487,V00240,Schmidt-Mcintyre,Office Supplies,2022-07-19,2024-07-18,0.227,Net 60,False,Expired,2.0,248067.2,1,7988.62,2345.94662512582,0.009456899683,245721.25337487418,Significant Shortfall
C00488,V00240,Schmidt-Mcintyre,Office Supplies,2023-01-23,2025-01-22,0.05,Net 30,False,Expired,2.0,43507.06,7,106007.0,5579.315795053,0.128239320125,37927.744204947,Significant Shortfall
C00489,V00443,"Rodriguez, Smith and Edwards",Logistics,2023-11-02,2025-11-01,0.21,Net 15,False,Expired,2.0,999007.26,2,13088.19,3479.13911640915,0.003482596429,995528.1208835909,Significant Shortfall
C00490,V00443,"Rodriguez, Smith and Edwards",Logistics,2023-08-19,2025-08-18,0.117,Net 45,False,Expired,2.0,569207.2,3,55078.94,7298.11547847914,0.01282154456,561909.0845215209,Significant Shortfall
C00491,V00098,Alvarado-Martinez,Logistics,2022-08-14,2024-08-13,0.188,Net 30,False,Expired,2.0,269329.18,2,15751.94,3647.00089306236,0.013541053714,265682.17910693766,Significant Shortfall
C00492,V00408,"Hill, Weber and Mendez",Professional Services,2024-03-07,2028-03-06,0.16,Net 30,True,Active,4.0,1543383.88,13,414838.62,79016.8798024578,0.051197165415,1464367.0001975421,Significant Shortfall
C00493,V00123,Price-Carrillo,Facilities,2022-01-30,2025-01-29,0.129,Net 30,False,Expired,3.0,866314.65,2,10542.72,1561.43614534272,0.001802389173,864753.2138546573,Significant Shortfall
C00494,V00123,Price-Carrillo,Facilities,2022-08-28,2024-08-27,0.089,Net 15,False,Expired,2.0,837148.8,6,16136.59,1576.46159433219,0.001883131881,835572.3384056678,Significant Shortfall
C00495,V00184,Bender-Mason,Marketing,2024-02-25,2026-02-24,0.179,Net 15,False,Expired,2.0,491865.62,4,34741.06,7574.48203618482,0.015399494757,484291.1379638152,Significant Shortfall
C00496,V00184,Bender-Mason,Marketing,2022-03-21,2026-03-20,0.229,Net 15,False,Expired,4.0,946441.36,4,4323.0,1284.003890103,0.001356665024,945157.356109897,Significant Shortfall
C00497,V00184,Bender-Mason,Marketing,2024-02-28,2026-02-27,0.217,Net 60,False,Expired,2.0,313356.88,4,17628.6,4885.5762421488,0.015591092949,308471.3037578512,Significant Shortfall
C00498,V00203,"Hill, Davenport and Baird",Raw Materials,2022-04-17,2024-04-16,0.092,Net 60,False,Expired,2.0,691783.44,0,0.0,0.0,0.0,691783.44,Unused Contract
C00499,V00203,"Hill, Davenport and Baird",Raw Materials,2024-01-10,2026-01-09,0.244,Net 30,False,Expired,2.0,294850.82,4,50135.72,16181.36995955756,0.054879854021,278669.45004044246,Significant Shortfall
C00500,V00247,Richards-Carson,Raw Materials,2022-07-11,2025-07-10,0.175,Net 15,False,Expired,3.0,1268336.49,7,96023.1,20368.5363519972,0.016059252819,1247967.9536480028,Significant Shortfall
C00501,V00306,Smith-Nguyen,Raw Materials,2023-11-03,2025-11-02,0.223,Net 60,False,Expired,2.0,756509.4,9,163550.38,46939.16954933906,0.062047040723,709570.2304506609,Significant Shortfall
C00502,V00299,"Estrada, Williams and Foster",Logistics,2023-09-20,2026-09-19,0.133,Net 45,True,Expiring in 30 days,3.0,760670.01,3,43650.9,6696.1588023333,0.008802974633,753973.8511976667,Significant Shortfall
C00503,V00299,"Estrada, Williams and Foster",Logistics,2024-02-24,2027-02-23,0.14,Net 45,True,Active,3.0,1427568.33,2,33033.7,5377.5790805226,0.003766950392,1422190.7509194773,Significant Shortfall
C00504,V00352,Wilkerson-Arias,Marketing,2023-07-10,2025-07-09,0.072,Net 45,False,Expired,2.0,789245.1,4,16428.1,1274.5939672167,0.001614953285,787970.5060327833,Significant Shortfall
C00505,V00352,Wilkerson-Arias,Marketing,2023-01-26,2025-01-25,0.139,Net 15,False,Expired,2.0,44436.08,4,33813.5,5458.857729311,0.122847418794,38977.222270689,Significant Shortfall
C00506,V00387,"Diaz, Reyes and Bradley",IT Services,2023-07-16,2025-07-15,0.088,Net 60,False,Expired,2.0,925164.04,3,316105.5,30501.407872554,0.032968648319,894662.632127446,Significant Shortfall
C00507,V00387,"Diaz, Reyes and Bradley",IT Services,2023-12-16,2026-12-15,0.079,Net 45,True,Expiring in 90 days,3.0,1311544.5,3,29742.76,2551.2247968708,0.001945206432,1308993.2752031293,Significant Shortfall
C00508,V00387,"Diaz, Reyes and Bradley",IT Services,2024-01-12,2026-01-11,0.195,Net 30,False,Expired,2.0,470181.04,6,382931.28,92759.751115362,0.197285180014,377421.288884638,Significant Shortfall
C00509,V00396,"Daniels, Vance and York",Raw Materials,2024-01-04,2026-01-03,0.187,Net 30,False,Expired,2.0,602401.82,11,119123.61,27399.895520403,0.045484416897,575001.924479597,Significant Shortfall
C00510,V00285,"Edwards, Garcia and Romero",IT Services,2023-06-04,2025-06-03,0.071,Net 60,False,Expired,2.0,770856.58,6,296478.56,22658.7489933784,0.029394247362,748197.8310066216,Significant Shortfall
C00511,V00126,Medina-Navarro,IT Services,2023-04-30,2026-04-29,0.178,Net 45,False,Expired,3.0,338473.17,8,268308.06,58100.77207239672,0.171655472936,280372.3979276033,Significant Shortfall
C00512,V00303,"Hansen, Barnett and Gomez",Logistics,2023-06-28,2026-06-27,0.156,Net 30,False,Expired,3.0,1165997.04,1,15265.44,2821.57421460912,0.002419881113,1163175.465785391,Significant Shortfall
C00513,V00224,"Sparks, Jackson and Miller",Capital Equipment,2022-06-03,2024-06-02,0.105,Net 30,False,Expired,2.0,34951.58,1,34870.21,4090.91850019156,0.117045309545,30860.66149980844,Significant Shortfall
C00514,V00419,"Rodriguez, Allen and Martinez",Professional Services,2024-06-10,2027-06-10,0.16,Net 60,True,Active,3.0,428446.59,6,148090.06,28207.6304056714,0.065836981934,400238.9595943286,Significant Shortfall
C00515,V00220,Francis Group,Raw Materials,2022-09-24,2024-09-23,0.064,Net 60,False,Expired,2.0,620997.62,2,29886.51,2043.52204004268,0.003290708328,618954.0979599573,Significant Shortfall
C00516,V00220,Francis Group,Raw Materials,2023-06-06,2027-06-05,0.139,Net 15,True,Active,4.0,294945.04,5,99675.6,16091.6474036616,0.054558121756,278853.3925963384,Significant Shortfall
C00517,V00130,"Ferguson, Meadows and Vargas",MRO,2024-05-17,2026-05-17,0.071,Net 15,False,Expired,2.0,72723.88,1,770.92,58.9185362138,0.000810167667,72664.9614637862,Significant Shortfall
C00518,V00130,"Ferguson, Meadows and Vargas",MRO,2023-04-14,2026-04-13,0.086,Net 15,False,Expired,3.0,906298.41,3,16652.52,1566.86731319808,0.001728864683,904731.5426868019,Significant Shortfall
C00519,V00130,"Ferguson, Meadows and Vargas",MRO,2024-03-31,2028-03-30,0.121,Net 45,True,Active,4.0,691370.92,6,46336.42,6378.50606350776,0.009225881331,684992.4139364923,Significant Shortfall
C00520,V00421,"Barnes, Estes and Barrera",Marketing,2024-01-13,2028-01-12,0.066,Net 15,True,Active,4.0,1848656.64,5,30869.91,2181.38551669692,0.001179984141,1846475.254483303,Significant Shortfall
C00521,V00421,"Barnes, Estes and Barrera",Marketing,2022-05-04,2026-05-03,0.076,Net 15,False,Expired,4.0,1633188.0,5,22671.41,1864.74800296562,0.001141784046,1631323.2519970343,Significant Shortfall
C00522,V00290,"Adams, White and Park",Raw Materials,2023-11-15,2026-11-14,0.187,Net 15,True,Expiring in 60 days,3.0,1074017.37,12,268002.48,61643.866830504,0.057395595781,1012373.503169496,Significant Shortfall
C00523,V00445,"Luna, Thornton and Stone",IT Services,2023-01-10,2025-01-09,0.079,Net 60,False,Expired,2.0,897786.84,1,31025.67,2661.2681083911,0.002964253863,895125.5718916089,Significant Shortfall
C00524,V00445,"Luna, Thornton and Stone",IT Services,2022-02-24,2025-02-23,0.128,Net 60,False,Expired,3.0,1058433.48,3,56760.41,8331.80331264631,0.007871825174,1050101.6766873538,Significant Shortfall
C00525,V00377,Morgan-Lopez,Capital Equipment,2022-09-10,2025-09-09,0.141,Net 15,False,Expired,3.0,74488.26,3,152637.72,25054.61994543288,0.336356627815,49433.64005456712,Significant Shortfall
C00526,V00377,Morgan-Lopez,Capital Equipment,2023-08-21,2025-08-20,0.12,Net 45,False,Expired,2.0,472016.86,1,80051.12,10916.06178907232,0.023126423469,461100.7982109277,Significant Shortfall
C00527,V00292,"Morales, Thomas and Schultz",Capital Equipment,2023-10-01,2026-09-30,0.171,Net 30,True,Expiring in 30 days,3.0,217269.18,8,337161.44,69547.17291744992,0.320096816849,147722.0070825501,Significant Shortfall
C00528,V00356,Horton-Taylor,Capital Equipment,2022-05-01,2024-04-30,0.115,Net 60,False,Expired,2.0,656462.38,1,111484.85,14486.73194042955,0.022067878346,641975.6480595705,Significant Shortfall
C00529,V00356,Horton-Taylor,Capital Equipment,2022-05-14,2026-05-13,0.142,Net 45,False,Expired,4.0,1197450.48,10,318774.68,52757.58123127688,0.044058257199,1144692.898768723,Significant Shortfall
C00530,V00295,Ware and Sons,Marketing,2022-10-21,2026-10-20,0.082,Net 30,True,Expiring in 60 days,4.0,985454.32,9,47942.37,4282.43393420703,0.004345644285,981171.886065793,Significant Shortfall
C00531,V00295,Ware and Sons,Marketing,2022-08-14,2025-08-13,0.092,Net 15,False,Expired,3.0,1050267.99,3,8420.7,853.1986792302,0.000812362832,1049414.7913207698,Significant Shortfall
C00532,V00397,"Little, Leon and Hicks",IT Services,2024-02-08,2027-02-07,0.163,Net 45,True,Active,3.0,533035.23,7,92245.25,17964.1287126325,0.033701578623,515071.1012873675,Significant Shortfall
C00533,V00397,"Little, Leon and Hicks",IT Services,2022-12-24,2024-12-23,0.183,Net 15,False,Expired,2.0,96336.52,3,124621.18,27913.92402940544,0.289754332307,68422.59597059456,Significant Shortfall
C00534,V00341,"Wise, Lamb and Martin",MRO,2022-05-10,2026-05-09,0.143,Net 15,False,Expired,4.0,1127971.88,16,63724.43,10633.13129054792,0.009426769833,1117338.748709452,Significant Shortfall
C00535,V00113,Grant Inc,IT Services,2023-07-31,2026-07-30,0.064,Net 15,False,Expired,3.0,189854.61,10,238081.47,16279.07478225996,0.085744953901,173575.53521774005,Significant Shortfall
C00536,V00180,"Lawrence, Lara and Gonzalez",Marketing,2023-07-26,2025-07-25,0.068,Net 30,False,Expired,2.0,820692.92,13,57189.33,4172.61203775009,0.005084254946,816520.30796225,Significant Shortfall
C00537,V00308,Sanchez PLC,Raw Materials,2022-12-08,2024-12-07,0.141,Net 15,False,Expired,2.0,305673.18,1,2927.6,480.5490107704,0.001572100669,305192.6309892296,Significant Shortfall
C00538,V00308,Sanchez PLC,Raw Materials,2022-03-10,2024-03-09,0.091,Net 60,False,Expired,2.0,879876.84,0,0.0,0.0,0.0,879876.84,Unused Contract
C00539,V00433,"Hicks, Porter and Williams",Office Supplies,2023-12-25,2026-12-24,0.234,Net 60,True,Active,3.0,1406914.44,9,62849.01,19199.30594445129,0.01364639199,1387715.1340555488,Significant Shortfall
C00540,V00433,"Hicks, Porter and Williams",Office Supplies,2023-12-02,2025-12-01,0.167,Net 15,False,Expired,2.0,619260.94,4,18810.27,3771.08654117184,0.006089656714,615489.8534588282,Significant Shortfall
C00541,V00488,"Griffin, Brown and Anderson",IT Services,2023-01-02,2026-01-01,0.062,Net 30,False,Expired,3.0,1354581.27,4,49496.99,3271.65605427619,0.002415252689,1351309.6139457237,Significant Shortfall
C00542,V00488,"Griffin, Brown and Anderson",IT Services,2023-11-15,2025-11-14,0.191,Net 60,False,Expired,2.0,824338.22,4,99442.27,23477.71762517061,0.028480685543,800860.5023748294,Significant Shortfall
C00543,V00488,"Griffin, Brown and Anderson",IT Services,2023-09-25,2025-09-24,0.222,Net 45,False,Expired,2.0,868366.04,0,0.0,0.0,0.0,868366.04,Unused Contract
C00544,V00482,"Dunn, Ruiz and Medina",MRO,2024-03-10,2028-03-09,0.129,Net 15,True,Active,4.0,663529.52,9,35976.97,5328.39166343322,0.008030376197,658201.1283365667,Significant Shortfall
C00545,V00482,"Dunn, Ruiz and Medina",MRO,2023-02-19,2026-02-18,0.126,Net 45,False,Expired,3.0,831324.63,7,19528.13,2815.2681746988,0.003386484741,828509.3618253012,Significant Shortfall
C00546,V00423,Jimenez-Parker,Raw Materials,2023-03-21,2025-03-20,0.161,Net 60,False,Expired,2.0,846461.12,2,14668.28,2814.77124811564,0.003325340269,843646.3487518843,Significant Shortfall
C00547,V00423,Jimenez-Parker,Raw Materials,2023-06-15,2026-06-14,0.081,Net 45,False,Expired,3.0,1496260.38,8,193350.82,17041.80244891124,0.011389596809,1479218.5775510888,Significant Shortfall
C00548,V00234,Parsons-Hall,Marketing,2024-03-02,2026-03-02,0.18,Net 15,False,Expired,2.0,161115.96,22,121530.45,26677.41583883775,0.165578977023,134438.54416116225,Significant Shortfall
C00549,V00312,"Mullen, Brewer and Hernandez",Raw Materials,2024-02-11,2026-02-10,0.067,Net 15,False,Expired,2.0,649398.04,8,90735.02,6515.80527656222,0.010033607857,642882.2347234378,Significant Shortfall
C00550,V00312,"Mullen, Brewer and Hernandez",Raw Materials,2022-03-26,2025-03-25,0.229,Net 15,False,Expired,3.0,1052224.05,1,7864.02,2335.74653524122,0.002219818617,1049888.3034647587,Significant Shortfall
C00551,V00165,Tran Ltd,Professional Services,2024-06-04,2027-06-04,0.152,Net 15,True,Active,3.0,841513.53,10,215946.96,38707.47395818968,0.045997446955,802806.0560418103,Significant Shortfall
C00552,V00165,Tran Ltd,Professional Services,2023-08-02,2026-08-01,0.121,Net 30,False,Expired,3.0,303112.83,1,42731.44,5882.25739369632,0.019406164344,297230.5726063037,Significant Shortfall
C00553,V00137,"Hernandez, Martinez and Caldwell",MRO,2023-09-28,2025-09-27,0.192,Net 60,False,Expired,2.0,283865.44,3,45922.95,10912.3841411379,0.038442101797,272953.0558588621,Significant Shortfall
C00554,V00137,"Hernandez, Martinez and Caldwell",MRO,2024-02-14,2026-02-13,0.246,Net 60,False,Expired,2.0,576786.58,6,60997.15,19900.92692615105,0.034503103256,556885.6530738489,Significant Shortfall
C00555,V00198,"Anderson, Roberts and Gilmore",Logistics,2023-12-26,2026-12-25,0.242,Net 60,True,Active,3.0,147692.76,6,90645.19,28939.49340266066,0.195943886502,118753.26659733935,Significant Shortfall
C00556,V00259,Hill-Donaldson,Raw Materials,2022-12-29,2024-12-28,0.155,Net 45,False,Expired,2.0,617869.2,4,33797.68,6199.57444926904,0.010033797524,611669.625550731,Significant Shortfall
C00557,V00259,Hill-Donaldson,Raw Materials,2024-05-31,2027-05-31,0.176,Net 30,True,Active,3.0,1005693.3,4,49854.75,10648.58737815675,0.010588304981,995044.7126218432,Significant Shortfall
C00558,V00233,Lozano Ltd,Raw Materials,2024-01-22,2028-01-21,0.21,Net 30,True,Active,4.0,652499.44,6,92156.54,24497.3081187639,0.037543799453,628002.1318812361,Significant Shortfall
C00559,V00233,Lozano Ltd,Raw Materials,2023-03-27,2026-03-26,0.157,Net 15,False,Expired,3.0,45851.61,11,199626.71,37178.4026122502,0.810841813674,8673.2073877498,Underperforming
C00560,V00116,"Griffin, Moore and Hensley",Raw Materials,2022-10-22,2025-10-21,0.165,Net 60,False,Expired,3.0,517325.55,7,117351.5,23189.218513685,0.044825194723,494136.331486315,Significant Shortfall
C00561,V00116,"Griffin, Moore and Hensley",Raw Materials,2022-09-16,2025-09-15,0.108,Net 60,False,Expired,3.0,81929.58,5,63103.79,7640.36918122307,0.093255319766,74289.21081877693,Significant Shortfall
C00562,V00121,Mccarthy Inc,Professional Services,2023-05-14,2027-05-13,0.102,Net 45,True,Active,4.0,1273428.12,6,179125.19,20346.06833354174,0.015977398342,1253082.0516664584,Significant Shortfall
C00563,V00121,Mccarthy Inc,Professional Services,2022-04-29,2026-04-28,0.06,Net 30,False,Expired,4.0,1981115.08,5,90669.02,5787.38423409874,0.00292127615,1975327.6957659014,Significant Shortfall
C00564,V00350,Mitchell and Sons,Logistics,2024-02-16,2026-02-15,0.075,Net 60,False,Expired,2.0,95325.02,1,24694.16,2002.22918718696,0.02100423569,93322.79081281304,Significant Shortfall
C00565,V00225,"Vega, Jimenez and Aguilar",Professional Services,2023-12-20,2027-12-19,0.106,Net 30,True,Active,4.0,1721402.44,10,477356.19,56599.27995991227,0.032879748887,1664803.1600400878,Significant Shortfall
C00566,V00403,Owens-Holmes,Logistics,2024-03-25,2028-03-24,0.085,Net 45,True,Active,4.0,1199869.44,93,1593100.39,147992.93262200826,0.123340863338,1051876.5073779917,Significant Shortfall
C00567,V00403,Owens-Holmes,Logistics,2023-11-26,2026-11-25,0.124,Net 45,True,Expiring in 90 days,3.0,287837.07,91,1618146.18,229052.65494405798,0.795771909935,58784.41505594202,Underperforming
C00568,V00398,Conner and Sons,IT Services,2022-02-11,2026-02-10,0.222,Net 30,False,Expired,4.0,711982.08,6,314133.99,89637.20546642556,0.12589812017,622344.8745335744,Significant Shortfall
C00569,V00398,Conner and Sons,IT Services,2023-07-25,2025-07-24,0.169,Net 15,False,Expired,2.0,825289.3,0,0.0,0.0,0.0,825289.3,Unused Contract
C00570,V00128,Price Ltd,Capital Equipment,2024-02-02,2027-02-01,0.204,Net 15,True,Active,3.0,379782.75,5,261816.95,67098.81632244865,0.176676840437,312683.93367755134,Significant Shortfall
C00571,V00128,Price Ltd,Capital Equipment,2022-01-15,2024-01-15,0.092,Net 60,False,Expired,2.0,739673.88,0,0.0,0.0,0.0,739673.88,Unused Contract
C00572,V00286,Walker-Rodriguez,Professional Services,2024-04-26,2027-04-26,0.201,Net 45,True,Active,3.0,200511.72,8,307184.4,77276.6764776864,0.385397304844,123235.0435223136,Significant Shortfall
C00573,V00412,Curtis-Wang,Professional Services,2022-05-24,2025-05-23,0.11,Net 45,False,Expired,3.0,1126841.31,7,231391.38,28598.93469513828,0.025379735763,1098242.3753048617,Significant Shortfall
C00574,V00412,Curtis-Wang,Professional Services,2023-02-20,2026-02-19,0.187,Net 60,False,Expired,3.0,603403.62,4,117372.52,26997.123281996,0.044741400925,576406.496718004,Significant Shortfall
C00575,V00108,Riggs PLC,MRO,2024-06-22,2027-06-22,0.052,Net 15,True,Active,3.0,1393017.12,10,34615.64,1898.74819690044,0.00136304728,1391118.3718030995,Significant Shortfall
C00576,V00371,"White, Taylor and Baldwin",Logistics,2023-01-25,2026-01-24,0.242,Net 30,False,Expired,3.0,1033828.17,4,62151.35,19842.5154527389,0.01919324316,1013985.6545472611,Significant Shortfall
C00577,V00326,Warren-Bishop,Facilities,2024-06-26,2028-06-25,0.177,Net 15,True,Active,4.0,1914119.96,11,87100.21,18732.36596993409,0.009786411699,1895387.594030066,Significant Shortfall
C00578,V00134,King-Miller,Professional Services,2024-04-08,2027-04-08,0.117,Net 30,True,Active,3.0,422619.09,9,371009.63,49159.82630326253,0.116321830855,373459.2636967375,Significant Shortfall
C00579,V00134,King-Miller,Professional Services,2024-03-14,2027-03-14,0.181,Net 45,True,Active,3.0,604996.02,8,225058.04,49738.10163586684,0.082212279076,555257.9183641331,Significant Shortfall
C00580,V00453,Cardenas-Blevins,Logistics,2022-10-02,2026-10-01,0.204,Net 45,True,Expiring in 30 days,4.0,1059106.56,0,0.0,0.0,0.0,1059106.56,Unused Contract
C00581,V00453,Cardenas-Blevins,Logistics,2024-03-07,2027-03-07,0.16,Net 30,True,Active,3.0,1019018.73,7,98882.78,18834.8151910082,0.018483286555,1000183.9148089918,Significant Shortfall
C00582,V00045,"Johnston, Sanchez and Kennedy",IT Services,2024-03-09,2026-03-09,0.155,Net 60,False,Expired,2.0,691789.56,11,233323.77,42799.03481242281,0.061867130248,648990.5251875772,Significant Shortfall
C00583,V00461,"Gonzalez, Maynard and Morris",IT Services,2022-03-27,2025-03-26,0.1,Net 30,False,Expired,3.0,80041.38,6,309076.32,34341.81329899152,0.429050739742,45699.56670100848,Significant Shortfall
C00584,V00066,Ellis PLC,Professional Services,2022-11-25,2026-11-24,0.181,Net 30,True,Expiring in 90 days,4.0,1677499.92,18,419425.68,92693.58739875528,0.055256984691,1584806.3326012448,Significant Shortfall
C00585,V00284,Parrish-Griffith,Professional Services,2022-03-17,2024-03-16,0.067,Net 15,False,Expired,2.0,612592.06,0,0.0,0.0,0.0,612592.06,Unused Contract
C00586,V00284,Parrish-Griffith,Professional Services,2023-08-29,2027-08-28,0.211,Net 30,True,Active,4.0,402146.48,22,569972.86,152426.20213788177,0.379031546261,249720.2778621182,Significant Shortfall
C00587,V00086,Moore-Haynes,Logistics,2023-08-15,2026-08-14,0.109,Net 30,False,Expired,3.0,1000902.42,0,0.0,0.0,0.0,1000902.42,Unused Contract
C00588,V00086,Moore-Haynes,Logistics,2022-02-17,2025-02-16,0.235,Net 15,False,Expired,3.0,436283.85,2,36064.41,11078.60959040022,0.025393123285,425205.2404095998,Significant Shortfall
C00589,V00243,Taylor and Sons,IT Services,2023-07-24,2026-07-23,0.101,Net 60,False,Expired,3.0,1177675.02,4,63829.79,7171.08873627908,0.006089191513,1170503.9312637208,Significant Shortfall
C00590,V00243,Taylor and Sons,IT Services,2023-10-24,2025-10-23,0.127,Net 30,False,Expired,2.0,346001.64,5,133398.9,19406.2546018908,0.056087175199,326595.3853981092,Significant Shortfall
C00591,V00187,"Matthews, Smith and Hubbard",Logistics,2023-11-20,2026-11-19,0.086,Net 45,True,Expiring in 90 days,3.0,132015.78,10,211664.71,19915.93557350784,0.15086026514,112099.84442649216,Significant Shortfall
C00592,V00384,Jones Ltd,Professional Services,2023-01-27,2025-01-26,0.179,Net 15,False,Expired,2.0,126261.86,3,41526.21,9053.82655784937,0.071706741512,117208.03344215063,Significant Shortfall
C00593,V00384,Jones Ltd,Professional Services,2022-03-25,2024-03-24,0.173,Net 15,False,Expired,2.0,124124.72,0,0.0,0.0,0.0,124124.72,Unused Contract
C00594,V00160,Wilson-Herrera,Logistics,2022-03-28,2024-03-27,0.057,Net 60,False,Expired,2.0,89004.08,0,0.0,0.0,0.0,89004.08,Unused Contract
C00595,V00160,Wilson-Herrera,Logistics,2022-07-14,2025-07-13,0.054,Net 30,False,Expired,3.0,761621.04,4,85641.17,4888.60797574884,0.006418688191,756732.4320242512,Significant Shortfall
C00596,V00013,Delacruz Group,Raw Materials,2022-03-13,2025-03-12,0.103,Net 15,False,Expired,3.0,1059081.15,1,7313.1,839.7428109462,0.000792897514,1058241.4071890537,Significant Shortfall
C00597,V00013,Delacruz Group,Raw Materials,2023-06-25,2027-06-24,0.051,Net 15,True,Active,4.0,1426907.08,8,74230.37,3989.1979834886,0.002795695697,1422917.8820165114,Significant Shortfall
C00598,V00013,Delacruz Group,Raw Materials,2023-04-19,2026-04-18,0.137,Net 30,False,Expired,3.0,1270752.27,7,105333.13,16721.48186512776,0.013158726732,1254030.7881348722,Significant Shortfall
C00599,V00036,Dennis Inc,Raw Materials,2023-02-10,2025-02-09,0.127,Net 15,False,Expired,2.0,695476.08,2,36902.75,5368.441284073,0.007719088317,690107.638715927,Significant Shortfall
C00600,V00036,Dennis Inc,Raw Materials,2022-01-08,2024-01-08,0.163,Net 60,False,Expired,2.0,936341.34,0,0.0,0.0,0.0,936341.34,Unused Contract
C00601,V00029,Chavez Ltd,Capital Equipment,2022-11-09,2025-11-08,0.13,Net 30,False,Expired,3.0,959440.62,5,707188.18,105671.79675950766,0.110138964889,853768.8232404924,Significant Shortfall
C00602,V00171,Mcknight Inc,Professional Services,2022-04-20,2025-04-19,0.066,Net 60,False,Expired,3.0,705669.84,15,473234.99,33440.58836518188,0.047388433612,672229.2516348182,Significant Shortfall
C00603,V00143,"Barton, Jefferson and Burke",IT Services,2024-02-23,2026-02-22,0.161,Net 45,False,Expired,2.0,968162.7,5,148511.74,28498.67712912662,0.029435834627,939664.0228708733,Significant Shortfall
C00604,V00143,"Barton, Jefferson and Burke",IT Services,2023-09-25,2026-09-24,0.189,Net 60,True,Expiring in 30 days,3.0,1347797.22,5,66042.06,15390.81301690338,0.011419234873,1332406.4069830966,Significant Shortfall
C00605,V00399,Ward PLC,IT Services,2023-03-12,2026-03-11,0.197,Net 45,False,Expired,3.0,235716.15,11,236673.03,58062.99728997636,0.246325919077,177653.15271002363,Significant Shortfall
C00606,V00399,Ward PLC,IT Services,2022-07-28,2024-07-27,0.194,Net 15,False,Expired,2.0,601086.52,0,0.0,0.0,0.0,601086.52,Unused Contract
C00607,V00343,"Mitchell, Goodman and Cole",IT Services,2022-03-23,2026-03-22,0.179,Net 15,False,Expired,4.0,1019380.92,8,252209.47,54988.42291716759,0.053942958749,964392.4970828324,Significant Shortfall
C00608,V00222,Williams Inc,Professional Services,2024-01-05,2026-01-04,0.057,Net 30,False,Expired,2.0,74933.36,4,334168.27,20198.93040327049,0.269558583831,54734.42959672951,Significant Shortfall
C00609,V00222,Williams Inc,Professional Services,2022-04-05,2025-04-04,0.074,Net 15,False,Expired,3.0,1216442.46,4,70372.14,5623.69153970898,0.00462306416,1210818.768460291,Significant Shortfall
C00610,V00222,Williams Inc,Professional Services,2022-12-01,2026-11-30,0.08,Net 30,True,Expiring in 90 days,4.0,1175517.6,8,177897.58,15469.35482901676,0.013159611416,1160048.2451709833,Significant Shortfall
C00611,V00096,"Mcdaniel, Bentley and Mclaughlin",Marketing,2022-09-30,2024-09-29,0.148,Net 30,False,Expired,2.0,38681.74,1,3077.76,534.6343656192,0.013821362886,38147.1056343808,Significant Shortfall
C00612,V00052,"Kidd, Huff and Novak",Raw Materials,2022-12-15,2024-12-14,0.053,Net 60,False,Expired,2.0,640008.22,6,85155.59,4765.83554745831,0.007446522402,635242.3844525417,Significant Shortfall
C00613,V00241,Sloan-Raymond,Logistics,2024-01-11,2026-01-10,0.141,Net 30,False,Expired,2.0,187275.6,1,1128.56,185.24675215024,0.000989166513,187090.35324784977,Significant Shortfall
C00614,V00241,Sloan-Raymond,Logistics,2024-03-07,2026-03-07,0.073,Net 45,False,Expired,2.0,603077.86,4,110067.97,8667.70426587644,0.01437244648,594410.1557341235,Significant Shortfall
C00615,V00241,Sloan-Raymond,Logistics,2023-08-08,2025-08-07,0.211,Net 15,False,Expired,2.0,437687.24,0,0.0,0.0,0.0,437687.24,Unused Contract
C00616,V00485,Stark Inc,Marketing,2023-09-09,2027-09-08,0.159,Net 45,True,Active,4.0,670316.16,12,100211.4,18946.0316197188,0.028264321749,651370.1283802812,Significant Shortfall
C00617,V00379,"Coleman, Jordan and Carney",Marketing,2022-03-04,2026-03-03,0.085,Net 60,False,Expired,4.0,163914.88,4,29828.44,2770.947982217,0.016904798284,161143.932017783,Significant Shortfall
C00618,V00379,"Coleman, Jordan and Carney",Marketing,2023-05-29,2025-05-28,0.202,Net 60,False,Expired,2.0,184689.84,5,22745.59,5757.65561221088,0.031174728465,178932.1843877891,Significant Shortfall
C00619,V00179,"Heath, Jones and Hall",Professional Services,2023-07-11,2026-07-10,0.099,Net 45,False,Expired,3.0,885519.12,13,320169.03,35179.50482363439,0.03972754967,850339.6151763656,Significant Shortfall
C00620,V00179,"Heath, Jones and Hall",Professional Services,2022-05-30,2024-05-29,0.208,Net 15,False,Expired,2.0,639550.72,1,9636.56,2530.81374097528,0.003957174407,637019.9062590247,Significant Shortfall
C00621,V00042,Chapman Inc,Raw Materials,2022-11-16,2024-11-15,0.226,Net 30,False,Expired,2.0,99108.16,3,54133.84,15806.52175262976,0.159487591664,83301.63824737024,Significant Shortfall
C00622,V00042,Chapman Inc,Raw Materials,2022-07-14,2024-07-13,0.235,Net 60,False,Expired,2.0,712606.42,0,0.0,0.0,0.0,712606.42,Unused Contract
C00623,V00499,Good Group,IT Services,2023-11-13,2026-11-12,0.188,Net 60,True,Expiring in 60 days,3.0,333055.53,5,154038.04,35663.97976665576,0.107081181828,297391.55023334426,Significant Shortfall
C00624,V00499,Good Group,IT Services,2024-04-18,2028-04-17,0.14,Net 45,True,Active,4.0,508937.36,6,110664.7,18015.1837569606,0.035397644529,490922.1762430394,Significant Shortfall
C00625,V00422,"Griffith, Lee and Moore",Professional Services,2023-07-16,2025-07-15,0.169,Net 30,False,Expired,2.0,722854.78,9,92923.93,18897.88704915562,0.026143407462,703956.8929508444,Significant Shortfall
C00626,V00422,"Griffith, Lee and Moore",Professional Services,2023-02-08,2026-02-07,0.12,Net 45,False,Expired,3.0,36717.96,8,223621.07,30493.78219141052,0.830486829644,6224.17780858948,Underperforming
C00627,V00207,Campbell LLC,Raw Materials,2022-07-17,2026-07-16,0.245,Net 45,False,Expired,4.0,1253085.04,11,162332.13,52677.31366668243,0.042038099558,1200407.7263333176,Significant Shortfall
C00628,V00283,"Hoffman, Santiago and Jenkins",Logistics,2024-03-27,2026-03-27,0.105,Net 45,False,Expired,2.0,209844.62,2,35167.81,4125.83246674516,0.019661368811,205718.78753325483,Significant Shortfall
C00629,V00283,"Hoffman, Santiago and Jenkins",Logistics,2022-05-08,2025-05-07,0.15,Net 30,False,Expired,3.0,264846.6,0,0.0,0.0,0.0,264846.6,Unused Contract
C00630,V00255,Bass PLC,Professional Services,2022-04-23,2025-04-22,0.107,Net 60,False,Expired,3.0,668967.3,7,218435.27,26173.09513423883,0.039124625575,642794.2048657612,Significant Shortfall
C00631,V00413,"Johnson, Small and Gardner",Logistics,2023-10-28,2026-10-27,0.059,Net 45,True,Expiring in 60 days,3.0,1118412.81,3,51485.82,3228.12260854992,0.002886342663,1115184.6873914502,Significant Shortfall
C00632,V00413,"Johnson, Small and Gardner",Logistics,2022-11-17,2024-11-16,0.207,Net 30,False,Expired,2.0,495360.16,0,0.0,0.0,0.0,495360.16,Unused Contract
C00633,V00005,Cole LLC,Professional Services,2023-01-27,2025-01-26,0.194,Net 60,False,Expired,2.0,600852.52,2,26572.14,6395.77563057846,0.010644501633,594456.7443694215,Significant Shortfall
C00634,V00257,Foley Inc,Raw Materials,2023-12-22,2026-12-21,0.096,Net 45,True,Active,3.0,191895.33,7,66516.39,7063.6874159691,0.036810105884,184831.6425840309,Significant Shortfall
C00635,V00257,Foley Inc,Raw Materials,2022-08-14,2024-08-13,0.097,Net 45,False,Expired,2.0,424343.54,1,12347.86,1326.40356501632,0.003125777678,423017.1364349837,Significant Shortfall
C00636,V00449,Grant-Walker,Office Supplies,2023-08-11,2025-08-10,0.065,Net 30,False,Expired,2.0,593390.42,8,41818.22,2907.14900162374,0.004899217958,590483.2709983763,Significant Shortfall
C00637,V00101,"Adkins, Thompson and Carroll",Logistics,2022-08-15,2024-08-14,0.093,Net 45,False,Expired,2.0,617244.88,0,0.0,0.0,0.0,617244.88,Unused Contract
C00638,V00101,"Adkins, Thompson and Carroll",Logistics,2023-07-02,2026-07-01,0.125,Net 45,False,Expired,3.0,702878.07,2,57066.93,8152.41857958099,0.011598624182,694725.651420419,Significant Shortfall
C00639,V00101,"Adkins, Thompson and Carroll",Logistics,2023-10-19,2026-10-18,0.245,Net 45,True,Expiring in 60 days,3.0,327250.02,2,8928.57,2897.35052749527,0.008853629795,324352.66947250476,Significant Shortfall
C00640,V00227,Byrd-Moore,Logistics,2022-09-17,2026-09-16,0.062,Net 15,True,Expiring in 30 days,4.0,307542.92,5,85493.22,5650.93778051082,0.018374468775,301891.9822194892,Significant Shortfall
C00641,V00430,"Cole, Pierce and Bryan",IT Services,2024-05-07,2026-05-07,0.202,Net 60,False,Expired,2.0,235456.5,11,285942.23,72381.36646829535,0.307408657091,163075.13353170463,Significant Shortfall
C00642,V00430,"Cole, Pierce and Bryan",IT Services,2022-01-25,2026-01-24,0.081,Net 45,False,Expired,4.0,1597348.2,6,210902.3,18588.7772941486,0.011637273134,1578759.4227058515,Significant Shortfall
C00643,V00214,"Rivera, Garcia and Kirk",Raw Materials,2024-02-11,2028-02-10,0.221,Net 15,True,Active,4.0,209489.68,4,67251.7,19079.1086957299,0.091074217574,190410.5713042701,Significant Shortfall
C00644,V00214,"Rivera, Garcia and Kirk",Raw Materials,2024-03-08,2026-03-08,0.168,Net 60,False,Expired,2.0,840249.24,4,25193.53,5087.15509809181,0.006054340612,835162.0849019082,Significant Shortfall
C00645,V00172,Obrien-Gibbs,IT Services,2022-07-07,2025-07-06,0.197,Net 60,False,Expired,3.0,392581.65,6,150632.1,36954.5749005852,0.09413220129,355627.0750994148,Significant Shortfall
C00646,V00099,"Parker, Ortiz and Powell",Logistics,2023-07-07,2025-07-06,0.228,Net 45,False,Expired,2.0,599936.2,2,14437.52,4263.93078348576,0.007107307049,595672.2692165142,Significant Shortfall
C00647,V00099,"Parker, Ortiz and Powell",Logistics,2022-06-21,2026-06-20,0.23,Net 30,False,Expired,4.0,858832.84,3,56834.18,16976.44339359982,0.019766877328,841856.3966064001,Significant Shortfall
C00648,V00293,"Moreno, Bennett and Chavez",Capital Equipment,2022-12-23,2025-12-22,0.197,Net 15,False,Expired,3.0,771198.0,6,620073.18,152122.56069027816,0.197254869295,619075.4393097218,Significant Shortfall
C00649,V00216,Jones LLC,Marketing,2023-08-12,2026-08-11,0.212,Net 30,False,Expired,3.0,1054080.66,4,26358.48,7091.36771586984,0.00672753802,1046989.2922841301,Significant Shortfall
C00650,V00216,Jones LLC,Marketing,2023-12-16,2026-12-15,0.149,Net 30,True,Expiring in 90 days,3.0,152144.55,4,25173.39,4407.56183120748,0.028969567633,147736.9881687925,Significant Shortfall
C00651,V00062,"Williams, Miller and Sandoval",Office Supplies,2023-12-25,2026-12-24,0.24,Net 60,True,Active,3.0,225086.64,17,84565.99,26705.04950038926,0.118643423263,198381.59049961073,Significant Shortfall
C00652,V00062,"Williams, Miller and Sandoval",Office Supplies,2022-08-07,2024-08-06,0.18,Net 15,False,Expired,2.0,108914.92,1,680.43,149.36268284385,0.001371370266,108765.55731715616,Significant Shortfall
C00653,V00048,"Garcia, Powell and Morgan",Facilities,2022-12-18,2024-12-17,0.191,Net 30,False,Expired,2.0,860763.66,0,0.0,0.0,0.0,860763.66,Unused Contract
C00654,V00048,"Garcia, Powell and Morgan",Facilities,2022-08-08,2025-08-07,0.143,Net 15,False,Expired,3.0,233777.16,3,16391.28,2735.06773242432,0.011699465133,231042.09226757567,Significant Shortfall
C00655,V00033,"Sellers, George and Burns",Professional Services,2023-08-05,2026-08-04,0.175,Net 30,False,Expired,3.0,1064736.03,8,125207.23,26559.10937876276,0.024944313549,1038176.9206212373,Significant Shortfall
C00656,V00268,Baker and Sons,Raw Materials,2022-03-06,2024-03-05,0.127,Net 30,False,Expired,2.0,696935.62,0,0.0,0.0,0.0,696935.62,Unused Contract
C00657,V00268,Baker and Sons,Raw Materials,2024-03-20,2027-03-20,0.135,Net 45,True,Active,3.0,426590.4,7,75633.72,11804.10657735408,0.02767082095,414786.29342264595,Significant Shortfall
C00658,V00268,Baker and Sons,Raw Materials,2022-01-11,2024-01-11,0.174,Net 30,False,Expired,2.0,348980.78,0,0.0,0.0,0.0,348980.78,Unused Contract
C00659,V00328,Mccormick Ltd,Raw Materials,2022-11-25,2025-11-24,0.228,Net 60,False,Expired,3.0,193120.83,7,95982.22,28347.08055990936,0.146784169061,164773.74944009064,Significant Shortfall
C00660,V00328,Mccormick Ltd,Raw Materials,2022-10-16,2025-10-15,0.174,Net 45,False,Expired,3.0,567389.58,2,69158.39,14568.47440493767,0.025676316447,552821.1055950624,Significant Shortfall
C00661,V00201,Murray Inc,IT Services,2022-12-19,2024-12-18,0.162,Net 45,False,Expired,2.0,778104.0,0,0.0,0.0,0.0,778104.0,Unused Contract
C00662,V00201,Murray Inc,IT Services,2024-02-04,2027-02-03,0.098,Net 15,True,Active,3.0,196929.78,5,71995.22,7822.097065189,0.03972023462,189107.682934811,Significant Shortfall
C00663,V00447,"Peterson, Gomez and Ingram",IT Services,2023-01-19,2027-01-18,0.224,Net 45,True,Active,4.0,1417573.48,5,152782.56,44102.18229639264,0.031111037924,1373471.2977036075,Significant Shortfall
C00664,V00447,"Peterson, Gomez and Ingram",IT Services,2023-05-13,2026-05-12,0.121,Net 15,False,Expired,3.0,423016.05,5,205438.7,28279.9576149636,0.066853155134,394736.0923850364,Significant Shortfall
C00665,V00028,"Potter, Mack and Peterson",Raw Materials,2022-06-07,2024-06-06,0.125,Net 30,False,Expired,2.0,463362.44,0,0.0,0.0,0.0,463362.44,Unused Contract
C00666,V00425,Williams-Campbell,Raw Materials,2023-03-06,2027-03-05,0.186,Net 60,True,Active,4.0,1084396.72,4,42654.06,9746.50513183974,0.008987951505,1074650.2148681602,Significant Shortfall
C00667,V00425,Williams-Campbell,Raw Materials,2024-06-18,2027-06-18,0.174,Net 30,True,Active,3.0,1205858.67,3,32249.41,6793.45924853573,0.005633710996,1199065.2107514644,Significant Shortfall
C00668,V00231,Haney-Phillips,Professional Services,2022-03-08,2025-03-07,0.067,Net 45,False,Expired,3.0,604303.29,3,59836.23,4296.92111340903,0.007110537349,600006.3688865909,Significant Shortfall
C00669,V00261,Williams LLC,Facilities,2023-06-20,2025-06-19,0.072,Net 45,False,Expired,2.0,290423.88,8,80683.66,6259.93914627762,0.021554491822,284163.9408537224,Significant Shortfall
C00670,V00289,"Leonard, Hawkins and Lynch",Facilities,2022-01-13,2024-01-13,0.154,Net 60,False,Expired,2.0,634730.68,0,0.0,0.0,0.0,634730.68,Unused Contract
C00671,V00289,"Leonard, Hawkins and Lynch",Facilities,2022-07-16,2025-07-15,0.244,Net 45,False,Expired,3.0,825909.39,11,69723.44,22503.33250411112,0.027246732846,803406.0574958889,Significant Shortfall
