invoice_id,po_id,vendor_id,invoice_amount,invoice_date,payment_status,payment_date,payment_terms,three_way_match_status
INV000001,PO000276,V00039,5073.25,2025-12-08,Unpaid,,Net 30,Matched
INV000002,PO004003,V00466,68403.56,2024-05-20,Paid Late,2024-06-14,Net 15,Matched
INV000003,PO005307,V00216,2002.98,2024-12-25,Paid,2025-01-23,Net 30,Matched
INV000004,PO001607,V00169,158749.98,2025-08-16,Paid,2025-10-17,Net 60,Matched
INV000005,PO001656,V00225,17552.42,2025-12-30,Unpaid,,Net 15,Missing Receipt
INV000006,PO003352,V00405,23072.43,2025-06-24,Paid,2025-07-30,Net 45,Matched
INV000007,PO003436,V00178,55132.24,2024-09-16,Paid Late,2024-11-29,Net 60,Price Variance
INV000008,PO000226,V00284,1343.99,2025-12-18,Paid,2025-12-26,Net 15,Matched
INV000009,PO001472,V00007,11422.79,2024-06-28,Paid,2024-07-17,Net 15,Matched
INV000010,PO000671,V00405,16570.82,2024-02-10,Paid,2024-03-21,Net 45,Matched
INV000011,PO000048,V00257,7434.06,2024-07-22,Paid,2024-08-22,Net 30,Matched
INV000012,PO002728,V00056,16339.82,2025-12-19,Unpaid,,Net 60,Matched
INV000013,PO002203,V00368,8521.82,2024-02-08,Paid,2024-03-18,Net 45,Matched
INV000014,PO000174,V00375,25022.63,2024-10-16,Paid,2024-12-03,Net 45,Missing Receipt
INV000015,PO000620,V00010,11731.5,2025-07-25,Paid Late,2025-10-05,Net 60,Matched
INV000016,PO005222,V00228,94776.48,2025-03-02,Paid,2025-03-28,Net 30,Matched
INV000017,PO000729,V00017,4565.64,2024-09-03,Paid Late,2024-11-11,Net 60,Matched
INV000018,PO000486,V00175,1236.93,2025-11-22,Paid Late,2025-12-18,Net 15,Matched
INV000019,PO001288,V00097,36912.47,2024-06-03,Paid Late,2024-07-24,Net 45,Matched
INV000020,PO000852,V00069,19776.43,2025-12-10,Unpaid,,Net 15,Price Variance
INV000021,PO005491,V00037,17511.58,2024-06-18,Paid,2024-07-30,Net 45,Matched
INV000022,PO004691,V00368,14333.4,2025-01-12,Paid,2025-02-26,Net 45,Price Variance
INV000023,PO000470,V00229,104316.1,2025-06-15,Paid,2025-07-17,Net 45,Matched
INV000024,PO000144,V00492,72580.82,2025-11-22,Unpaid,,Net 45,Price Variance
INV000025,PO000448,V00038,13853.7,2024-08-03,Paid,2024-09-01,Net 30,Matched
INV000026,PO002487,V00254,43461.91,2025-04-01,Paid,2025-04-19,Net 15,Matched
INV000027,PO002851,V00176,13953.82,2026-01-20,Unpaid,,Net 45,Matched
INV000028,PO004359,V00376,54650.78,2025-03-03,Paid,2025-04-30,Net 60,Matched
INV000029,PO003628,V00375,2878.35,2025-08-24,Paid,2025-10-12,Net 45,Matched
INV000030,PO003571,V00417,41225.26,2026-01-04,Unpaid,,Net 30,Price Variance
INV000031,PO003953,V00169,19967.67,2025-08-29,Paid,2025-09-28,Net 30,Matched
INV000032,PO002523,V00488,3345.25,2026-01-06,Unpaid,,Net 30,Matched
INV000033,PO000900,V00368,24474.89,2024-12-19,Paid,2025-01-12,Net 30,Price Variance
INV000034,PO004526,V00339,3718.5,2025-06-23,Paid Late,2025-08-14,Net 45,Price Variance
INV000035,PO002608,V00417,14213.01,2025-11-26,Paid,2025-12-05,Net 15,Matched
INV000036,PO002284,V00040,10408.34,2025-01-09,Paid Late,2025-02-03,Net 15,Price Variance
INV000037,PO005385,V00325,16425.01,2024-08-09,Paid,2024-08-27,Net 15,Matched
INV000038,PO003676,V00140,534.14,2025-10-10,Paid,2025-11-28,Net 45,Matched
INV000039,PO000765,V00368,26692.55,2025-04-07,Paid,2025-04-23,Net 15,Matched
INV000040,PO000471,V00216,6869.96,2024-03-20,Paid,2024-05-03,Net 60,Matched
INV000041,PO004999,V00368,5739.9,2024-09-16,Paid,2024-11-11,Net 60,Missing Receipt
INV000042,PO000404,V00368,142950.41,2025-06-19,Paid,2025-06-30,Net 15,Matched
INV000043,PO002355,V00038,8777.46,2024-03-26,Paid,2024-05-08,Net 45,Price Variance
INV000044,PO003539,V00368,58624.34,2024-12-18,Paid,2025-01-07,Net 15,Matched
INV000045,PO001905,V00066,40457.69,2025-02-16,Paid Late,2025-04-09,Net 45,Matched
INV000046,PO001836,V00062,6925.48,2025-05-26,Paid,2025-06-04,Net 15,Matched
INV000047,PO005499,V00349,4986.2,2024-04-03,Paid,2024-05-01,Net 30,Missing Receipt
INV000048,PO001937,V00127,27414.11,2025-10-08,Paid,2025-10-23,Net 30,Matched
INV000049,PO003823,V00293,42863.6,2024-06-20,Paid,2024-08-01,Net 45,Matched
INV000050,PO002319,V00424,40625.47,2024-05-29,Paid,2024-06-03,Net 15,Matched
INV000051,PO002927,V00295,2748.56,2024-12-29,Paid,2025-01-20,Net 30,Matched
INV000052,PO000587,V00127,1393.67,2025-12-04,Unpaid,,Net 45,Matched
INV000053,PO000021,V00239,4601.07,2025-12-04,Paid,2025-12-25,Net 30,Missing Receipt
INV000054,PO005006,V00415,30059.39,2024-08-04,Paid Late,2024-09-26,Net 45,Matched
INV000055,PO002894,V00180,3967.73,2025-05-21,Paid,2025-07-19,Net 60,Missing Receipt
INV000056,PO003655,V00368,4662.35,2024-04-21,Paid,2024-06-09,Net 45,Matched
INV000057,PO004251,V00389,14114.74,2024-02-09,Paid,2024-02-23,Net 15,Matched
INV000058,PO003015,V00045,9073.52,2025-05-27,Paid,2025-07-03,Net 45,Matched
INV000059,PO004763,V00368,5613.39,2025-06-12,Paid,2025-08-12,Net 60,Matched
INV000060,PO000018,V00210,2521.33,2025-10-29,Paid Late,2025-11-23,Net 15,Price Variance
INV000061,PO002681,V00029,102526.7,2025-02-16,Paid,2025-03-08,Net 30,Matched
INV000062,PO002825,V00256,1259.49,2025-04-22,Paid,2025-05-10,Net 15,Matched
INV000063,PO004365,V00155,2132.34,2024-04-19,Paid,2024-05-05,Net 15,Matched
INV000064,PO001251,V00368,36087.7,2025-01-03,Paid,2025-01-29,Net 30,Missing Receipt
INV000065,PO002861,V00377,125424.6,2025-05-03,Paid,2025-06-28,Net 60,Matched
INV000066,PO003546,V00173,16024.45,2024-07-18,Paid Late,2024-09-17,Net 45,Matched
INV000067,PO004869,V00384,15243.97,2024-10-03,Paid,2024-11-03,Net 30,Matched
INV000068,PO000831,V00259,3854.77,2025-01-12,Paid,2025-02-07,Net 30,Matched
INV000069,PO004482,V00375,12370.63,2025-03-06,Paid,2025-04-13,Net 60,Matched
INV000070,PO003138,V00298,215066.02,2024-06-09,Paid Late,2024-08-15,Net 60,Price Variance
INV000071,PO002503,V00013,12491.42,2025-10-08,Paid,2025-10-16,Net 15,Matched
INV000072,PO001414,V00236,579.53,2025-01-15,Paid Late,2025-03-05,Net 30,Matched
INV000073,PO002875,V00034,20783.07,2025-06-14,Paid,2025-07-02,Net 30,Matched
INV000074,PO002711,V00140,3745.3,2024-10-24,Paid,2024-10-30,Net 15,Price Variance
INV000075,PO001324,V00368,10884.69,2025-08-09,Paid Late,2025-09-14,Net 30,Price Variance
INV000076,PO001141,V00007,12853.61,2025-12-23,Paid,2025-12-31,Net 15,Matched
INV000077,PO000615,V00471,17527.07,2026-01-25,Unpaid,,Net 15,Matched
INV000078,PO001927,V00381,11296.66,2025-04-22,Paid Late,2025-05-15,Net 15,Matched
INV000079,PO005102,V00300,1819.03,2025-11-25,Paid,2025-12-08,Net 30,Matched
INV000080,PO002867,V00392,291683.79,2025-03-19,Paid,2025-04-01,Net 15,Matched
INV000081,PO000545,V00083,722.3,2024-09-22,Paid,2024-11-07,Net 45,Matched
INV000082,PO002246,V00302,1861.0,2025-09-10,Paid,2025-10-19,Net 45,Matched
INV000083,PO001095,V00476,5548.06,2025-08-26,Paid,2025-10-24,Net 60,Matched
INV000084,PO002120,V00369,17936.42,2024-05-06,Paid,2024-05-20,Net 30,Matched
INV000085,PO001683,V00195,3940.66,2025-10-09,Paid Late,2025-11-05,Net 15,Matched
INV000086,PO003067,V00134,14224.72,2025-04-20,Paid,2025-05-08,Net 15,Matched
INV000087,PO001801,V00368,133323.01,2024-08-15,Paid,2024-08-20,Net 15,Matched
INV000088,PO003327,V00333,35590.86,2024-12-28,Paid,2025-02-08,Net 45,Matched
INV000089,PO002950,V00056,25986.68,2025-03-14,Paid Late,2025-05-06,Net 45,Price Variance
INV000090,PO000344,V00281,1417.8,2025-09-05,Paid,2025-09-25,Net 30,Matched
INV000091,PO005060,V00478,52212.47,2025-09-28,Paid,2025-11-10,Net 45,Missing Receipt
INV000092,PO000075,V00195,7643.76,2024-03-27,Paid,2024-04-15,Net 30,Matched
INV000093,PO000614,V00254,5906.17,2024-07-19,Paid,2024-08-04,Net 15,Matched
INV000094,PO000036,V00368,17571.72,2025-10-29,Paid,2025-11-15,Net 15,Matched
INV000095,PO001677,V00468,11392.86,2025-11-15,Unpaid,,Net 30,Matched
INV000096,PO001380,V00184,2138.14,2025-03-28,Paid,2025-05-07,Net 45,Matched
INV000097,PO001875,V00013,15972.58,2024-12-17,Paid,2025-02-17,Net 60,Matched
INV000098,PO000611,V00239,28256.2,2025-01-15,Paid,2025-02-19,Net 30,Matched
INV000099,PO001084,V00198,4128.2,2025-10-21,Paid,2025-12-19,Net 60,Missing Receipt
INV000100,PO004556,V00031,23586.87,2024-07-12,Paid,2024-07-25,Net 15,Matched
INV000101,PO003314,V00196,2894.1,2025-07-12,Paid Late,2025-08-21,Net 30,Missing Receipt
INV000102,PO002127,V00113,4804.67,2024-07-09,Paid,2024-07-25,Net 15,Price Variance
INV000103,PO000479,V00229,40561.67,2025-05-08,Paid,2025-05-28,Net 15,Matched
INV000104,PO003857,V00230,8454.93,2024-09-28,Paid,2024-10-12,Net 15,Matched
INV000105,PO004446,V00109,12991.59,2025-06-26,Paid,2025-08-10,Net 45,Matched
INV000106,PO002888,V00429,35443.99,2026-01-24,Unpaid,,Net 30,Matched
INV000107,PO000836,V00319,5077.06,2024-05-14,Paid,2024-07-01,Net 45,Matched
INV000108,PO002041,V00091,179416.57,2025-09-04,Paid Late,2025-10-10,Net 30,Matched
INV000109,PO001750,V00267,19863.66,2024-12-23,Paid Late,2025-01-17,Net 15,Matched
INV000110,PO003153,V00196,11775.55,2025-10-31,Unpaid,,Net 60,Matched
INV000111,PO002002,V00013,18043.93,2025-07-02,Paid,2025-08-31,Net 60,Matched
INV000112,PO000185,V00127,7516.1,2024-10-02,Paid Late,2024-10-31,Net 15,Missing Receipt
INV000113,PO000688,V00362,13592.5,2024-03-03,Paid,2024-03-26,Net 30,Matched
INV000114,PO004857,V00392,10371.54,2024-09-07,Paid,2024-09-12,Net 15,Price Variance
INV000115,PO003987,V00368,13609.37,2024-02-06,Paid,2024-02-20,Net 15,Matched
INV000116,PO002714,V00246,1812.23,2025-04-14,Paid,2025-05-31,Net 60,Matched
INV000117,PO002652,V00028,13477.32,2024-04-06,Paid,2024-04-27,Net 30,Matched
INV000118,PO002542,V00247,7106.37,2025-07-23,Paid,2025-08-04,Net 15,Matched
INV000119,PO004538,V00287,11309.41,2024-06-22,Paid,2024-07-27,Net 30,Price Variance
INV000120,PO005101,V00411,20710.2,2024-08-23,Paid,2024-08-30,Net 15,Matched
INV000121,PO000847,V00411,10452.98,2024-04-16,Paid,2024-04-30,Net 15,Matched
INV000122,PO005277,V00438,11549.07,2024-06-14,Paid,2024-08-13,Net 60,Matched
INV000123,PO002832,V00070,34413.28,2025-05-01,Paid Late,2025-07-07,Net 60,Missing Receipt
INV000124,PO005118,V00177,18636.58,2024-10-29,Paid Late,2024-12-05,Net 15,Matched
INV000125,PO001446,V00325,3771.18,2024-10-16,Paid,2024-10-21,Net 15,Matched
INV000126,PO001874,V00108,8040.23,2025-10-13,Paid,2025-10-31,Net 15,Matched
INV000127,PO003228,V00369,39991.6,2025-04-24,Paid Late,2025-06-15,Net 45,Matched
INV000128,PO000283,V00073,4184.31,2025-02-19,Paid,2025-04-06,Net 45,Matched
INV000129,PO001850,V00110,1980.47,2024-01-31,Paid,2024-03-19,Net 45,Matched
INV000130,PO000321,V00285,6540.61,2024-12-27,Paid,2025-01-06,Net 15,Matched
INV000131,PO004326,V00368,11721.36,2024-11-16,Paid,2025-01-16,Net 60,Matched
INV000132,PO003618,V00241,7290.44,2024-04-29,Paid,2024-05-11,Net 15,Price Variance
INV000133,PO004901,V00172,35437.27,2025-12-06,Paid,2025-12-14,Net 15,Price Variance
INV000134,PO000049,V00346,26434.53,2025-12-16,Unpaid,,Net 60,Matched
INV000135,PO003769,V00169,178179.05,2025-09-30,Paid,2025-10-31,Net 45,Missing Receipt
INV000136,PO003639,V00403,4095.12,2025-12-23,Unpaid,,Net 60,Matched
INV000137,PO001806,V00426,590.17,2025-10-10,Paid,2025-12-12,Net 60,Matched
INV000138,PO001600,V00434,2194.36,2024-03-08,Paid,2024-03-26,Net 15,Matched
INV000139,PO003959,V00365,10840.04,2024-04-16,Paid,2024-05-28,Net 45,Matched
INV000140,PO004218,V00321,50268.93,2024-07-20,Paid Late,2024-09-13,Net 45,Matched
INV000141,PO003085,V00119,8780.26,2025-07-04,Paid,2025-08-02,Net 45,Matched
INV000142,PO002833,V00403,3106.06,2024-05-16,Paid,2024-07-04,Net 60,Matched
INV000143,PO001044,V00181,2197.27,2024-07-07,Paid,2024-09-02,Net 60,Matched
INV000144,PO005018,V00084,9789.14,2026-01-13,Unpaid,,Net 60,Matched
INV000145,PO001610,V00071,517.83,2025-12-23,Unpaid,,Net 60,Price Variance
INV000146,PO004918,V00076,5210.92,2025-09-02,Paid,2025-10-28,Net 60,Matched
INV000147,PO002076,V00454,7668.94,2025-10-28,Paid,2025-12-13,Net 45,Matched
INV000148,PO000909,V00166,5202.24,2024-06-19,Paid,2024-07-03,Net 15,Matched
INV000149,PO003413,V00322,4853.44,2025-02-18,Paid,2025-04-01,Net 45,Matched
INV000150,PO004646,V00449,6693.14,2025-03-01,Paid Late,2025-03-22,Net 15,Matched
INV000151,PO001497,V00441,3875.09,2025-09-27,Paid Late,2025-11-18,Net 45,Price Variance
INV000152,PO000692,V00149,26177.21,2024-09-14,Paid Late,2024-10-24,Net 30,Matched
INV000153,PO000299,V00180,4909.02,2025-10-06,Paid,2025-11-09,Net 30,Matched
INV000154,PO003674,V00119,19631.61,2025-06-20,Paid Late,2025-08-03,Net 15,Matched
INV000155,PO000103,V00196,3471.35,2025-07-02,Paid,2025-08-07,Net 60,Matched
INV000156,PO003449,V00169,99188.16,2024-12-10,Paid,2025-01-15,Net 60,Price Variance
INV000157,PO005489,V00438,80606.83,2025-08-31,Paid,2025-10-18,Net 60,Missing Receipt
INV000158,PO004804,V00368,69917.7,2024-11-30,Paid,2025-01-09,Net 45,Missing Receipt
INV000159,PO001091,V00278,7621.18,2024-08-08,Paid,2024-10-02,Net 60,Missing Receipt
INV000160,PO001602,V00407,6071.95,2025-10-21,Paid,2025-11-29,Net 45,Matched
INV000161,PO002618,V00001,1373.55,2025-03-14,Paid Late,2025-05-20,Net 60,Missing Receipt
INV000162,PO001163,V00455,8183.59,2025-07-13,Paid,2025-08-24,Net 45,Matched
INV000163,PO004706,V00482,4503.88,2025-09-25,Paid,2025-09-30,Net 15,Price Variance
INV000164,PO001582,V00494,2102.68,2025-03-01,Paid,2025-04-01,Net 45,Matched
INV000165,PO004076,V00326,25091.02,2025-10-12,Paid,2025-12-07,Net 60,Matched
INV000166,PO004325,V00450,12587.92,2024-12-30,Paid Late,2025-01-25,Net 15,Matched
INV000167,PO000419,V00158,3168.76,2024-02-18,Paid,2024-03-03,Net 15,Matched
INV000168,PO002924,V00281,20945.29,2025-09-20,Paid,2025-11-07,Net 45,Matched
INV000169,PO000932,V00353,5128.69,2025-04-28,Paid,2025-06-27,Net 60,Matched
INV000170,PO004647,V00427,2906.22,2024-07-07,Paid Late,2024-08-12,Net 15,Matched
INV000171,PO005143,V00491,53021.37,2024-11-12,Paid,2024-12-22,Net 45,Matched
INV000172,PO002926,V00311,5190.72,2024-09-28,Paid,2024-10-19,Net 30,Price Variance
INV000173,PO000256,V00176,19622.65,2024-02-27,Paid,2024-03-08,Net 15,Missing Receipt
INV000174,PO002983,V00454,23840.54,2024-08-06,Paid,2024-09-12,Net 45,Matched
INV000175,PO004442,V00052,7347.22,2025-02-26,Paid,2025-03-22,Net 30,Matched
INV000176,PO001987,V00289,9286.29,2025-12-30,Unpaid,,Net 15,Matched
INV000177,PO004938,V00325,37738.0,2025-02-11,Paid,2025-04-12,Net 60,Matched
INV000178,PO001237,V00473,10238.1,2025-07-09,Paid,2025-07-25,Net 15,Price Variance
INV000179,PO001553,V00329,8700.65,2024-04-19,Paid,2024-05-11,Net 30,Matched
INV000180,PO000809,V00168,16290.08,2025-04-02,Paid,2025-04-28,Net 30,Matched
INV000181,PO003633,V00319,7021.03,2024-07-27,Paid,2024-08-28,Net 30,Matched
INV000182,PO002023,V00273,10762.05,2025-08-10,Paid,2025-08-26,Net 15,Missing Receipt
INV000183,PO004064,V00105,8166.51,2025-12-02,Paid,2025-12-16,Net 15,Matched
INV000184,PO002992,V00382,17154.15,2024-11-28,Paid,2025-01-15,Net 45,Matched
INV000185,PO005000,V00452,1391.73,2024-12-17,Paid Late,2025-02-23,Net 60,Missing Receipt
INV000186,PO003164,V00298,120243.55,2024-03-12,Paid,2024-05-16,Net 60,Matched
INV000187,PO000456,V00491,12481.13,2025-12-08,Unpaid,,Net 60,Matched
INV000188,PO004104,V00409,34149.63,2025-06-08,Paid,2025-08-02,Net 60,Matched
INV000189,PO001316,V00479,7174.74,2026-01-08,Unpaid,,Net 15,Matched
INV000190,PO002114,V00391,47000.94,2024-07-03,Paid,2024-08-17,Net 45,Matched
INV000191,PO005429,V00493,4464.92,2025-02-28,Paid,2025-04-30,Net 60,Matched
INV000192,PO000722,V00384,11646.65,2024-12-21,Paid Late,2025-02-25,Net 60,Price Variance
INV000193,PO001869,V00235,4220.05,2024-12-04,Paid,2025-01-11,Net 45,Matched
INV000194,PO004387,V00451,65403.54,2025-11-03,Paid,2025-11-27,Net 30,Matched
INV000195,PO001282,V00267,24004.25,2025-11-09,Unpaid,,Net 60,Matched
INV000196,PO004777,V00185,34947.63,2025-12-24,Unpaid,,Net 30,Matched
INV000197,PO000208,V00143,2953.84,2025-08-29,Paid Late,2025-10-19,Net 45,Matched
INV000198,PO005303,V00494,17772.38,2025-07-24,Paid,2025-08-28,Net 30,Price Variance
INV000199,PO005399,V00257,3556.59,2025-07-16,Paid,2025-09-05,Net 60,Matched
INV000200,PO003888,V00496,25040.46,2025-07-16,Paid,2025-07-23,Net 15,Missing Receipt
INV000201,PO003444,V00426,7634.34,2025-05-08,Paid,2025-06-11,Net 45,Matched
INV000202,PO001942,V00368,44967.56,2025-06-25,Paid Late,2025-08-07,Net 30,Matched
INV000203,PO004864,V00391,24906.2,2025-07-26,Paid,2025-08-25,Net 30,Matched
INV000204,PO004666,V00368,20078.7,2025-04-24,Paid,2025-06-26,Net 60,Price Variance
INV000205,PO004492,V00368,4855.9,2025-02-23,Paid,2025-04-08,Net 45,Matched
INV000206,PO003414,V00381,13547.44,2025-03-21,Paid,2025-04-04,Net 15,Matched
INV000207,PO000449,V00228,17830.35,2025-05-24,Paid Late,2025-07-23,Net 45,Matched
INV000208,PO004799,V00042,18594.38,2024-06-28,Paid,2024-08-31,Net 60,Price Variance
INV000209,PO002560,V00113,86021.53,2026-01-09,Unpaid,,Net 15,Missing Receipt
INV000210,PO001338,V00272,15227.28,2024-03-03,Paid,2024-03-20,Net 15,Matched
INV000211,PO005460,V00247,15010.46,2024-12-01,Paid Late,2025-02-08,Net 60,Matched
INV000212,PO003870,V00169,43894.95,2024-08-16,Paid,2024-09-20,Net 45,Matched
INV000213,PO004942,V00368,58099.17,2025-07-24,Paid,2025-09-11,Net 45,Matched
INV000214,PO000658,V00399,41663.03,2024-07-28,Paid,2024-09-05,Net 45,Matched
INV000215,PO002505,V00048,2347.3,2025-04-07,Paid Late,2025-04-29,Net 15,Matched
INV000216,PO005238,V00362,4734.04,2025-01-19,Paid,2025-02-09,Net 30,Matched
INV000217,PO000074,V00394,26132.01,2025-07-12,Paid Late,2025-08-02,Net 15,Matched
INV000218,PO001011,V00368,27587.56,2025-06-29,Paid,2025-07-10,Net 15,Matched
INV000219,PO005291,V00494,5405.65,2025-03-11,Paid,2025-03-24,Net 15,Matched
INV000220,PO000532,V00477,6097.67,2025-02-09,Paid,2025-02-26,Net 30,Matched
INV000221,PO000685,V00096,762.57,2024-11-04,Paid,2025-01-06,Net 60,Matched
INV000222,PO001642,V00083,1761.99,2026-01-11,Unpaid,,Net 60,Matched
INV000223,PO002033,V00025,8646.57,2024-07-20,Paid Late,2024-09-28,Net 60,Matched
INV000224,PO001253,V00203,5346.69,2024-10-23,Paid,2024-11-07,Net 15,Matched
INV000225,PO002406,V00281,5335.24,2025-05-13,Paid,2025-05-18,Net 15,Matched
INV000226,PO002960,V00168,3353.48,2024-03-22,Paid,2024-05-15,Net 60,Matched
INV000227,PO004591,V00154,2096.7,2025-08-24,Paid,2025-08-29,Net 15,Matched
INV000228,PO001538,V00342,1501.22,2025-01-27,Paid,2025-03-07,Net 45,Matched
INV000229,PO000281,V00036,16930.85,2025-06-08,Paid,2025-06-28,Net 30,Price Variance
INV000230,PO005013,V00403,4849.73,2025-06-26,Paid,2025-07-28,Net 45,Matched
INV000231,PO001192,V00169,37399.97,2024-06-13,Paid,2024-06-25,Net 15,Missing Receipt
INV000232,PO005155,V00447,22574.09,2025-03-31,Paid,2025-04-05,Net 15,Price Variance
INV000233,PO003916,V00223,24739.67,2025-01-27,Paid,2025-03-13,Net 45,Price Variance
INV000234,PO000396,V00027,5494.87,2025-07-25,Paid,2025-08-12,Net 15,Matched
INV000235,PO004582,V00328,16619.72,2025-11-18,Paid,2025-12-09,Net 30,Matched
INV000236,PO000213,V00038,4648.86,2025-10-28,Paid,2025-11-29,Net 30,Matched
INV000237,PO002661,V00003,10490.95,2025-09-04,Paid,2025-09-28,Net 30,Matched
INV000238,PO001128,V00298,34685.92,2025-11-08,Paid,2025-12-16,Net 45,Matched
INV000239,PO003241,V00205,7705.46,2025-02-07,Paid,2025-04-13,Net 60,Matched
INV000240,PO002885,V00267,2262.23,2024-12-19,Paid,2025-01-07,Net 15,Matched
INV000241,PO003735,V00285,21815.98,2024-02-09,Paid,2024-03-07,Net 30,Matched
INV000242,PO001212,V00111,4911.64,2026-01-21,Unpaid,,Net 45,Price Variance
INV000243,PO004797,V00171,2748.86,2025-12-17,Unpaid,,Net 60,Missing Receipt
INV000244,PO003107,V00468,40780.07,2024-08-13,Paid Late,2024-10-27,Net 45,Matched
INV000245,PO002277,V00078,14703.94,2024-11-30,Paid,2025-01-03,Net 45,Missing Receipt
INV000246,PO005487,V00432,98315.29,2025-10-21,Paid,2025-11-02,Net 15,Matched
INV000247,PO003275,V00273,7445.82,2025-04-29,Paid,2025-05-16,Net 15,Matched
INV000248,PO001511,V00368,6906.19,2024-06-03,Paid Late,2024-07-30,Net 45,Matched
INV000249,PO000219,V00037,23142.69,2024-07-05,Paid,2024-08-17,Net 45,Matched
INV000250,PO004734,V00378,5419.5,2024-01-27,Paid Late,2024-04-12,Net 60,Matched
INV000251,PO000856,V00115,16656.31,2024-11-23,Paid,2025-01-08,Net 45,Matched
INV000252,PO005215,V00142,7576.35,2024-04-15,Paid,2024-05-21,Net 45,Price Variance
INV000253,PO003636,V00252,25118.92,2025-10-14,Paid,2025-11-03,Net 15,Matched
INV000254,PO002323,V00049,17205.28,2025-02-05,Paid,2025-02-11,Net 15,Price Variance
INV000255,PO002811,V00368,33167.35,2025-11-01,Unpaid,,Net 60,Matched
INV000256,PO004663,V00105,72767.06,2025-01-04,Paid Late,2025-03-14,Net 60,Matched
INV000257,PO003133,V00368,2502.97,2025-12-13,Unpaid,,Net 30,Missing Receipt
INV000258,PO004259,V00412,6596.47,2024-07-12,Paid,2024-08-31,Net 45,Matched
INV000259,PO004533,V00070,18338.84,2025-07-24,Paid,2025-09-19,Net 60,Matched
INV000260,PO002174,V00374,9840.61,2025-03-28,Paid Late,2025-04-20,Net 15,Matched
INV000261,PO003302,V00352,10875.49,2025-06-17,Paid,2025-07-19,Net 30,Matched
INV000262,PO000372,V00368,37335.99,2025-11-06,Paid,2025-12-26,Net 45,Matched
INV000263,PO004284,V00254,9781.83,2025-12-14,Paid,2025-12-19,Net 15,Matched
INV000264,PO003310,V00335,13878.59,2025-11-12,Paid Late,2025-12-03,Net 15,Matched
INV000265,PO005052,V00115,6639.01,2025-11-23,Unpaid,,Net 60,Matched
INV000266,PO000437,V00368,6097.59,2025-10-11,Paid,2025-12-09,Net 60,Price Variance
INV000267,PO003513,V00499,25476.91,2025-08-10,Paid,2025-10-05,Net 60,Matched
INV000268,PO003899,V00313,3274.17,2024-04-17,Paid,2024-05-06,Net 30,Matched
INV000269,PO001743,V00036,26036.77,2024-07-07,Paid,2024-09-06,Net 60,Matched
INV000270,PO000618,V00169,87512.86,2025-10-31,Paid,2025-12-10,Net 45,Matched
INV000271,PO003351,V00466,32114.48,2024-12-15,Paid,2024-12-28,Net 15,Matched
INV000272,PO000523,V00437,366.86,2024-02-24,Paid,2024-04-20,Net 60,Matched
INV000273,PO003512,V00061,2978.88,2025-07-04,Paid Late,2025-08-30,Net 45,Matched
INV000274,PO001777,V00266,15810.54,2024-09-14,Paid Late,2024-10-20,Net 30,Missing Receipt
INV000275,PO001229,V00169,25576.73,2025-10-16,Paid,2025-11-07,Net 30,Missing Receipt
INV000276,PO005272,V00403,13737.0,2024-09-23,Paid,2024-11-10,Net 45,Matched
INV000277,PO002605,V00125,3451.17,2025-03-01,Paid,2025-03-11,Net 15,Matched
INV000278,PO004274,V00113,89409.18,2025-07-21,Paid,2025-09-07,Net 45,Price Variance
INV000279,PO004575,V00098,4062.32,2025-11-18,Unpaid,,Net 60,Matched
INV000280,PO002145,V00051,12205.65,2025-10-06,Paid,2025-11-10,Net 45,Matched
INV000281,PO000912,V00174,4265.28,2025-07-29,Paid Late,2025-10-03,Net 60,Matched
INV000282,PO000112,V00018,14526.36,2024-11-22,Paid Late,2025-01-28,Net 60,Matched
INV000283,PO005302,V00109,3900.4,2024-02-19,Paid,2024-04-16,Net 60,Matched
INV000284,PO003280,V00207,5981.83,2025-07-13,Paid,2025-08-25,Net 45,Matched
INV000285,PO000480,V00216,1391.91,2025-10-24,Paid,2025-12-07,Net 45,Matched
INV000286,PO005061,V00476,5060.62,2024-08-11,Paid,2024-08-19,Net 15,Missing Receipt
INV000287,PO003537,V00343,20329.9,2025-06-04,Paid,2025-06-28,Net 30,Matched
INV000288,PO000802,V00422,25174.99,2025-04-13,Paid,2025-04-27,Net 15,Matched
INV000289,PO004136,V00403,12557.8,2024-07-09,Paid Late,2024-09-06,Net 45,Missing Receipt
INV000290,PO003205,V00246,14134.43,2024-07-17,Paid,2024-08-18,Net 45,Missing Receipt
INV000291,PO001637,V00399,37889.48,2025-10-23,Paid Late,2025-11-29,Net 30,Matched
INV000292,PO001019,V00450,9712.16,2024-08-06,Paid,2024-08-29,Net 30,Matched
INV000293,PO003564,V00227,23440.28,2024-12-12,Paid,2024-12-17,Net 15,Price Variance
INV000294,PO002762,V00284,50147.61,2025-08-16,Paid Late,2025-09-24,Net 30,Missing Receipt
INV000295,PO005001,V00368,13769.43,2025-05-17,Paid,2025-05-28,Net 15,Matched
INV000296,PO000190,V00278,17417.24,2025-04-12,Paid Late,2025-05-05,Net 15,Matched
INV000297,PO005033,V00337,5150.45,2024-07-18,Paid,2024-07-23,Net 15,Matched
INV000298,PO001347,V00193,5755.95,2024-09-25,Paid,2024-11-03,Net 45,Matched
INV000299,PO001547,V00433,10687.01,2025-12-08,Paid,2025-12-13,Net 15,Matched
INV000300,PO002735,V00160,17449.77,2026-01-15,Unpaid,,Net 30,Matched
INV000301,PO002991,V00095,3877.66,2024-07-19,Paid,2024-09-20,Net 60,Matched
INV000302,PO001235,V00490,5634.16,2024-11-13,Paid,2024-12-22,Net 45,Matched
INV000303,PO003624,V00368,40035.75,2025-07-11,Paid,2025-08-17,Net 45,Matched
INV000304,PO000710,V00142,27147.67,2025-07-13,Paid,2025-07-18,Net 15,Matched
INV000305,PO005382,V00075,3377.03,2025-02-10,Paid,2025-04-14,Net 60,Price Variance
INV000306,PO003978,V00176,40679.82,2024-02-20,Paid,2024-03-21,Net 30,Missing Receipt
INV000307,PO000044,V00336,1955.41,2025-08-01,Paid,2025-08-08,Net 15,Missing Receipt
INV000308,PO000312,V00143,3955.51,2025-06-14,Paid,2025-07-15,Net 30,Matched
INV000309,PO002688,V00462,21544.17,2025-01-03,Paid,2025-02-25,Net 60,Matched
INV000310,PO001952,V00429,7688.63,2025-12-11,Unpaid,,Net 30,Missing Receipt
INV000311,PO000093,V00085,60670.7,2025-05-10,Paid,2025-07-13,Net 60,Matched
INV000312,PO002345,V00203,27171.9,2025-05-01,Paid Late,2025-06-06,Net 15,Matched
INV000313,PO003126,V00087,20698.85,2024-07-06,Paid Late,2024-08-27,Net 45,Matched
INV000314,PO002467,V00368,2310.98,2024-11-21,Paid,2025-01-16,Net 60,Matched
INV000315,PO004255,V00490,2309.57,2025-07-11,Paid,2025-08-25,Net 45,Matched
INV000316,PO003143,V00121,5452.7,2025-05-11,Paid,2025-06-25,Net 45,Matched
INV000317,PO000864,V00340,11112.35,2024-11-06,Paid,2024-11-19,Net 15,Matched
INV000318,PO001267,V00197,20459.02,2025-07-07,Paid Late,2025-09-06,Net 45,Price Variance
INV000319,PO004159,V00170,10544.11,2026-01-15,Unpaid,,Net 45,Matched
INV000320,PO000294,V00087,12824.24,2024-06-10,Paid,2024-06-15,Net 15,Matched
INV000321,PO005053,V00298,6000.92,2025-09-22,Paid Late,2025-12-13,Net 60,Matched
INV000322,PO004050,V00194,12320.98,2024-03-20,Paid,2024-05-06,Net 45,Matched
INV000323,PO002024,V00425,958.59,2025-01-28,Paid Late,2025-04-04,Net 60,Matched
INV000324,PO002777,V00289,1699.09,2024-12-24,Paid,2025-02-11,Net 60,Price Variance
INV000325,PO003393,V00332,5890.57,2024-04-26,Paid,2024-06-18,Net 60,Matched
INV000326,PO000435,V00375,11311.81,2025-02-12,Paid Late,2025-04-05,Net 45,Price Variance
INV000327,PO000252,V00120,22314.17,2025-04-01,Paid,2025-04-13,Net 15,Matched
INV000328,PO002621,V00418,10339.25,2025-12-17,Unpaid,,Net 60,Matched
INV000329,PO002794,V00080,17827.9,2025-06-15,Paid Late,2025-07-26,Net 30,Matched
INV000330,PO005391,V00383,3782.87,2024-07-04,Paid,2024-07-19,Net 30,Matched
INV000331,PO001652,V00248,15550.59,2025-06-10,Paid,2025-06-26,Net 30,Matched
INV000332,PO004067,V00437,50391.89,2025-10-26,Paid,2025-12-28,Net 60,Matched
INV000333,PO004242,V00013,7678.76,2024-03-19,Paid,2024-03-24,Net 15,Matched
INV000334,PO001572,V00306,5374.55,2024-04-28,Paid,2024-05-31,Net 30,Matched
INV000335,PO004771,V00181,6626.03,2025-02-24,Paid Late,2025-05-04,Net 60,Matched
INV000336,PO003288,V00286,43659.7,2025-02-18,Paid,2025-04-14,Net 60,Matched
INV000337,PO004759,V00179,8412.14,2025-11-17,Unpaid,,Net 45,Matched
INV000338,PO005389,V00368,26433.73,2024-09-28,Paid,2024-11-05,Net 45,Matched
INV000339,PO003349,V00069,13339.49,2024-03-16,Paid,2024-05-15,Net 60,Matched
INV000340,PO000297,V00495,4462.7,2024-06-25,Paid,2024-07-28,Net 30,Price Variance
INV000341,PO002100,V00204,17194.8,2024-07-09,Paid,2024-08-13,Net 30,Matched
INV000342,PO004265,V00279,13306.47,2024-12-09,Paid,2024-12-24,Net 15,Missing Receipt
INV000343,PO000042,V00368,32788.29,2024-02-19,Paid,2024-03-28,Net 45,Matched
INV000344,PO001621,V00082,7699.9,2024-08-30,Paid,2024-10-03,Net 45,Missing Receipt
INV000345,PO004595,V00318,5539.78,2024-08-20,Paid Late,2024-10-25,Net 60,Matched
INV000346,PO004967,V00121,84085.25,2024-03-22,Paid,2024-04-14,Net 30,Matched
INV000347,PO000602,V00004,44107.34,2024-12-29,Paid,2025-02-01,Net 30,Matched
INV000348,PO004073,V00161,5322.83,2024-02-23,Paid,2024-03-03,Net 15,Matched
INV000349,PO000663,V00472,17570.22,2025-09-14,Paid,2025-11-13,Net 60,Matched
INV000350,PO001615,V00463,52362.2,2024-06-20,Paid Late,2024-07-27,Net 30,Price Variance
INV000351,PO005112,V00321,41833.1,2025-01-22,Paid Late,2025-03-01,Net 30,Matched
INV000352,PO001775,V00033,26479.64,2024-06-15,Paid,2024-07-23,Net 45,Matched
INV000353,PO004686,V00355,42908.94,2024-12-28,Paid,2025-02-26,Net 60,Price Variance
INV000354,PO004667,V00403,11850.28,2025-11-22,Paid,2025-12-24,Net 45,Matched
INV000355,PO005459,V00328,43264.14,2025-03-17,Paid,2025-04-29,Net 45,Price Variance
INV000356,PO002629,V00385,25689.48,2024-12-25,Paid,2025-02-24,Net 60,Matched
INV000357,PO001520,V00288,21869.17,2025-12-08,Unpaid,,Net 45,Price Variance
INV000358,PO004626,V00221,21823.9,2025-07-07,Paid,2025-08-16,Net 45,Missing Receipt
INV000359,PO002489,V00459,62892.99,2025-09-30,Paid Late,2025-11-07,Net 30,Price Variance
INV000360,PO004042,V00368,143148.86,2025-07-01,Paid,2025-08-01,Net 30,Matched
INV000361,PO002812,V00356,49008.66,2024-05-31,Paid,2024-08-01,Net 60,Price Variance
INV000362,PO003171,V00368,45456.59,2024-02-16,Paid,2024-04-04,Net 60,Matched
INV000363,PO001580,V00086,542.87,2025-01-09,Paid,2025-01-21,Net 15,Missing Receipt
INV000364,PO000118,V00290,3834.07,2025-02-11,Paid Late,2025-03-24,Net 15,Missing Receipt
INV000365,PO000577,V00413,6322.7,2024-08-24,Paid,2024-10-17,Net 60,Price Variance
INV000366,PO000442,V00490,8857.69,2024-12-21,Paid,2025-01-10,Net 30,Matched
INV000367,PO001424,V00403,29784.2,2024-10-26,Paid,2024-12-22,Net 60,Matched
INV000368,PO002887,V00158,6150.89,2026-01-05,Unpaid,,Net 45,Price Variance
INV000369,PO003736,V00125,3516.83,2025-01-27,Paid,2025-02-17,Net 30,Matched
INV000370,PO003014,V00174,2236.48,2024-06-07,Paid,2024-08-01,Net 60,Price Variance
INV000371,PO001433,V00148,1395.31,2025-06-17,Paid,2025-08-01,Net 45,Matched
INV000372,PO001825,V00274,1479.32,2025-07-29,Paid Late,2025-09-21,Net 45,Matched
INV000373,PO003538,V00145,34806.27,2024-08-22,Paid,2024-10-13,Net 60,Price Variance
INV000374,PO005120,V00326,1398.33,2025-01-19,Paid,2025-01-24,Net 15,Matched
INV000375,PO001871,V00364,7172.48,2024-04-23,Paid,2024-06-01,Net 45,Matched
INV000376,PO004805,V00432,22952.84,2024-06-26,Paid,2024-08-14,Net 45,Matched
INV000377,PO002228,V00368,25648.63,2025-06-10,Paid Late,2025-08-16,Net 60,Missing Receipt
INV000378,PO004810,V00368,56803.48,2025-11-26,Unpaid,,Net 45,Matched
INV000379,PO002935,V00430,2658.71,2026-01-02,Unpaid,,Net 60,Matched
INV000380,PO003359,V00445,31859.56,2025-11-17,Paid,2025-12-27,Net 45,Matched
INV000381,PO004672,V00415,81957.47,2025-04-25,Paid Late,2025-06-11,Net 30,Matched
INV000382,PO005339,V00095,21989.75,2024-12-01,Paid,2024-12-15,Net 30,Matched
INV000383,PO005481,V00326,644.18,2025-04-28,Paid,2025-05-26,Net 30,Matched
INV000384,PO003598,V00282,4649.91,2024-10-01,Paid,2024-11-23,Net 60,Matched
INV000385,PO004853,V00300,2091.68,2024-09-30,Paid,2024-10-10,Net 15,Matched
INV000386,PO001765,V00287,23118.15,2024-01-28,Paid,2024-02-02,Net 15,Missing Receipt
INV000387,PO003091,V00353,37455.15,2024-11-09,Paid Late,2025-01-25,Net 60,Matched
INV000388,PO000386,V00169,27175.09,2024-09-15,Paid,2024-11-12,Net 60,Missing Receipt
INV000389,PO003387,V00134,20717.23,2025-06-21,Paid,2025-07-04,Net 15,Missing Receipt
INV000390,PO002339,V00007,26908.38,2025-09-15,Paid,2025-10-30,Net 45,Price Variance
INV000391,PO001143,V00095,14489.25,2024-09-21,Paid,2024-10-26,Net 30,Missing Receipt
INV000392,PO002344,V00408,16232.24,2024-11-22,Paid Late,2024-12-15,Net 15,Matched
INV000393,PO001598,V00368,26104.21,2025-10-26,Paid,2025-11-19,Net 30,Matched
INV000394,PO004578,V00354,33740.56,2024-07-05,Paid,2024-08-17,Net 45,Missing Receipt
INV000395,PO001407,V00166,8013.42,2025-06-19,Paid,2025-08-05,Net 45,Matched
INV000396,PO003669,V00259,1666.08,2024-07-29,Paid,2024-09-29,Net 60,Matched
INV000397,PO000356,V00253,4200.26,2025-12-19,Unpaid,,Net 45,Matched
INV000398,PO004590,V00372,21491.14,2024-12-09,Paid Late,2025-01-03,Net 15,Matched
INV000399,PO004822,V00354,11945.4,2024-11-27,Paid Late,2025-01-18,Net 45,Matched
INV000400,PO000792,V00452,1770.01,2024-05-19,Paid,2024-07-07,Net 45,Matched
INV000401,PO001208,V00453,8047.7,2024-05-14,Paid,2024-07-02,Net 45,Price Variance
INV000402,PO005211,V00295,1343.23,2024-07-29,Paid,2024-09-28,Net 60,Matched
INV000403,PO004294,V00094,8764.21,2024-02-01,Paid,2024-04-03,Net 60,Matched
INV000404,PO003819,V00234,1496.27,2025-08-26,Paid,2025-09-27,Net 30,Matched
INV000405,PO001297,V00486,5491.69,2025-09-28,Paid,2025-10-30,Net 30,Matched
INV000406,PO000266,V00273,758.78,2025-01-02,Paid Late,2025-03-09,Net 60,Matched
INV000407,PO003685,V00281,13860.19,2025-01-12,Paid Late,2025-03-20,Net 60,Matched
INV000408,PO000327,V00138,3339.79,2024-06-15,Paid Late,2024-08-23,Net 45,Matched
INV000409,PO000239,V00211,8278.91,2024-06-09,Paid,2024-06-15,Net 15,Matched
INV000410,PO003363,V00300,9075.47,2024-06-10,Paid,2024-08-09,Net 60,Missing Receipt
INV000411,PO004208,V00116,23551.11,2025-01-06,Paid,2025-03-05,Net 60,Matched
INV000412,PO001989,V00212,1048.37,2025-04-02,Paid,2025-04-19,Net 30,Matched
INV000413,PO002760,V00013,7927.09,2024-06-22,Paid Late,2024-07-29,Net 30,Matched
INV000414,PO003115,V00387,13201.53,2024-05-15,Paid,2024-05-28,Net 15,Matched
INV000415,PO005156,V00427,1255.99,2025-08-12,Paid,2025-08-31,Net 15,Matched
INV000416,PO000158,V00368,15656.2,2025-03-05,Paid,2025-04-05,Net 30,Matched
INV000417,PO002718,V00214,8556.52,2025-11-28,Unpaid,,Net 60,Matched
INV000418,PO002630,V00233,3002.74,2025-12-26,Unpaid,,Net 45,Matched
INV000419,PO002137,V00246,29918.86,2024-08-05,Paid,2024-10-08,Net 60,Matched
INV000420,PO000357,V00333,19705.46,2025-11-27,Paid,2025-12-15,Net 15,Matched
INV000421,PO000740,V00318,2609.53,2025-08-19,Paid,2025-09-04,Net 15,Missing Receipt
INV000422,PO003375,V00405,4973.56,2025-06-16,Paid,2025-07-28,Net 45,Matched
INV000423,PO004439,V00244,7857.69,2025-12-14,Unpaid,,Net 45,Matched
INV000424,PO003989,V00492,18047.65,2025-04-17,Paid,2025-06-09,Net 60,Matched
INV000425,PO002984,V00370,4088.02,2024-11-05,Paid Late,2024-12-27,Net 45,Matched
INV000426,PO001901,V00031,98849.92,2024-07-05,Paid,2024-07-15,Net 15,Matched
INV000427,PO003483,V00078,24604.5,2025-01-05,Paid,2025-02-15,Net 45,Missing Receipt
INV000428,PO004503,V00127,9984.59,2024-02-23,Paid,2024-04-08,Net 45,Missing Receipt
INV000429,PO000063,V00368,115301.57,2025-01-05,Paid,2025-02-16,Net 45,Matched
INV000430,PO000064,V00353,51533.85,2025-06-20,Paid,2025-07-27,Net 45,Matched
INV000431,PO004741,V00286,60345.27,2025-04-25,Paid,2025-05-09,Net 15,Matched
INV000432,PO000496,V00440,2168.81,2025-11-23,Paid,2025-12-12,Net 30,Matched
INV000433,PO000964,V00118,15821.19,2025-12-23,Unpaid,,Net 30,Matched
INV000434,PO003554,V00025,2108.61,2025-02-19,Paid,2025-03-03,Net 15,Matched
INV000435,PO000400,V00395,31766.3,2025-10-01,Paid,2025-11-11,Net 45,Matched
INV000436,PO000680,V00164,4449.66,2025-12-12,Paid,2025-12-27,Net 15,Matched
INV000437,PO004478,V00108,1765.13,2024-06-21,Paid Late,2024-08-14,Net 45,Matched
INV000438,PO001620,V00496,12323.47,2025-03-17,Paid,2025-05-05,Net 45,Matched
INV000439,PO004465,V00250,43188.58,2025-01-09,Paid Late,2025-03-16,Net 60,Matched
INV000440,PO003255,V00424,15382.79,2025-08-09,Paid,2025-09-28,Net 60,Matched
INV000441,PO003557,V00354,4378.28,2024-08-14,Paid,2024-09-26,Net 45,Matched
INV000442,PO000087,V00289,3163.6,2025-12-24,Unpaid,,Net 15,Matched
INV000443,PO004028,V00354,3205.28,2025-07-01,Paid Late,2025-08-26,Net 45,Matched
INV000444,PO005461,V00368,15112.15,2025-08-31,Paid,2025-11-04,Net 60,Price Variance
INV000445,PO002254,V00148,2717.42,2025-04-11,Paid,2025-06-11,Net 60,Matched
INV000446,PO001762,V00011,1562.04,2025-12-29,Unpaid,,Net 45,Price Variance
INV000447,PO002726,V00414,14922.86,2025-07-24,Paid,2025-09-09,Net 45,Missing Receipt
INV000448,PO003181,V00063,15575.85,2024-11-17,Paid,2024-12-20,Net 30,Matched
INV000449,PO003184,V00366,28406.23,2025-01-02,Paid Late,2025-01-23,Net 15,Matched
INV000450,PO001151,V00368,28308.04,2025-08-25,Paid,2025-10-04,Net 45,Matched
INV000451,PO002444,V00368,62887.22,2024-12-24,Paid Late,2025-01-20,Net 15,Missing Receipt
INV000452,PO004108,V00352,1132.84,2024-12-15,Paid,2025-01-17,Net 30,Matched
INV000453,PO000986,V00216,18629.28,2025-03-24,Paid,2025-05-07,Net 45,Matched
INV000454,PO000461,V00120,6823.09,2025-01-18,Paid,2025-02-28,Net 45,Missing Receipt
INV000455,PO003162,V00036,6584.81,2024-09-10,Paid Late,2024-10-12,Net 15,Matched
INV000456,PO005267,V00339,604.98,2026-01-17,Unpaid,,Net 15,Matched
INV000457,PO003642,V00247,9721.65,2025-07-17,Paid,2025-09-18,Net 60,Matched
INV000458,PO005305,V00368,17316.17,2024-02-02,Paid,2024-02-28,Net 30,Matched
INV000459,PO000647,V00289,2207.97,2024-10-29,Paid Late,2024-11-20,Net 15,Matched
INV000460,PO003751,V00019,35366.74,2025-09-23,Paid,2025-11-11,Net 45,Matched
INV000461,PO002394,V00173,19740.76,2024-01-29,Paid,2024-02-17,Net 30,Matched
INV000462,PO005244,V00255,8309.28,2024-02-27,Paid,2024-04-24,Net 60,Price Variance
INV000463,PO005166,V00249,76642.54,2025-06-05,Paid Late,2025-07-23,Net 30,Matched
INV000464,PO000988,V00370,45524.04,2025-08-03,Paid Late,2025-09-18,Net 30,Matched
INV000465,PO005149,V00036,9911.04,2025-11-21,Paid,2025-12-10,Net 15,Matched
INV000466,PO002680,V00138,2466.88,2024-05-01,Paid Late,2024-06-11,Net 30,Missing Receipt
INV000467,PO001187,V00124,3751.06,2024-08-01,Paid,2024-08-21,Net 15,Matched
INV000468,PO004829,V00134,31857.7,2025-11-16,Paid Late,2025-12-09,Net 15,Matched
INV000469,PO003530,V00343,7641.59,2026-01-13,Unpaid,,Net 30,Matched
INV000470,PO000548,V00368,18963.45,2024-04-28,Paid,2024-06-24,Net 60,Matched
INV000471,PO000906,V00118,48482.53,2025-12-03,Unpaid,,Net 45,Matched
INV000472,PO001564,V00451,61254.78,2024-03-05,Paid Late,2024-04-13,Net 30,Matched
INV000473,PO000289,V00325,8076.49,2024-04-20,Paid,2024-04-26,Net 30,Matched
INV000474,PO002190,V00120,4527.41,2024-12-23,Paid Late,2025-02-12,Net 45,Matched
INV000475,PO004778,V00171,4509.62,2024-12-22,Paid,2025-01-03,Net 15,Matched
INV000476,PO004220,V00017,5882.34,2025-01-11,Paid,2025-01-24,Net 15,Matched
INV000477,PO003814,V00453,6564.93,2026-01-12,Unpaid,,Net 15,Matched
INV000478,PO002020,V00108,1708.53,2024-06-29,Paid Late,2024-08-21,Net 45,Matched
INV000479,PO002853,V00389,92464.76,2025-02-04,Paid,2025-02-24,Net 15,Matched
INV000480,PO002242,V00343,27810.78,2025-09-09,Paid,2025-11-13,Net 60,Matched
INV000481,PO005044,V00343,8983.16,2024-11-18,Paid,2024-12-30,Net 45,Matched
INV000482,PO003875,V00424,14451.4,2025-11-14,Paid,2025-12-13,Net 30,Matched
INV000483,PO000526,V00039,9255.66,2024-12-03,Paid,2025-01-22,Net 45,Matched
INV000484,PO000358,V00305,17183.08,2024-02-21,Paid,2024-03-24,Net 30,Missing Receipt
INV000485,PO003194,V00077,12458.29,2024-10-31,Paid,2024-11-11,Net 15,Matched
INV000486,PO005031,V00138,7869.69,2024-08-14,Paid,2024-08-28,Net 15,Matched
INV000487,PO001517,V00200,4690.02,2025-05-29,Paid,2025-06-26,Net 30,Price Variance
INV000488,PO001944,V00401,9588.97,2024-02-11,Paid,2024-03-31,Net 45,Price Variance
INV000489,PO005313,V00111,2352.94,2025-04-11,Paid,2025-05-21,Net 45,Missing Receipt
INV000490,PO005327,V00057,14522.11,2024-12-28,Paid,2025-02-27,Net 60,Price Variance
INV000491,PO001730,V00408,15180.14,2026-01-09,Unpaid,,Net 15,Matched
INV000492,PO001569,V00368,11938.82,2025-12-01,Unpaid,,Net 60,Matched
INV000493,PO004285,V00196,23225.08,2024-11-17,Paid Late,2025-01-13,Net 45,Price Variance
INV000494,PO002383,V00096,3700.55,2025-09-17,Paid,2025-10-21,Net 30,Matched
INV000495,PO000747,V00074,62733.03,2024-08-24,Paid,2024-10-12,Net 45,Matched
INV000496,PO000821,V00184,6482.04,2025-05-24,Paid,2025-07-22,Net 60,Matched
INV000497,PO003422,V00182,9847.41,2025-12-08,Unpaid,,Net 45,Matched
INV000498,PO004433,V00045,28490.38,2024-08-18,Paid,2024-09-03,Net 15,Matched
INV000499,PO004473,V00455,890.24,2025-03-30,Paid,2025-04-10,Net 15,Matched
INV000500,PO000230,V00259,4499.63,2025-01-02,Paid Late,2025-02-25,Net 45,Price Variance
INV000501,PO005034,V00187,5988.37,2025-12-28,Unpaid,,Net 60,Missing Receipt
INV000502,PO003511,V00006,28155.61,2025-04-16,Paid Late,2025-05-10,Net 15,Matched
INV000503,PO004474,V00136,6174.67,2026-01-05,Unpaid,,Net 45,Matched
INV000504,PO002957,V00093,6723.87,2024-02-12,Paid,2024-04-15,Net 60,Price Variance
INV000505,PO001053,V00128,55914.66,2024-10-11,Paid,2024-11-06,Net 45,Matched
INV000506,PO000385,V00383,4415.74,2024-04-11,Paid,2024-06-10,Net 60,Missing Receipt
INV000507,PO003572,V00403,22997.15,2024-10-07,Paid,2024-10-29,Net 30,Matched
INV000508,PO000656,V00085,2745.51,2025-06-04,Paid,2025-06-21,Net 15,Matched
INV000509,PO000517,V00134,16773.76,2024-12-08,Paid Late,2025-01-16,Net 30,Matched
INV000510,PO004114,V00403,11270.97,2025-06-18,Paid,2025-07-07,Net 15,Matched
INV000511,PO001240,V00197,4341.15,2024-03-25,Paid,2024-04-28,Net 30,Matched
INV000512,PO002830,V00148,11059.05,2024-10-15,Paid,2024-11-06,Net 45,Matched
INV000513,PO003266,V00278,55314.01,2024-11-30,Paid,2025-01-16,Net 45,Matched
INV000514,PO005304,V00160,21019.71,2024-08-15,Paid,2024-10-05,Net 60,Matched
INV000515,PO003259,V00400,14440.55,2025-04-07,Paid Late,2025-06-13,Net 60,Matched
INV000516,PO002018,V00169,10096.12,2025-05-03,Paid,2025-05-18,Net 15,Matched
INV000517,PO002456,V00011,44499.09,2025-05-03,Paid,2025-05-31,Net 30,Matched
INV000518,PO004652,V00011,11336.59,2025-06-05,Paid Late,2025-07-13,Net 30,Matched
INV000519,PO000273,V00360,5191.87,2024-12-01,Paid Late,2025-01-30,Net 45,Matched
INV000520,PO004598,V00158,10946.64,2025-08-13,Paid Late,2025-10-18,Net 60,Matched
INV000521,PO001705,V00254,5291.01,2024-09-01,Paid,2024-09-11,Net 15,Matched
INV000522,PO002426,V00222,94372.22,2025-01-28,Paid,2025-03-13,Net 45,Matched
INV000523,PO002054,V00330,35073.87,2025-11-12,Paid,2025-12-14,Net 30,Price Variance
INV000524,PO000265,V00389,3485.8,2025-09-02,Paid,2025-09-18,Net 15,Matched
INV000525,PO004207,V00134,10659.17,2026-01-02,Unpaid,,Net 60,Matched
INV000526,PO000495,V00121,25005.53,2025-07-15,Paid,2025-08-22,Net 45,Matched
INV000527,PO002660,V00499,52220.87,2024-10-25,Paid Late,2024-12-15,Net 45,Price Variance
INV000528,PO000645,V00439,37040.68,2024-08-02,Paid Late,2024-09-30,Net 45,Price Variance
INV000529,PO002293,V00368,8990.21,2025-01-06,Paid,2025-03-09,Net 60,Missing Receipt
INV000530,PO002569,V00330,18178.02,2025-10-04,Paid Late,2025-11-03,Net 15,Matched
INV000531,PO001200,V00415,13133.54,2026-01-20,Unpaid,,Net 30,Matched
INV000532,PO003956,V00337,28462.57,2024-09-27,Paid,2024-10-28,Net 30,Matched
INV000533,PO000711,V00027,49845.31,2025-11-18,Paid,2025-12-01,Net 15,Matched
INV000534,PO001908,V00063,71809.48,2025-08-20,Paid Late,2025-09-28,Net 30,Matched
INV000535,PO004540,V00450,4890.0,2025-09-02,Paid Late,2025-09-24,Net 15,Matched
INV000536,PO002261,V00368,13038.97,2024-05-09,Paid,2024-06-02,Net 30,Price Variance
INV000537,PO002468,V00043,3151.27,2024-11-09,Paid,2024-11-20,Net 15,Matched
INV000538,PO001596,V00025,8107.1,2024-11-08,Paid,2024-12-26,Net 45,Matched
INV000539,PO002598,V00379,13412.14,2025-01-21,Paid,2025-02-05,Net 15,Matched
INV000540,PO003429,V00074,24036.27,2024-05-22,Paid,2024-06-21,Net 30,Matched
INV000541,PO000485,V00390,1532.27,2025-05-08,Paid Late,2025-06-09,Net 15,Matched
INV000542,PO004198,V00007,77928.49,2025-09-04,Paid,2025-11-02,Net 60,Matched
INV000543,PO005204,V00123,2169.31,2024-07-19,Paid Late,2024-09-09,Net 45,Missing Receipt
INV000544,PO002699,V00368,10635.72,2025-07-23,Paid Late,2025-08-29,Net 30,Matched
INV000545,PO001042,V00447,39057.27,2025-08-08,Paid,2025-08-15,Net 15,Matched
INV000546,PO001427,V00073,9365.19,2025-08-28,Paid,2025-09-30,Net 30,Matched
INV000547,PO000090,V00235,596.84,2025-10-12,Paid,2025-11-29,Net 45,Matched
INV000548,PO002430,V00368,4934.15,2025-12-07,Unpaid,,Net 60,Matched
INV000549,PO002138,V00495,4188.3,2024-05-14,Paid Late,2024-07-22,Net 60,Matched
INV000550,PO000383,V00377,26149.2,2024-05-08,Paid,2024-06-08,Net 30,Matched
INV000551,PO004914,V00230,1406.43,2025-04-19,Paid,2025-05-06,Net 15,Matched
INV000552,PO001170,V00325,22086.12,2024-09-13,Paid,2024-11-02,Net 45,Missing Receipt
INV000553,PO003322,V00332,11721.94,2025-05-11,Paid Late,2025-06-19,Net 30,Matched
INV000554,PO001748,V00204,16568.58,2025-09-28,Paid,2025-10-20,Net 30,Matched
INV000555,PO000335,V00415,41733.84,2026-01-12,Unpaid,,Net 60,Matched
INV000556,PO002516,V00278,5627.73,2024-10-12,Paid Late,2024-11-04,Net 15,Matched
INV000557,PO003234,V00288,2753.27,2024-05-19,Paid,2024-07-09,Net 60,Matched
INV000558,PO000137,V00368,68451.84,2025-02-09,Paid,2025-03-24,Net 45,Price Variance
INV000559,PO004828,V00362,12721.52,2024-10-08,Paid Late,2024-11-29,Net 45,Matched
INV000560,PO003903,V00283,11819.73,2025-01-24,Paid,2025-03-11,Net 45,Matched
INV000561,PO000978,V00356,19976.03,2025-08-22,Paid,2025-09-08,Net 15,Missing Receipt
INV000562,PO002898,V00391,3564.71,2024-12-31,Paid,2025-02-10,Net 45,Matched
INV000563,PO002372,V00183,22304.0,2025-05-13,Paid,2025-06-09,Net 30,Matched
INV000564,PO003650,V00113,27802.95,2024-11-23,Paid,2025-01-11,Net 60,Matched
INV000565,PO004696,V00187,4433.18,2024-05-16,Paid,2024-06-21,Net 45,Matched
INV000566,PO004945,V00472,17586.96,2025-04-02,Paid,2025-04-17,Net 15,Price Variance
INV000567,PO003704,V00171,9093.97,2024-07-27,Paid Late,2024-09-25,Net 45,Matched
INV000568,PO002617,V00368,30118.26,2024-10-22,Paid,2024-11-12,Net 30,Price Variance
INV000569,PO002438,V00173,28504.49,2024-06-01,Paid Late,2024-07-29,Net 45,Matched
INV000570,PO003656,V00284,5408.32,2025-10-10,Paid Late,2025-12-01,Net 45,Matched
INV000571,PO001198,V00039,6781.88,2025-12-06,Paid,2025-12-20,Net 15,Matched
INV000572,PO002996,V00438,56687.95,2024-05-06,Paid Late,2024-06-11,Net 30,Matched
INV000573,PO000425,V00397,5077.52,2024-07-06,Paid Late,2024-08-12,Net 30,Matched
INV000574,PO000412,V00114,1681.04,2025-04-05,Paid,2025-05-04,Net 30,Matched
INV000575,PO001307,V00495,1850.75,2024-01-28,Paid,2024-03-18,Net 60,Matched
INV000576,PO001858,V00267,65756.24,2025-05-16,Paid,2025-06-04,Net 30,Matched
INV000577,PO001471,V00216,7721.25,2024-08-22,Paid,2024-09-21,Net 45,Matched
INV000578,PO001280,V00384,40693.47,2025-04-17,Paid,2025-05-06,Net 15,Matched
INV000579,PO000636,V00371,14130.33,2024-02-23,Paid,2024-03-09,Net 15,Missing Receipt
INV000580,PO004116,V00408,27837.59,2025-04-01,Paid,2025-05-20,Net 45,Matched
INV000581,PO000757,V00262,11242.31,2024-07-15,Paid,2024-09-02,Net 60,Matched
INV000582,PO003507,V00211,39568.37,2025-12-14,Unpaid,,Net 60,Matched
INV000583,PO003283,V00317,6512.52,2025-06-29,Paid,2025-07-24,Net 30,Missing Receipt
INV000584,PO002910,V00105,22455.52,2025-10-20,Paid,2025-12-10,Net 60,Missing Receipt
INV000585,PO001231,V00184,944.91,2024-12-09,Paid,2024-12-28,Net 30,Matched
INV000586,PO000827,V00435,12675.73,2025-06-29,Paid,2025-08-26,Net 60,Matched
INV000587,PO000841,V00401,29141.21,2025-02-22,Paid,2025-04-24,Net 60,Matched
INV000588,PO003757,V00323,8830.37,2025-01-11,Paid,2025-03-14,Net 60,Matched
INV000589,PO000662,V00385,5099.82,2024-10-30,Paid Late,2025-01-05,Net 60,Matched
INV000590,PO002280,V00169,299186.75,2024-08-22,Paid,2024-09-20,Net 30,Matched
INV000591,PO000331,V00361,8437.96,2025-10-23,Paid,2025-12-25,Net 60,Matched
INV000592,PO002784,V00485,10484.25,2024-10-02,Paid Late,2024-10-23,Net 15,Matched
INV000593,PO004550,V00284,48420.11,2024-10-27,Paid,2024-12-24,Net 60,Matched
INV000594,PO005125,V00098,25106.75,2025-01-08,Paid,2025-02-17,Net 60,Matched
INV000595,PO005256,V00491,6316.97,2024-01-21,Paid,2024-02-19,Net 30,Matched
INV000596,PO003834,V00083,3098.02,2025-11-07,Paid,2025-11-19,Net 15,Matched
INV000597,PO004633,V00155,3758.98,2024-10-08,Paid,2024-11-27,Net 60,Matched
INV000598,PO001393,V00181,13374.44,2024-09-16,Paid,2024-11-14,Net 60,Matched
INV000599,PO003938,V00098,5930.44,2025-03-18,Paid,2025-05-06,Net 45,Matched
INV000600,PO001675,V00427,2952.86,2024-02-09,Paid,2024-03-01,Net 30,Matched
INV000601,PO002401,V00179,4329.29,2024-11-09,Paid,2024-12-02,Net 30,Matched
INV000602,PO005388,V00067,3682.57,2025-11-14,Paid,2025-12-16,Net 30,Matched
INV000603,PO005458,V00275,4630.22,2025-04-18,Paid Late,2025-05-18,Net 15,Matched
INV000604,PO002423,V00362,625.9,2024-12-15,Paid,2025-01-04,Net 30,Matched
INV000605,PO002548,V00368,11009.81,2025-03-28,Paid Late,2025-05-21,Net 45,Matched
INV000606,PO001694,V00290,58777.27,2024-10-29,Paid Late,2024-12-12,Net 15,Matched
INV000607,PO001478,V00233,8783.17,2025-05-11,Paid,2025-06-20,Net 45,Matched
INV000608,PO000873,V00376,18545.05,2025-03-27,Paid,2025-04-28,Net 45,Missing Receipt
INV000609,PO003156,V00322,7194.62,2025-11-15,Paid,2025-12-17,Net 30,Matched
INV000610,PO000003,V00155,3666.48,2024-06-04,Paid,2024-07-19,Net 45,Matched
INV000611,PO002692,V00133,10192.69,2025-11-23,Unpaid,,Net 60,Matched
INV000612,PO005286,V00322,12569.49,2024-06-30,Paid Late,2024-08-06,Net 30,Matched
INV000613,PO003705,V00116,5273.41,2024-11-10,Paid Late,2024-12-06,Net 15,Matched
INV000614,PO001386,V00162,10483.12,2025-10-28,Paid,2025-11-13,Net 30,Matched
INV000615,PO004470,V00368,5268.93,2025-05-15,Paid,2025-07-08,Net 60,Matched
INV000616,PO000367,V00222,8066.89,2025-04-26,Paid,2025-06-19,Net 60,Matched
INV000617,PO001828,V00222,26100.83,2024-09-21,Paid,2024-10-03,Net 15,Matched
INV000618,PO003929,V00110,11759.92,2025-10-24,Paid,2025-11-21,Net 30,Matched
INV000619,PO003301,V00350,24694.16,2024-08-17,Paid,2024-09-15,Net 30,Matched
INV000620,PO005375,V00007,26455.11,2024-02-25,Paid,2024-03-15,Net 15,Matched
INV000621,PO002520,V00254,46710.72,2025-12-19,Unpaid,,Net 30,Missing Receipt
INV000622,PO003180,V00291,2119.02,2024-04-03,Paid,2024-04-30,Net 30,Matched
INV000623,PO000268,V00156,23024.83,2024-10-16,Paid,2024-10-28,Net 15,Matched
INV000624,PO000418,V00368,9858.64,2025-02-06,Paid Late,2025-04-03,Net 45,Matched
INV000625,PO001911,V00093,3979.93,2025-06-22,Paid,2025-07-27,Net 45,Missing Receipt
INV000626,PO001228,V00368,12823.5,2024-07-25,Paid,2024-09-15,Net 60,Matched
INV000627,PO003584,V00411,15424.35,2025-03-10,Paid,2025-04-07,Net 30,Matched
INV000628,PO003737,V00034,9210.38,2024-04-17,Paid,2024-05-27,Net 45,Missing Receipt
INV000629,PO003497,V00368,47779.32,2024-09-22,Paid,2024-10-11,Net 15,Matched
INV000630,PO004360,V00347,4776.35,2024-12-28,Paid,2025-01-23,Net 30,Matched
INV000631,PO000621,V00408,58377.88,2024-08-11,Paid,2024-09-21,Net 45,Matched
INV000632,PO001663,V00392,20093.17,2024-02-15,Paid Late,2024-03-07,Net 15,Matched
INV000633,PO000330,V00019,5154.11,2024-02-10,Paid Late,2024-03-04,Net 15,Matched
INV000634,PO002524,V00068,19398.22,2024-09-16,Paid Late,2024-11-10,Net 45,Matched
INV000635,PO001319,V00108,1295.0,2024-07-25,Paid Late,2024-09-15,Net 45,Matched
INV000636,PO005387,V00302,5672.11,2025-01-11,Paid,2025-02-14,Net 30,Matched
INV000637,PO005017,V00434,2056.84,2026-01-07,Unpaid,,Net 30,Matched
INV000638,PO004894,V00496,86579.9,2025-12-23,Unpaid,,Net 30,Matched
INV000639,PO003250,V00076,6330.14,2025-03-29,Paid,2025-04-06,Net 15,Price Variance
INV000640,PO001860,V00268,9543.15,2024-10-19,Paid,2024-11-24,Net 45,Matched
INV000641,PO004769,V00403,4552.06,2025-12-12,Unpaid,,Net 45,Matched
INV000642,PO000670,V00423,6836.82,2024-05-07,Paid Late,2024-06-27,Net 45,Matched
INV000643,PO001787,V00375,35930.22,2024-05-06,Paid,2024-06-30,Net 60,Matched
INV000644,PO001527,V00308,4577.1,2025-11-26,Unpaid,,Net 45,Matched
INV000645,PO004423,V00108,13788.45,2025-10-12,Paid,2025-12-01,Net 45,Matched
INV000646,PO002419,V00140,2301.44,2024-09-10,Paid,2024-10-29,Net 60,Missing Receipt
INV000647,PO003486,V00369,28132.49,2024-09-09,Paid,2024-09-27,Net 15,Matched
INV000648,PO000649,V00357,4394.23,2025-05-05,Paid,2025-06-19,Net 45,Matched
INV000649,PO004331,V00450,1669.59,2025-05-10,Paid,2025-06-21,Net 45,Matched
INV000650,PO000554,V00205,13529.06,2025-11-28,Unpaid,,Net 45,Matched
INV000651,PO004496,V00105,4522.56,2025-02-25,Paid,2025-03-31,Net 30,Matched
INV000652,PO004966,V00233,20353.78,2024-05-10,Paid,2024-06-30,Net 60,Matched
INV000653,PO001069,V00205,2752.74,2024-09-18,Paid,2024-11-03,Net 45,Missing Receipt
INV000654,PO002172,V00020,1510.29,2024-04-03,Paid,2024-04-21,Net 30,Missing Receipt
INV000655,PO000966,V00230,6737.08,2025-12-18,Unpaid,,Net 60,Matched
INV000656,PO001866,V00337,15554.64,2024-04-19,Paid,2024-04-24,Net 15,Matched
INV000657,PO002575,V00450,21200.49,2024-10-17,Paid,2024-11-27,Net 45,Matched
INV000658,PO002196,V00152,6556.08,2024-05-08,Paid,2024-06-04,Net 30,Matched
INV000659,PO001221,V00433,6860.28,2024-03-14,Paid,2024-04-13,Net 30,Matched
INV000660,PO003783,V00439,15375.1,2026-01-05,Unpaid,,Net 15,Matched
INV000661,PO004929,V00418,8635.0,2025-10-05,Paid Late,2025-12-17,Net 60,Matched
INV000662,PO000366,V00144,33997.98,2025-04-28,Paid Late,2025-07-12,Net 60,Matched
INV000663,PO004103,V00112,10450.07,2024-11-02,Paid,2024-11-09,Net 15,Matched
INV000664,PO000755,V00154,10443.86,2024-02-13,Paid,2024-03-19,Net 30,Matched
INV000665,PO004257,V00085,16796.28,2024-06-08,Paid Late,2024-07-17,Net 30,Matched
INV000666,PO002622,V00243,22573.36,2025-02-13,Paid,2025-02-24,Net 15,Price Variance
INV000667,PO002922,V00071,1075.1,2024-06-13,Paid,2024-08-07,Net 60,Matched
INV000668,PO004712,V00495,11460.83,2024-09-27,Paid,2024-11-12,Net 45,Matched
INV000669,PO003563,V00088,37128.77,2025-09-23,Paid,2025-11-05,Net 45,Matched
INV000670,PO001488,V00013,20869.02,2025-08-14,Paid,2025-09-25,Net 45,Matched
INV000671,PO002381,V00417,11460.98,2024-12-23,Paid Late,2025-02-17,Net 45,Matched
INV000672,PO001026,V00229,30951.65,2024-12-08,Paid,2025-01-21,Net 60,Matched
INV000673,PO004852,V00494,5541.76,2025-02-26,Paid,2025-03-26,Net 30,Matched
INV000674,PO004090,V00324,44651.23,2025-06-02,Paid,2025-06-07,Net 15,Matched
INV000675,PO005163,V00403,11993.34,2025-07-13,Paid,2025-08-22,Net 45,Matched
INV000676,PO000820,V00403,4596.42,2025-11-25,Paid Late,2025-12-16,Net 15,Matched
INV000677,PO002155,V00487,58493.4,2025-12-19,Unpaid,,Net 60,Matched
INV000678,PO004454,V00454,23647.96,2025-06-16,Paid,2025-08-15,Net 60,Matched
INV000679,PO004319,V00025,2614.96,2025-09-03,Paid,2025-09-20,Net 30,Matched
INV000680,PO005328,V00387,34597.45,2024-04-13,Paid,2024-05-01,Net 30,Matched
INV000681,PO000920,V00034,4676.64,2024-04-16,Paid,2024-05-06,Net 15,Matched
INV000682,PO001691,V00193,19540.53,2025-08-12,Paid,2025-08-29,Net 15,Matched
INV000683,PO001567,V00341,1006.52,2024-03-12,Paid Late,2024-04-22,Net 30,Matched
INV000684,PO001281,V00034,16560.65,2025-03-16,Paid,2025-04-13,Net 30,Missing Receipt
INV000685,PO000720,V00403,8480.66,2025-02-01,Paid,2025-02-09,Net 15,Matched
INV000686,PO003201,V00460,5068.17,2024-04-15,Paid,2024-04-23,Net 15,Price Variance
INV000687,PO004832,V00455,12543.18,2025-06-17,Paid,2025-07-18,Net 30,Matched
INV000688,PO003818,V00486,2191.63,2025-05-26,Paid,2025-07-11,Net 45,Matched
INV000689,PO000388,V00241,77622.37,2024-08-29,Paid,2024-09-03,Net 15,Price Variance
INV000690,PO002945,V00372,13907.79,2025-11-20,Paid,2025-11-30,Net 15,Matched
INV000691,PO002424,V00233,2983.73,2025-08-11,Paid,2025-08-16,Net 15,Missing Receipt
INV000692,PO003612,V00495,2783.66,2025-07-15,Paid,2025-08-30,Net 45,Matched
INV000693,PO004027,V00024,18562.7,2025-10-27,Paid,2025-11-06,Net 15,Missing Receipt
INV000694,PO003950,V00423,5211.1,2024-10-25,Paid Late,2024-12-26,Net 45,Matched
INV000695,PO002900,V00111,4762.17,2024-06-05,Paid,2024-06-21,Net 15,Matched
INV000696,PO000319,V00269,6926.53,2024-11-01,Paid,2024-12-12,Net 45,Missing Receipt
INV000697,PO004981,V00247,5488.74,2024-07-04,Paid,2024-08-11,Net 45,Matched
INV000698,PO002318,V00322,27754.84,2025-10-18,Paid,2025-11-14,Net 30,Matched
INV000699,PO003528,V00403,1622.29,2024-12-02,Paid,2024-12-11,Net 15,Matched
INV000700,PO003700,V00373,12448.9,2025-10-13,Paid,2025-12-06,Net 60,Matched
INV000701,PO002923,V00289,10602.55,2025-11-26,Paid,2025-12-28,Net 30,Matched
INV000702,PO000903,V00038,12487.04,2024-06-09,Paid,2024-07-12,Net 30,Matched
INV000703,PO002527,V00158,1224.37,2025-11-13,Paid,2025-11-23,Net 15,Matched
INV000704,PO002130,V00403,3028.06,2025-10-27,Paid,2025-12-19,Net 60,Matched
INV000705,PO000444,V00093,864.71,2025-04-30,Paid,2025-06-03,Net 30,Matched
INV000706,PO003955,V00073,43178.33,2025-08-30,Paid Late,2025-10-22,Net 45,Matched
INV000707,PO000758,V00145,4066.38,2024-11-08,Paid,2024-12-07,Net 30,Matched
INV000708,PO000011,V00143,21042.87,2024-06-24,Paid Late,2024-07-20,Net 15,Matched
INV000709,PO003119,V00412,22532.62,2025-09-11,Paid,2025-10-25,Net 45,Price Variance
INV000710,PO004616,V00171,12055.35,2024-01-31,Paid,2024-03-02,Net 45,Matched
INV000711,PO004119,V00308,76114.56,2025-12-09,Paid,2025-12-20,Net 15,Missing Receipt
INV000712,PO002722,V00233,11200.65,2025-09-03,Paid,2025-09-29,Net 30,Price Variance
INV000713,PO004287,V00117,6024.7,2025-09-25,Paid Late,2025-12-01,Net 60,Missing Receipt
INV000714,PO004167,V00093,13632.52,2025-06-19,Paid,2025-07-27,Net 45,Missing Receipt
INV000715,PO004368,V00184,2616.16,2025-12-23,Unpaid,,Net 30,Matched
INV000716,PO005298,V00032,2367.78,2025-11-10,Paid,2025-11-18,Net 15,Matched
INV000717,PO003968,V00006,24159.82,2025-11-16,Unpaid,,Net 60,Matched
INV000718,PO001588,V00196,11190.84,2024-11-11,Paid Late,2025-01-25,Net 60,Matched
INV000719,PO001157,V00370,18236.16,2025-09-14,Paid,2025-10-18,Net 45,Matched
INV000720,PO004521,V00077,23525.29,2025-06-27,Paid,2025-08-25,Net 60,Price Variance
INV000721,PO005441,V00104,10714.49,2024-09-05,Paid Late,2024-10-18,Net 30,Matched
INV000722,PO000149,V00305,31755.66,2025-08-28,Paid,2025-09-16,Net 15,Matched
INV000723,PO000062,V00485,3122.25,2024-07-06,Paid,2024-08-07,Net 30,Matched
INV000724,PO002189,V00473,18327.23,2024-08-29,Paid,2024-09-26,Net 30,Matched
INV000725,PO003048,V00043,51102.47,2025-01-23,Paid Late,2025-02-23,Net 15,Matched
INV000726,PO005395,V00311,29631.57,2025-01-21,Paid Late,2025-03-01,Net 30,Matched
INV000727,PO000035,V00264,90006.84,2025-04-16,Paid Late,2025-05-14,Net 15,Price Variance
INV000728,PO004431,V00149,62468.12,2024-12-24,Paid,2025-01-09,Net 15,Matched
INV000729,PO001023,V00099,8233.07,2024-08-01,Paid Late,2024-09-16,Net 30,Matched
INV000730,PO003118,V00234,977.07,2025-02-04,Paid,2025-03-23,Net 45,Missing Receipt
INV000731,PO003715,V00365,2273.15,2025-09-28,Paid,2025-10-22,Net 30,Price Variance
INV000732,PO001558,V00450,4302.1,2025-09-12,Paid,2025-11-09,Net 60,Matched
INV000733,PO002538,V00403,9531.9,2025-08-29,Paid,2025-10-14,Net 45,Matched
INV000734,PO002188,V00284,7927.01,2025-08-27,Paid Late,2025-09-19,Net 15,Matched
INV000735,PO002182,V00419,53571.58,2024-12-25,Paid,2025-02-12,Net 60,Matched
INV000736,PO003284,V00476,17516.41,2024-02-23,Paid Late,2024-05-02,Net 60,Price Variance
INV000737,PO001239,V00368,5345.27,2025-12-10,Paid,2025-12-31,Net 30,Matched
INV000738,PO005421,V00403,62938.74,2024-10-19,Paid Late,2024-12-27,Net 60,Matched
INV000739,PO000097,V00148,1566.5,2025-07-19,Paid,2025-09-19,Net 60,Missing Receipt
INV000740,PO004808,V00165,2249.84,2025-11-08,Paid Late,2025-12-14,Net 15,Matched
INV000741,PO003597,V00378,6252.03,2024-03-19,Paid,2024-03-31,Net 15,Matched
INV000742,PO003300,V00003,5352.76,2025-04-05,Paid,2025-04-10,Net 15,Matched
INV000743,PO004596,V00226,18613.19,2024-11-29,Paid,2024-12-04,Net 15,Matched
INV000744,PO003369,V00403,13388.51,2025-03-07,Paid,2025-04-17,Net 45,Price Variance
INV000745,PO000045,V00168,6041.25,2024-03-16,Paid Late,2024-04-10,Net 15,Matched
INV000746,PO001957,V00248,6418.09,2025-05-26,Paid,2025-07-29,Net 60,Matched
INV000747,PO003963,V00093,3483.31,2025-07-14,Paid,2025-07-31,Net 15,Matched
INV000748,PO001331,V00358,12448.24,2025-01-08,Paid,2025-01-15,Net 15,Matched
INV000749,PO000917,V00229,73579.66,2024-01-28,Paid Late,2024-02-18,Net 15,Matched
INV000750,PO005076,V00279,33608.99,2024-05-19,Paid,2024-05-24,Net 15,Matched
INV000751,PO000859,V00186,3080.13,2025-07-01,Paid,2025-07-10,Net 15,Matched
INV000752,PO005097,V00299,5225.07,2024-11-14,Paid,2024-11-22,Net 15,Matched
INV000753,PO000513,V00042,4281.43,2024-08-27,Paid Late,2024-09-22,Net 15,Matched
INV000754,PO003474,V00052,7931.53,2024-07-16,Paid,2024-09-09,Net 60,Price Variance
INV000755,PO002425,V00393,105957.46,2025-09-27,Paid Late,2025-11-20,Net 45,Matched
INV000756,PO001021,V00004,25149.04,2024-10-24,Paid,2024-11-10,Net 15,Price Variance
INV000757,PO003493,V00403,7555.49,2025-10-16,Paid Late,2025-11-07,Net 15,Matched
INV000758,PO004920,V00104,7670.6,2024-02-09,Paid,2024-03-12,Net 45,Matched
INV000759,PO004487,V00368,19873.37,2025-02-27,Paid,2025-04-07,Net 45,Matched
INV000760,PO003446,V00407,3999.65,2025-11-28,Paid,2025-12-12,Net 15,Missing Receipt
INV000761,PO003183,V00147,7921.92,2026-01-01,Unpaid,,Net 15,Matched
INV000762,PO005430,V00359,14988.17,2025-06-22,Paid,2025-06-27,Net 15,Matched
INV000763,PO001554,V00311,22690.83,2025-08-11,Paid Late,2025-09-22,Net 30,Matched
INV000764,PO002763,V00390,38215.45,2025-11-27,Paid Late,2025-12-21,Net 15,Matched
INV000765,PO003867,V00120,1318.99,2025-12-10,Unpaid,,Net 60,Missing Receipt
INV000766,PO002216,V00430,34323.29,2025-09-25,Paid Late,2025-12-05,Net 60,Matched
INV000767,PO000870,V00081,3486.46,2025-05-07,Paid,2025-06-10,Net 30,Matched
INV000768,PO002191,V00087,26334.72,2025-06-04,Paid,2025-07-23,Net 45,Missing Receipt
INV000769,PO001522,V00356,36991.95,2024-10-06,Paid,2024-12-06,Net 60,Matched
INV000770,PO002245,V00053,56375.97,2025-10-08,Paid,2025-10-13,Net 15,Matched
INV000771,PO003848,V00347,6389.84,2024-12-09,Paid,2025-01-03,Net 30,Matched
INV000772,PO000793,V00403,18993.99,2024-12-01,Paid Late,2024-12-22,Net 15,Matched
INV000773,PO000270,V00168,11817.06,2025-05-23,Paid Late,2025-07-14,Net 45,Matched
INV000774,PO004025,V00398,20775.02,2025-05-21,Paid,2025-06-06,Net 15,Matched
INV000775,PO000631,V00168,2366.94,2024-10-09,Paid,2024-11-21,Net 60,Matched
INV000776,PO001024,V00469,23848.74,2024-09-19,Paid,2024-11-02,Net 45,Price Variance
INV000777,PO004704,V00282,49390.59,2024-07-19,Paid Late,2024-08-11,Net 15,Missing Receipt
INV000778,PO002662,V00211,8473.34,2025-11-22,Paid Late,2025-12-16,Net 15,Matched
INV000779,PO002047,V00352,412.37,2025-05-21,Paid,2025-07-23,Net 60,Matched
INV000780,PO003167,V00262,54538.71,2025-11-16,Paid,2025-12-10,Net 30,Matched
INV000781,PO001366,V00104,2167.81,2025-07-10,Paid,2025-07-30,Net 30,Matched
INV000782,PO003028,V00177,7276.09,2024-10-19,Paid Late,2024-12-15,Net 15,Missing Receipt
INV000783,PO003178,V00221,9433.94,2024-03-20,Paid,2024-04-18,Net 30,Matched
INV000784,PO000434,V00313,54557.7,2025-04-03,Paid,2025-04-17,Net 15,Matched
INV000785,PO001549,V00288,1857.09,2025-09-06,Paid,2025-10-08,Net 30,Matched
INV000786,PO003640,V00378,18953.19,2025-07-29,Paid,2025-08-23,Net 30,Matched
INV000787,PO001962,V00399,23983.13,2024-12-02,Paid,2025-01-15,Net 45,Matched
INV000788,PO002083,V00123,2645.5,2025-03-03,Paid,2025-05-04,Net 60,Matched
INV000789,PO001780,V00385,22129.39,2025-10-27,Paid,2025-11-28,Net 30,Matched
INV000790,PO000271,V00368,16625.05,2025-10-22,Paid,2025-11-17,Net 30,Matched
INV000791,PO002719,V00441,30949.24,2025-04-27,Paid,2025-05-19,Net 30,Price Variance
INV000792,PO004936,V00333,39621.34,2025-08-01,Paid Late,2025-10-05,Net 45,Matched
INV000793,PO002205,V00140,2434.68,2025-10-24,Paid,2025-11-19,Net 30,Matched
INV000794,PO003170,V00368,125654.79,2024-09-29,Paid Late,2024-11-25,Net 45,Matched
INV000795,PO000553,V00093,5034.13,2024-07-24,Paid,2024-09-17,Net 60,Matched
INV000796,PO003134,V00030,1696.57,2025-09-18,Paid,2025-10-31,Net 45,Matched
INV000797,PO001110,V00334,17368.93,2025-04-27,Paid,2025-06-12,Net 45,Price Variance
INV000798,PO000905,V00043,86311.21,2024-10-10,Paid,2024-12-11,Net 60,Matched
INV000799,PO003660,V00250,13371.8,2025-03-30,Paid,2025-05-05,Net 45,Matched
INV000800,PO001851,V00032,7966.47,2025-12-26,Unpaid,,Net 15,Matched
INV000801,PO003549,V00368,17789.64,2025-09-07,Paid,2025-11-07,Net 60,Matched
INV000802,PO003733,V00156,11355.67,2025-08-18,Paid,2025-08-27,Net 15,Price Variance
INV000803,PO004131,V00317,6085.68,2024-07-18,Paid Late,2024-08-13,Net 15,Matched
INV000804,PO002531,V00196,729.27,2024-07-03,Paid Late,2024-08-12,Net 30,Matched
INV000805,PO005497,V00029,18453.8,2025-08-24,Paid,2025-10-04,Net 45,Matched
INV000806,PO000215,V00219,7369.77,2025-10-28,Paid,2025-11-14,Net 15,Price Variance
INV000807,PO003863,V00200,2502.55,2025-06-25,Paid,2025-08-02,Net 45,Matched
INV000808,PO001002,V00077,3952.38,2024-03-15,Paid,2024-04-14,Net 30,Missing Receipt
INV000809,PO001344,V00084,3365.02,2026-01-10,Unpaid,,Net 15,Matched
INV000810,PO002946,V00228,19030.83,2025-03-13,Paid,2025-04-04,Net 30,Matched
INV000811,PO000985,V00185,34640.86,2025-01-25,Paid,2025-03-04,Net 45,Missing Receipt
INV000812,PO000699,V00169,20877.22,2024-10-15,Paid Late,2024-12-28,Net 60,Matched
INV000813,PO002795,V00196,5633.19,2025-04-10,Paid,2025-04-30,Net 15,Price Variance
INV000814,PO002500,V00489,6076.71,2025-02-13,Paid,2025-04-04,Net 45,Matched
INV000815,PO001161,V00395,24099.87,2024-06-23,Paid Late,2024-07-31,Net 30,Matched
INV000816,PO001996,V00039,6695.58,2026-01-12,Unpaid,,Net 30,Matched
INV000817,PO004302,V00436,5628.8,2025-02-27,Paid,2025-03-11,Net 30,Matched
INV000818,PO004051,V00443,6499.53,2024-06-02,Paid,2024-06-07,Net 15,Matched
INV000819,PO002358,V00357,10123.88,2025-03-25,Paid,2025-05-09,Net 45,Matched
INV000820,PO005064,V00011,8833.64,2024-04-30,Paid Late,2024-05-21,Net 15,Missing Receipt
INV000821,PO002694,V00499,8348.6,2024-06-15,Paid Late,2024-08-07,Net 45,Missing Receipt
INV000822,PO000298,V00247,5565.59,2024-12-27,Paid,2025-01-28,Net 30,Matched
INV000823,PO000798,V00266,1549.9,2024-04-28,Paid Late,2024-06-22,Net 45,Matched
INV000824,PO002200,V00438,192238.06,2024-09-13,Paid,2024-10-30,Net 60,Matched
INV000825,PO003370,V00112,7531.41,2025-08-15,Paid,2025-08-29,Net 15,Matched
INV000826,PO004872,V00343,6011.68,2025-08-31,Paid,2025-10-01,Net 45,Matched
INV000827,PO001361,V00259,11420.09,2024-05-07,Paid,2024-05-21,Net 15,Price Variance
INV000828,PO001579,V00281,4277.91,2025-10-26,Paid Late,2025-11-22,Net 15,Matched
INV000829,PO000342,V00362,2073.72,2025-02-07,Paid,2025-03-14,Net 45,Matched
INV000830,PO001444,V00368,6792.45,2025-10-03,Paid,2025-10-09,Net 30,Matched
INV000831,PO000839,V00448,24986.89,2025-04-11,Paid Late,2025-05-18,Net 30,Matched
INV000832,PO002997,V00248,42608.1,2025-01-13,Paid,2025-01-27,Net 15,Matched
INV000833,PO004133,V00352,2468.47,2024-11-01,Paid Late,2024-12-23,Net 45,Matched
INV000834,PO002881,V00020,2268.31,2025-05-04,Paid,2025-05-09,Net 15,Matched
INV000835,PO002142,V00462,3099.73,2025-07-16,Paid,2025-08-14,Net 30,Matched
INV000836,PO002153,V00406,5839.96,2025-09-25,Paid,2025-11-14,Net 45,Missing Receipt
INV000837,PO001370,V00179,53900.26,2025-09-22,Paid,2025-11-10,Net 45,Matched
INV000838,PO000946,V00165,4860.02,2025-01-18,Paid Late,2025-04-01,Net 30,Price Variance
INV000839,PO004988,V00099,4400.34,2025-03-17,Paid Late,2025-05-20,Net 45,Matched
INV000840,PO002326,V00109,736.21,2025-11-04,Paid,2025-12-20,Net 45,Matched
INV000841,PO000245,V00273,8528.48,2025-12-18,Unpaid,,Net 45,Matched
INV000842,PO000332,V00102,12293.65,2026-01-06,Unpaid,,Net 45,Matched
INV000843,PO001969,V00207,41349.38,2025-05-02,Paid,2025-05-14,Net 15,Matched
INV000844,PO001629,V00470,11484.59,2025-09-02,Paid,2025-10-04,Net 30,Price Variance
INV000845,PO003519,V00368,36813.63,2025-12-01,Unpaid,,Net 45,Missing Receipt
INV000846,PO001712,V00295,4708.85,2024-11-28,Paid,2024-12-14,Net 15,Matched
INV000847,PO002346,V00137,36647.1,2025-12-01,Unpaid,,Net 30,Matched
INV000848,PO000824,V00068,10811.53,2025-01-21,Paid,2025-02-05,Net 15,Matched
INV000849,PO001614,V00368,33877.81,2025-10-28,Paid Late,2025-12-18,Net 45,Matched
INV000850,PO004514,V00368,5096.97,2024-10-31,Paid,2024-12-14,Net 45,Matched
INV000851,PO003808,V00468,24042.22,2025-11-09,Unpaid,,Net 45,Matched
INV000852,PO000857,V00466,63328.42,2025-11-11,Paid,2025-12-09,Net 30,Matched
INV000853,PO003774,V00452,2706.94,2025-12-02,Unpaid,,Net 45,Matched
INV000854,PO003415,V00478,64649.26,2024-08-25,Paid,2024-10-16,Net 60,Price Variance
INV000855,PO002913,V00154,5631.43,2025-09-13,Paid,2025-10-13,Net 30,Matched
INV000856,PO001628,V00368,14354.0,2025-12-14,Unpaid,,Net 45,Matched
INV000857,PO003567,V00465,14110.06,2025-04-17,Paid,2025-05-06,Net 15,Matched
INV000858,PO004905,V00119,3237.79,2025-07-01,Paid Late,2025-09-07,Net 45,Matched
INV000859,PO004055,V00060,231102.26,2024-10-04,Paid,2024-11-07,Net 30,Matched
INV000860,PO000919,V00204,15411.41,2025-04-29,Paid,2025-05-06,Net 15,Matched
INV000861,PO005469,V00491,40084.02,2024-09-17,Paid Late,2024-11-01,Net 30,Matched
INV000862,PO002977,V00039,3537.33,2025-09-07,Paid Late,2025-09-30,Net 15,Matched
INV000863,PO005039,V00180,2009.94,2024-10-03,Paid,2024-10-19,Net 15,Price Variance
INV000864,PO002645,V00146,5785.81,2024-06-13,Paid,2024-06-29,Net 15,Matched
INV000865,PO001139,V00363,2107.23,2025-11-25,Unpaid,,Net 45,Price Variance
INV000866,PO000954,V00492,5639.3,2025-12-17,Unpaid,,Net 30,Matched
INV000867,PO002627,V00289,9389.87,2025-04-05,Paid,2025-06-02,Net 60,Missing Receipt
INV000868,PO001914,V00403,5462.02,2026-01-05,Unpaid,,Net 15,Matched
INV000869,PO000879,V00488,13132.43,2025-12-04,Unpaid,,Net 60,Price Variance
INV000870,PO003157,V00305,18916.31,2025-11-17,Unpaid,,Net 60,Matched
INV000871,PO003477,V00136,14565.26,2025-09-23,Paid Late,2025-11-16,Net 45,Matched
INV000872,PO004142,V00330,1899.7,2024-05-29,Paid,2024-08-02,Net 60,Matched
INV000873,PO000108,V00480,10106.43,2024-06-28,Paid,2024-08-16,Net 45,Matched
INV000874,PO000067,V00368,14176.41,2024-07-20,Paid,2024-07-31,Net 30,Price Variance
INV000875,PO001270,V00492,22389.44,2025-07-07,Paid,2025-09-02,Net 60,Matched
INV000876,PO002944,V00324,16374.01,2025-07-25,Paid,2025-08-11,Net 15,Matched
INV000877,PO004172,V00345,5961.59,2026-01-07,Unpaid,,Net 15,Matched
INV000878,PO001562,V00024,22585.91,2024-05-26,Paid,2024-06-04,Net 15,Missing Receipt
INV000879,PO004893,V00419,3198.57,2024-02-27,Paid,2024-03-30,Net 30,Matched
INV000880,PO003147,V00153,10226.02,2024-08-11,Paid,2024-09-19,Net 45,Matched
INV000881,PO001158,V00169,25143.92,2024-09-09,Paid,2024-10-08,Net 30,Price Variance
INV000882,PO001696,V00178,10747.37,2024-06-20,Paid Late,2024-08-08,Net 30,Matched
INV000883,PO003981,V00403,64278.81,2025-09-13,Paid,2025-09-30,Net 15,Matched
INV000884,PO003045,V00192,245656.94,2025-01-31,Paid,2025-03-16,Net 45,Matched
INV000885,PO001502,V00269,2556.55,2024-06-14,Paid Late,2024-08-28,Net 60,Matched
INV000886,PO004165,V00319,5859.08,2025-02-04,Paid,2025-02-22,Net 30,Matched
INV000887,PO002643,V00057,2304.18,2025-05-01,Paid,2025-06-27,Net 60,Missing Receipt
INV000888,PO003791,V00378,18481.59,2024-06-29,Paid Late,2024-07-24,Net 15,Matched
INV000889,PO001766,V00273,13077.9,2024-08-29,Paid,2024-10-08,Net 45,Matched
INV000890,PO003390,V00379,704.69,2024-02-21,Paid,2024-03-09,Net 15,Matched
INV000891,PO004205,V00341,2489.71,2025-01-24,Paid Late,2025-03-07,Net 30,Matched
INV000892,PO003970,V00095,5231.09,2024-12-09,Paid,2025-01-30,Net 60,Matched
INV000893,PO002378,V00403,16735.3,2024-01-27,Paid,2024-02-01,Net 15,Price Variance
INV000894,PO000863,V00231,8776.32,2025-11-16,Paid,2025-12-31,Net 45,Matched
INV000895,PO005269,V00409,6954.89,2025-11-19,Unpaid,,Net 60,Price Variance
INV000896,PO004379,V00215,10561.61,2025-06-14,Paid,2025-07-09,Net 30,Matched
INV000897,PO002492,V00221,21412.19,2024-12-26,Paid,2025-02-21,Net 60,Matched
INV000898,PO003208,V00230,1899.83,2025-04-05,Paid,2025-05-18,Net 45,Matched
INV000899,PO004544,V00169,31638.98,2024-07-14,Paid,2024-09-17,Net 60,Missing Receipt
INV000900,PO005184,V00468,43288.23,2025-07-29,Paid Late,2025-09-29,Net 45,Missing Receipt
INV000901,PO005227,V00164,6345.13,2024-10-08,Paid Late,2024-12-14,Net 60,Missing Receipt
INV000902,PO003992,V00096,364.97,2026-01-05,Unpaid,,Net 45,Matched
INV000903,PO001634,V00440,4334.83,2025-02-09,Paid,2025-04-13,Net 60,Matched
INV000904,PO004873,V00494,3328.44,2025-06-09,Paid Late,2025-08-07,Net 45,Matched
INV000905,PO003406,V00470,2060.48,2025-10-18,Paid,2025-11-05,Net 15,Matched
INV000906,PO003267,V00029,92280.37,2025-12-31,Unpaid,,Net 60,Matched
INV000907,PO004422,V00200,10356.72,2024-09-19,Paid,2024-10-17,Net 30,Matched
INV000908,PO003379,V00429,98659.75,2025-08-01,Paid,2025-09-16,Net 45,Matched
INV000909,PO002706,V00177,4400.92,2024-08-26,Paid Late,2024-10-05,Net 15,Matched
INV000910,PO005070,V00341,9496.84,2024-04-15,Paid,2024-05-24,Net 45,Matched
INV000911,PO000390,V00003,28798.08,2025-06-16,Paid,2025-07-04,Net 30,Price Variance
INV000912,PO002499,V00037,20716.23,2025-02-19,Paid,2025-03-09,Net 15,Matched
INV000913,PO004955,V00036,19084.24,2025-06-18,Paid,2025-08-12,Net 60,Matched
INV000914,PO004949,V00172,21148.83,2025-11-08,Paid,2025-12-22,Net 60,Matched
INV000915,PO001242,V00040,12041.13,2025-03-13,Paid,2025-04-26,Net 45,Matched
INV000916,PO003939,V00368,53513.83,2024-08-17,Paid,2024-09-03,Net 30,Matched
INV000917,PO004002,V00247,12623.44,2025-10-16,Paid,2025-10-24,Net 15,Matched
INV000918,PO002405,V00353,41313.62,2024-09-27,Paid,2024-11-05,Net 45,Matched
INV000919,PO001681,V00169,53924.96,2025-02-06,Paid Late,2025-03-26,Net 30,Price Variance
INV000920,PO004249,V00419,2994.1,2025-01-02,Paid Late,2025-03-14,Net 60,Matched
INV000921,PO003087,V00306,2096.46,2024-07-29,Paid Late,2024-08-22,Net 15,Matched
INV000922,PO001418,V00025,12415.35,2025-12-24,Unpaid,,Net 30,Matched
INV000923,PO004987,V00368,30434.76,2024-03-12,Paid,2024-04-04,Net 30,Price Variance
INV000924,PO003608,V00142,25038.48,2025-05-26,Paid,2025-06-15,Net 15,Matched
INV000925,PO003708,V00026,6077.67,2025-06-11,Paid Late,2025-08-25,Net 60,Missing Receipt
INV000926,PO005318,V00292,115981.91,2025-05-20,Paid,2025-07-17,Net 60,Matched
INV000927,PO004303,V00403,9655.71,2024-11-26,Paid Late,2025-02-12,Net 60,Matched
INV000928,PO001627,V00437,3597.49,2025-03-08,Paid,2025-03-22,Net 15,Matched
INV000929,PO004398,V00058,4045.32,2025-03-18,Paid Late,2025-04-26,Net 30,Matched
INV000930,PO001692,V00257,807.71,2025-12-01,Paid,2025-12-17,Net 15,Price Variance
INV000931,PO004309,V00337,8212.29,2024-08-23,Paid,2024-09-21,Net 45,Matched
INV000932,PO002973,V00405,5717.41,2024-07-05,Paid,2024-07-20,Net 15,Price Variance
INV000933,PO003277,V00287,27124.03,2024-08-17,Paid Late,2024-10-12,Net 45,Matched
INV000934,PO005376,V00180,4281.31,2024-03-14,Paid,2024-04-28,Net 45,Matched
INV000935,PO002842,V00313,34633.63,2025-06-21,Paid,2025-07-15,Net 30,Matched
INV000936,PO001322,V00169,580959.88,2025-11-25,Unpaid,,Net 30,Matched
INV000937,PO001417,V00264,14856.4,2025-09-09,Paid,2025-10-12,Net 30,Matched
INV000938,PO002908,V00403,2430.95,2025-03-31,Paid,2025-04-25,Net 30,Matched
INV000939,PO004278,V00140,9333.0,2024-04-02,Paid,2024-06-06,Net 60,Missing Receipt
INV000940,PO004490,V00082,13031.16,2024-06-12,Paid,2024-06-21,Net 15,Missing Receipt
INV000941,PO004497,V00015,12315.78,2025-01-10,Paid Late,2025-02-18,Net 30,Matched
INV000942,PO000172,V00491,20657.55,2025-05-20,Paid,2025-07-06,Net 45,Matched
INV000943,PO002955,V00169,8936.2,2025-08-07,Paid,2025-08-12,Net 15,Matched
INV000944,PO003050,V00083,2828.45,2025-07-26,Paid,2025-09-13,Net 60,Matched
INV000945,PO003933,V00295,12550.59,2024-10-14,Paid,2024-12-17,Net 60,Matched
INV000946,PO005242,V00212,1472.37,2024-10-04,Paid,2024-11-15,Net 60,Matched
INV000947,PO000476,V00383,6142.25,2025-02-05,Paid,2025-02-10,Net 15,Matched
INV000948,PO001249,V00379,6813.22,2024-07-11,Paid,2024-08-11,Net 30,Matched
INV000949,PO001451,V00450,5270.53,2024-11-11,Paid,2024-12-05,Net 30,Matched
INV000950,PO000088,V00183,105862.01,2024-09-16,Paid,2024-10-14,Net 45,Matched
INV000951,PO001486,V00368,10644.1,2024-04-22,Paid,2024-06-08,Net 45,Matched
INV000952,PO004826,V00169,15754.72,2025-05-02,Paid,2025-06-13,Net 45,Matched
INV000953,PO002151,V00368,51569.5,2025-05-13,Paid,2025-06-10,Net 30,Matched
INV000954,PO002395,V00403,17074.31,2025-10-20,Paid,2025-11-12,Net 30,Matched
INV000955,PO002031,V00403,17736.46,2025-04-12,Paid,2025-05-06,Net 30,Matched
INV000956,PO005350,V00155,5770.0,2026-01-20,Unpaid,,Net 15,Matched
INV000957,PO003354,V00403,8163.74,2024-03-24,Paid Late,2024-04-14,Net 15,Matched
INV000958,PO001172,V00297,10264.77,2024-02-11,Paid,2024-02-19,Net 15,Matched
INV000959,PO002729,V00153,11525.6,2025-05-19,Paid,2025-06-30,Net 45,Matched
INV000960,PO004927,V00432,58898.69,2024-07-02,Paid,2024-07-18,Net 15,Matched
INV000961,PO005239,V00382,11165.16,2025-10-26,Paid,2025-12-25,Net 60,Missing Receipt
INV000962,PO003880,V00430,26301.4,2025-07-09,Paid,2025-09-05,Net 60,Matched
INV000963,PO004654,V00433,7776.41,2024-07-09,Paid,2024-09-08,Net 60,Matched
INV000964,PO005420,V00312,1336.42,2025-04-05,Paid,2025-05-02,Net 30,Matched
INV000965,PO004688,V00368,7454.83,2025-01-30,Paid Late,2025-03-15,Net 30,Matched
INV000966,PO001108,V00325,3228.73,2025-02-03,Paid,2025-02-08,Net 15,Matched
INV000967,PO001721,V00173,8137.61,2025-01-02,Paid,2025-01-21,Net 30,Matched
INV000968,PO002614,V00359,4496.57,2025-11-26,Unpaid,,Net 60,Matched
INV000969,PO000334,V00348,15014.31,2024-09-22,Paid,2024-11-24,Net 60,Missing Receipt
INV000970,PO002677,V00396,16690.53,2025-08-13,Paid,2025-09-24,Net 60,Matched
INV000971,PO000880,V00248,15603.35,2025-01-25,Paid,2025-03-16,Net 60,Matched
INV000972,PO003029,V00069,2283.52,2025-01-03,Paid,2025-03-02,Net 60,Missing Receipt
INV000973,PO002963,V00038,10868.3,2025-09-26,Paid,2025-10-14,Net 15,Missing Receipt
INV000974,PO002868,V00074,16174.03,2025-09-07,Paid,2025-10-06,Net 30,Matched
INV000975,PO001436,V00299,12625.15,2025-03-07,Paid Late,2025-04-15,Net 30,Matched
INV000976,PO000081,V00368,10801.41,2025-05-05,Paid,2025-05-23,Net 30,Price Variance
INV000977,PO000288,V00368,41924.96,2025-10-08,Paid,2025-12-03,Net 60,Matched
INV000978,PO004355,V00290,3198.72,2026-01-04,Unpaid,,Net 60,Matched
INV000979,PO002324,V00006,53677.54,2025-06-27,Paid,2025-07-16,Net 15,Matched
INV000980,PO004092,V00116,6729.57,2025-10-30,Unpaid,,Net 60,Matched
INV000981,PO003695,V00171,3836.62,2024-11-15,Paid,2024-12-29,Net 45,Matched
INV000982,PO004453,V00406,13065.96,2024-12-23,Paid,2025-02-14,Net 60,Matched
INV000983,PO002827,V00200,38239.51,2025-01-29,Paid,2025-03-15,Net 45,Matched
INV000984,PO002741,V00498,34124.69,2025-07-25,Paid Late,2025-08-15,Net 15,Matched
INV000985,PO000696,V00301,15363.99,2025-11-12,Paid Late,2025-12-03,Net 15,Matched
INV000986,PO002053,V00368,210506.81,2024-01-21,Paid,2024-02-26,Net 45,Matched
INV000987,PO002134,V00086,2468.1,2024-06-21,Paid,2024-07-05,Net 15,Matched
INV000988,PO003430,V00300,11831.15,2024-12-16,Paid Late,2025-02-21,Net 60,Matched
INV000989,PO000341,V00251,48411.36,2024-12-30,Paid Late,2025-02-20,Net 45,Matched
INV000990,PO000803,V00294,4257.74,2025-11-04,Unpaid,,Net 60,Matched
INV000991,PO001384,V00473,47643.52,2025-02-05,Paid,2025-04-02,Net 60,Matched
INV000992,PO002353,V00093,1785.95,2025-10-03,Paid,2025-11-27,Net 60,Matched
INV000993,PO005347,V00030,19547.09,2025-04-30,Paid,2025-05-20,Net 15,Matched
INV000994,PO002206,V00145,8477.09,2025-06-13,Paid,2025-07-30,Net 60,Matched
INV000995,PO003995,V00300,2473.1,2025-10-07,Paid Late,2025-10-29,Net 15,Price Variance
INV000996,PO003838,V00066,22711.23,2025-07-14,Paid,2025-09-10,Net 60,Matched
INV000997,PO001048,V00476,16634.07,2024-11-19,Paid,2024-12-19,Net 30,Matched
INV000998,PO001924,V00020,2289.64,2025-11-17,Paid,2025-12-28,Net 45,Matched
INV000999,PO000320,V00008,7046.24,2026-01-19,Unpaid,,Net 15,Matched
INV001000,PO004374,V00126,63726.64,2024-03-24,Paid Late,2024-06-02,Net 60,Missing Receipt
INV001001,PO000102,V00472,6999.7,2024-04-30,Paid,2024-05-12,Net 15,Matched
INV001002,PO001126,V00361,8111.19,2024-07-08,Paid,2024-08-28,Net 60,Matched
INV001003,PO004083,V00354,9731.4,2025-07-08,Paid Late,2025-09-02,Net 45,Missing Receipt
INV001004,PO002787,V00355,58038.08,2025-02-18,Paid Late,2025-04-10,Net 45,Matched
INV001005,PO004986,V00440,939.03,2025-10-20,Paid Late,2025-11-29,Net 30,Matched
INV001006,PO004794,V00145,5676.7,2025-10-31,Paid,2025-11-08,Net 15,Matched
INV001007,PO000559,V00075,6469.8,2025-04-10,Paid,2025-04-30,Net 30,Price Variance
INV001008,PO000654,V00368,14979.51,2025-11-01,Paid,2025-12-06,Net 30,Matched
INV001009,PO003684,V00197,24235.19,2025-05-10,Paid,2025-05-24,Net 15,Matched
INV001010,PO003902,V00186,5412.23,2024-10-11,Paid Late,2024-12-06,Net 45,Price Variance
INV001011,PO002596,V00154,28477.59,2025-09-25,Paid Late,2025-11-16,Net 45,Matched
INV001012,PO004441,V00393,12181.18,2024-06-01,Paid,2024-06-12,Net 15,Matched
INV001013,PO000318,V00429,1859.93,2025-02-23,Paid,2025-03-24,Net 30,Matched
INV001014,PO003800,V00295,777.82,2025-05-05,Paid,2025-05-29,Net 30,Matched
INV001015,PO000854,V00150,3609.08,2024-12-17,Paid,2024-12-30,Net 15,Matched
INV001016,PO000469,V00432,203622.02,2025-07-16,Paid,2025-09-03,Net 60,Matched
INV001017,PO000908,V00368,3344.92,2025-11-28,Paid,2025-12-16,Net 15,Matched
INV001018,PO000348,V00326,3650.88,2024-02-21,Paid,2024-03-22,Net 45,Matched
INV001019,PO003787,V00491,57970.98,2024-08-31,Paid Late,2024-10-07,Net 30,Matched
INV001020,PO003993,V00403,6833.46,2025-01-03,Paid Late,2025-03-06,Net 45,Price Variance
INV001021,PO004430,V00297,37971.11,2025-08-13,Paid,2025-10-17,Net 60,Matched
INV001022,PO001759,V00403,21942.6,2024-09-11,Paid Late,2024-11-13,Net 45,Price Variance
INV001023,PO000016,V00403,15911.78,2024-10-16,Paid Late,2024-12-19,Net 45,Matched
INV001024,PO000176,V00420,6679.54,2024-08-19,Paid,2024-09-02,Net 30,Matched
INV001025,PO003248,V00063,4518.87,2025-03-12,Paid,2025-04-04,Net 30,Matched
INV001026,PO003782,V00114,1480.6,2025-12-05,Paid,2025-12-21,Net 30,Price Variance
INV001027,PO002593,V00147,13107.62,2025-06-19,Paid,2025-07-21,Net 30,Price Variance
INV001028,PO003960,V00062,7582.2,2025-04-05,Paid Late,2025-05-01,Net 15,Missing Receipt
INV001029,PO000701,V00333,26082.9,2024-03-26,Paid,2024-04-09,Net 15,Missing Receipt
INV001030,PO002753,V00403,1685.31,2024-12-17,Paid,2025-02-20,Net 60,Missing Receipt
INV001031,PO001725,V00234,9230.23,2025-11-26,Paid,2025-12-12,Net 15,Matched
INV001032,PO002831,V00113,51039.74,2025-09-20,Paid,2025-10-31,Net 45,Price Variance
INV001033,PO001757,V00461,25556.52,2024-10-26,Paid,2024-11-12,Net 15,Matched
INV001034,PO000536,V00116,10345.08,2025-04-12,Paid,2025-04-19,Net 30,Matched
INV001035,PO000209,V00451,2348.9,2024-09-14,Paid,2024-11-07,Net 60,Matched
INV001036,PO003408,V00397,26878.65,2025-07-22,Paid,2025-08-02,Net 15,Missing Receipt
INV001037,PO004543,V00488,6521.85,2025-10-14,Paid,2025-12-13,Net 60,Matched
INV001038,PO000030,V00149,41165.89,2024-11-07,Paid,2024-12-28,Net 60,Matched
INV001039,PO003856,V00082,3603.15,2025-09-14,Paid Late,2025-10-10,Net 15,Matched
INV001040,PO004342,V00325,4860.06,2024-09-25,Paid,2024-10-24,Net 30,Matched
INV001041,PO003743,V00062,3620.96,2025-12-05,Unpaid,,Net 60,Matched
INV001042,PO001046,V00381,35908.38,2025-12-30,Unpaid,,Net 30,Matched
INV001043,PO000628,V00290,3465.97,2024-06-11,Paid Late,2024-07-31,Net 30,Matched
INV001044,PO003110,V00127,30272.61,2025-02-16,Paid,2025-03-04,Net 15,Matched
INV001045,PO000684,V00179,17926.68,2024-12-01,Paid,2024-12-25,Net 30,Matched
INV001046,PO000135,V00225,18296.19,2024-11-12,Paid,2024-12-30,Net 60,Matched
INV001047,PO000424,V00463,64159.53,2025-11-05,Paid,2025-11-27,Net 30,Price Variance
INV001048,PO003345,V00406,3456.3,2024-04-20,Paid,2024-04-28,Net 15,Missing Receipt
INV001049,PO001676,V00086,33177.69,2024-09-18,Paid,2024-10-07,Net 15,Matched
INV001050,PO003944,V00298,79685.83,2025-01-16,Paid,2025-03-05,Net 45,Matched
INV001051,PO005223,V00379,2079.11,2024-12-31,Paid,2025-01-18,Net 30,Price Variance
INV001052,PO005126,V00306,2096.67,2025-09-15,Paid,2025-10-15,Net 30,Matched
INV001053,PO001310,V00395,25581.74,2024-12-10,Paid,2025-01-25,Net 45,Matched
INV001054,PO000801,V00091,10908.77,2025-07-14,Paid,2025-08-14,Net 30,Matched
INV001055,PO004464,V00333,36119.31,2024-01-22,Paid Late,2024-02-13,Net 15,Matched
INV001056,PO004141,V00430,45318.15,2025-11-01,Paid,2025-11-13,Net 15,Matched
INV001057,PO001820,V00401,9485.45,2024-09-27,Paid,2024-11-28,Net 60,Matched
INV001058,PO004956,V00403,10934.11,2025-05-16,Paid,2025-06-15,Net 30,Matched
INV001059,PO004520,V00056,20277.78,2024-08-02,Paid,2024-09-08,Net 45,Missing Receipt
INV001060,PO003865,V00403,10683.48,2024-07-13,Paid Late,2024-09-02,Net 45,Price Variance
INV001061,PO004467,V00130,770.92,2024-07-24,Paid,2024-09-22,Net 60,Matched
INV001062,PO005409,V00196,10985.5,2024-04-01,Paid,2024-04-30,Net 30,Matched
INV001063,PO004060,V00394,27787.65,2025-10-12,Paid Late,2025-11-18,Net 30,Missing Receipt
INV001064,PO002105,V00274,11460.78,2025-05-11,Paid,2025-06-15,Net 30,Missing Receipt
INV001065,PO003339,V00053,15129.5,2024-05-24,Paid,2024-06-10,Net 15,Matched
INV001066,PO005364,V00254,3899.13,2025-01-01,Paid,2025-01-20,Net 15,Missing Receipt
INV001067,PO001660,V00122,1118.64,2024-02-03,Paid,2024-04-03,Net 60,Missing Receipt
INV001068,PO001438,V00071,3927.09,2025-10-19,Paid,2025-12-14,Net 60,Matched
INV001069,PO005284,V00368,51760.38,2024-02-26,Paid,2024-04-27,Net 60,Matched
INV001070,PO005324,V00452,5046.3,2024-06-26,Paid,2024-08-10,Net 45,Missing Receipt
INV001071,PO003036,V00368,36526.24,2025-08-19,Paid,2025-09-30,Net 45,Matched
INV001072,PO002738,V00302,2100.34,2025-10-06,Paid,2025-11-08,Net 30,Matched
INV001073,PO001358,V00238,12916.41,2024-07-31,Paid Late,2024-08-30,Net 15,Matched
INV001074,PO004760,V00368,10626.13,2024-09-20,Paid,2024-10-21,Net 30,Matched
INV001075,PO001031,V00005,18216.9,2025-11-28,Paid,2025-12-26,Net 30,Matched
INV001076,PO000617,V00244,3506.11,2024-04-07,Paid Late,2024-05-16,Net 30,Matched
INV001077,PO001205,V00366,9449.46,2025-06-26,Paid,2025-08-12,Net 45,Matched
INV001078,PO002958,V00433,7735.87,2025-09-29,Paid,2025-11-29,Net 60,Matched
INV001079,PO001834,V00066,71535.92,2024-12-09,Paid Late,2025-01-03,Net 15,Matched
INV001080,PO003619,V00037,13261.31,2025-06-15,Paid Late,2025-07-22,Net 30,Matched
INV001081,PO004217,V00403,13781.1,2024-02-11,Paid,2024-03-30,Net 45,Price Variance
INV001082,PO001781,V00475,2062.52,2024-07-23,Paid,2024-09-24,Net 60,Price Variance
INV001083,PO002850,V00234,6940.17,2024-06-30,Paid,2024-08-19,Net 45,Matched
INV001084,PO000409,V00261,1171.3,2025-03-09,Paid,2025-04-12,Net 45,Matched
INV001085,PO002334,V00054,10308.37,2025-09-13,Paid,2025-09-18,Net 15,Price Variance
INV001086,PO000778,V00016,1848.8,2024-07-15,Paid,2024-07-27,Net 15,Matched
INV001087,PO000779,V00358,17812.21,2024-10-02,Paid Late,2024-12-08,Net 60,Matched
INV001088,PO002443,V00136,63412.0,2025-09-14,Paid Late,2025-10-25,Net 30,Matched
INV001089,PO000521,V00403,6748.84,2025-01-17,Paid,2025-02-21,Net 45,Matched
INV001090,PO003886,V00263,17295.84,2025-02-04,Paid,2025-03-27,Net 60,Price Variance
INV001091,PO002376,V00214,14592.5,2025-09-05,Paid,2025-10-03,Net 30,Matched
INV001092,PO004276,V00462,23159.87,2025-04-04,Paid,2025-04-22,Net 15,Matched
INV001093,PO001983,V00134,5776.08,2024-06-25,Paid,2024-08-12,Net 45,Matched
INV001094,PO000979,V00405,12244.08,2024-07-01,Paid Late,2024-08-14,Net 30,Matched
INV001095,PO005416,V00219,7826.54,2025-12-16,Unpaid,,Net 45,Matched
INV001096,PO004708,V00171,21892.48,2025-10-01,Paid,2025-11-17,Net 60,Matched
INV001097,PO005098,V00385,38908.43,2025-01-31,Paid Late,2025-02-23,Net 15,Matched
INV001098,PO001852,V00232,7648.82,2024-10-17,Paid,2024-11-10,Net 30,Missing Receipt
INV001099,PO005037,V00062,1532.41,2025-10-28,Paid,2025-12-10,Net 45,Matched
INV001100,PO002177,V00004,13370.33,2025-10-14,Paid,2025-11-24,Net 45,Matched
INV001101,PO002659,V00358,14132.48,2025-03-16,Paid Late,2025-05-29,Net 60,Matched
INV001102,PO000254,V00289,847.44,2025-04-05,Paid,2025-04-21,Net 15,Missing Receipt
INV001103,PO005105,V00352,7969.7,2024-08-01,Paid Late,2024-10-09,Net 60,Missing Receipt
INV001104,PO001469,V00173,33259.83,2025-09-07,Paid,2025-09-26,Net 30,Missing Receipt
INV001105,PO001441,V00286,47175.67,2024-08-09,Paid,2024-09-13,Net 45,Matched
INV001106,PO000686,V00282,11995.59,2025-03-27,Paid,2025-04-02,Net 15,Matched
INV001107,PO002325,V00378,2772.42,2025-08-06,Paid,2025-08-22,Net 15,Matched
INV001108,PO000490,V00134,31665.38,2025-03-21,Paid Late,2025-06-03,Net 60,Matched
INV001109,PO002119,V00389,4872.0,2025-05-26,Paid,2025-07-28,Net 60,Matched
INV001110,PO003129,V00368,22696.28,2024-07-05,Paid,2024-07-15,Net 15,Matched
INV001111,PO000546,V00229,75074.35,2025-04-03,Paid,2025-05-15,Net 45,Matched
INV001112,PO004727,V00293,249533.82,2025-10-15,Paid,2025-11-08,Net 30,Matched
INV001113,PO005111,V00342,4296.21,2024-12-08,Paid Late,2025-01-01,Net 15,Missing Receipt
INV001114,PO005049,V00368,9956.19,2024-12-27,Paid,2025-02-14,Net 45,Price Variance
INV001115,PO002361,V00193,38690.84,2025-07-17,Paid,2025-09-06,Net 60,Matched
INV001116,PO001180,V00045,9991.46,2025-02-10,Paid,2025-04-07,Net 60,Matched
INV001117,PO003509,V00284,20910.63,2024-12-14,Paid,2025-01-08,Net 30,Matched
INV001118,PO004915,V00480,31117.61,2025-12-30,Unpaid,,Net 60,Price Variance
INV001119,PO004314,V00245,3979.24,2025-11-03,Paid Late,2025-12-31,Net 45,Matched
INV001120,PO000743,V00333,16009.68,2025-06-25,Paid,2025-08-22,Net 60,Matched
INV001121,PO001940,V00357,6712.24,2024-11-27,Paid Late,2024-12-20,Net 15,Matched
INV001122,PO000652,V00180,4119.66,2025-08-01,Paid,2025-09-01,Net 30,Price Variance
INV001123,PO000544,V00383,2046.75,2025-12-25,Paid,2025-12-30,Net 15,Matched
INV001124,PO002758,V00382,1449.88,2024-05-20,Paid Late,2024-07-12,Net 45,Matched
INV001125,PO000415,V00445,9722.21,2025-09-02,Paid Late,2025-10-08,Net 30,Missing Receipt
INV001126,PO003645,V00269,13643.72,2025-12-20,Paid,2025-12-28,Net 15,Matched
INV001127,PO003101,V00368,13339.28,2025-04-14,Paid Late,2025-06-22,Net 60,Matched
INV001128,PO002160,V00093,5516.76,2024-07-02,Paid,2024-07-21,Net 15,Matched
INV001129,PO000610,V00306,2502.6,2025-06-11,Paid Late,2025-07-19,Net 30,Matched
INV001130,PO001884,V00205,4109.49,2025-04-07,Paid,2025-04-24,Net 15,Matched
INV001131,PO001723,V00355,26596.93,2024-02-12,Paid,2024-03-09,Net 30,Matched
INV001132,PO001293,V00073,10888.02,2025-10-21,Paid,2025-11-27,Net 45,Missing Receipt
INV001133,PO002440,V00105,3650.22,2025-11-20,Unpaid,,Net 60,Matched
INV001134,PO004376,V00403,45087.93,2024-09-09,Paid,2024-10-05,Net 30,Price Variance
INV001135,PO002747,V00241,959.28,2025-04-17,Paid,2025-06-18,Net 60,Missing Receipt
INV001136,PO005179,V00068,6081.7,2025-07-02,Paid Late,2025-08-17,Net 30,Matched
INV001137,PO003972,V00309,5211.33,2025-08-04,Paid,2025-10-08,Net 60,Matched
INV001138,PO002146,V00306,15453.28,2025-10-04,Paid,2025-11-05,Net 30,Matched
INV001139,PO001877,V00336,748.87,2024-10-12,Paid,2024-10-24,Net 15,Missing Receipt
INV001140,PO001305,V00222,22059.7,2024-03-23,Paid,2024-05-20,Net 60,Matched
INV001141,PO002434,V00342,4754.74,2024-11-25,Paid,2025-01-18,Net 60,Matched
INV001142,PO004210,V00104,5142.45,2025-06-02,Paid,2025-06-09,Net 15,Price Variance
INV001143,PO001440,V00462,32111.88,2026-01-13,Unpaid,,Net 30,Matched
INV001144,PO000303,V00141,11303.41,2024-01-25,Paid,2024-03-26,Net 60,Matched
INV001145,PO002185,V00379,3012.8,2024-11-21,Paid,2025-01-03,Net 45,Matched
INV001146,PO002073,V00314,10988.83,2024-02-24,Paid,2024-02-29,Net 15,Matched
INV001147,PO001226,V00246,9505.41,2025-11-24,Paid,2025-12-14,Net 15,Matched
INV001148,PO003596,V00422,6554.09,2025-07-06,Paid Late,2025-08-26,Net 45,Price Variance
INV001149,PO002265,V00200,88168.11,2024-12-06,Paid Late,2025-02-12,Net 60,Matched
INV001150,PO002260,V00293,148571.38,2025-08-28,Paid Late,2025-11-11,Net 60,Matched
INV001151,PO000346,V00430,45126.9,2024-02-08,Paid Late,2024-04-14,Net 60,Price Variance
INV001152,PO001802,V00415,8372.07,2025-10-29,Paid,2025-11-12,Net 15,Price Variance
INV001153,PO005301,V00145,152605.17,2024-09-28,Paid Late,2024-11-22,Net 45,Matched
INV001154,PO003775,V00354,37804.86,2026-01-21,Unpaid,,Net 60,Matched
INV001155,PO003078,V00472,30111.67,2025-12-16,Unpaid,,Net 30,Matched
INV001156,PO003753,V00368,15703.34,2025-02-08,Paid,2025-03-14,Net 45,Matched
INV001157,PO004917,V00285,226143.95,2024-02-26,Paid,2024-04-10,Net 45,Matched
INV001158,PO003882,V00305,22865.2,2024-07-04,Paid,2024-08-11,Net 60,Matched
INV001159,PO004837,V00317,10278.43,2024-12-31,Paid,2025-01-29,Net 30,Matched
INV001160,PO005257,V00356,49174.82,2025-02-18,Paid,2025-04-04,Net 45,Matched
INV001161,PO001738,V00173,4591.22,2024-10-09,Paid,2024-11-17,Net 45,Matched
INV001162,PO004886,V00323,9246.74,2024-12-20,Paid Late,2025-01-10,Net 15,Matched
INV001163,PO000292,V00083,422.25,2025-07-12,Paid Late,2025-08-28,Net 30,Matched
INV001164,PO000160,V00466,5426.86,2024-02-15,Paid,2024-03-16,Net 30,Matched
INV001165,PO004058,V00433,440.74,2025-07-29,Paid,2025-08-16,Net 15,Matched
INV001166,PO003860,V00319,5963.54,2025-09-13,Paid,2025-10-02,Net 30,Missing Receipt
INV001167,PO004008,V00468,4206.98,2025-09-20,Paid Late,2025-11-19,Net 45,Matched
INV001168,PO002282,V00077,1837.43,2025-04-12,Paid,2025-06-13,Net 60,Matched
INV001169,PO002101,V00010,7621.65,2025-08-20,Paid,2025-09-12,Net 30,Matched
INV001170,PO003465,V00026,6135.67,2024-08-19,Paid Late,2024-09-18,Net 15,Matched
INV001171,PO001953,V00368,34520.55,2025-12-21,Unpaid,,Net 30,Missing Receipt
INV001172,PO004187,V00185,9145.53,2025-05-04,Paid,2025-06-22,Net 45,Matched
INV001173,PO003321,V00399,12638.83,2025-01-16,Paid,2025-02-06,Net 30,Matched
INV001174,PO003189,V00430,10011.95,2025-09-20,Paid,2025-10-28,Net 45,Matched
INV001175,PO004541,V00368,15469.09,2024-03-25,Paid,2024-05-03,Net 45,Missing Receipt
INV001176,PO003336,V00054,27138.05,2024-03-24,Paid Late,2024-04-17,Net 15,Matched
INV001177,PO002446,V00263,16562.06,2024-12-20,Paid,2025-01-02,Net 15,Matched
INV001178,PO005357,V00403,3460.82,2025-11-06,Paid,2025-12-15,Net 45,Price Variance
INV001179,PO002903,V00239,5066.64,2025-09-25,Paid Late,2025-11-30,Net 60,Matched
INV001180,PO004338,V00418,22933.89,2025-01-21,Paid Late,2025-03-26,Net 45,Matched
INV001181,PO004599,V00252,2370.44,2024-07-28,Paid,2024-08-31,Net 30,Matched
INV001182,PO001507,V00117,3486.44,2025-09-05,Paid Late,2025-10-07,Net 15,Matched
INV001183,PO000691,V00369,50238.11,2024-07-11,Paid,2024-08-04,Net 30,Matched
INV001184,PO002012,V00397,39183.47,2024-11-29,Paid,2025-01-30,Net 60,Matched
INV001185,PO003966,V00210,13531.89,2025-12-08,Unpaid,,Net 45,Matched
INV001186,PO004408,V00030,3879.91,2025-03-30,Paid Late,2025-05-09,Net 30,Matched
INV001187,PO005228,V00403,16448.04,2025-05-11,Paid,2025-05-24,Net 15,Matched
INV001188,PO003328,V00145,11393.58,2024-06-14,Paid,2024-07-09,Net 45,Price Variance
INV001189,PO002147,V00403,33668.92,2024-04-16,Paid,2024-06-11,Net 60,Matched
INV001190,PO000323,V00346,49038.39,2024-05-16,Paid,2024-07-03,Net 45,Missing Receipt
INV001191,PO001571,V00110,22662.8,2025-06-02,Paid,2025-06-18,Net 15,Matched
INV001192,PO005319,V00294,9626.18,2025-06-07,Paid,2025-06-26,Net 15,Matched
INV001193,PO001373,V00125,9344.49,2024-11-23,Paid Late,2025-01-28,Net 60,Matched
INV001194,PO002771,V00101,4671.99,2024-03-03,Paid,2024-04-12,Net 45,Matched
INV001195,PO002136,V00290,7180.08,2025-03-12,Paid Late,2025-04-19,Net 15,Matched
INV001196,PO001136,V00281,8698.06,2025-03-18,Paid,2025-03-23,Net 15,Matched
INV001197,PO004821,V00393,15708.77,2025-07-10,Paid Late,2025-07-31,Net 15,Matched
INV001198,PO004618,V00030,5831.26,2025-06-28,Paid,2025-08-29,Net 60,Missing Receipt
INV001199,PO002907,V00138,2693.63,2025-06-05,Paid,2025-07-04,Net 30,Missing Receipt
INV001200,PO000761,V00325,7922.67,2025-11-13,Paid,2025-12-14,Net 30,Matched
INV001201,PO000904,V00409,2829.04,2025-03-31,Paid,2025-05-02,Net 30,Matched
INV001202,PO002940,V00399,11826.09,2024-12-05,Paid Late,2025-01-13,Net 30,Price Variance
INV001203,PO001491,V00450,25893.8,2025-04-11,Paid,2025-04-29,Net 15,Matched
INV001204,PO002140,V00247,7501.48,2025-06-13,Paid,2025-07-14,Net 30,Matched
INV001205,PO004827,V00226,65079.68,2025-11-06,Paid,2025-12-07,Net 45,Matched
INV001206,PO000775,V00257,3353.79,2025-10-17,Paid,2025-12-17,Net 60,Matched
INV001207,PO001958,V00262,20850.92,2025-08-26,Paid Late,2025-10-04,Net 30,Matched
INV001208,PO001175,V00455,6620.98,2025-07-15,Paid,2025-08-17,Net 30,Price Variance
INV001209,PO003643,V00416,15170.31,2024-12-18,Paid,2025-02-06,Net 60,Matched
INV001210,PO000629,V00371,10513.69,2024-07-14,Paid,2024-09-08,Net 60,Matched
INV001211,PO000188,V00368,34819.25,2025-04-13,Paid Late,2025-05-15,Net 15,Matched
INV001212,PO003697,V00093,1596.72,2025-11-05,Paid,2025-12-09,Net 30,Matched
INV001213,PO001839,V00142,2605.35,2024-04-23,Paid,2024-06-23,Net 60,Matched
INV001214,PO001254,V00396,6510.29,2026-01-20,Unpaid,,Net 45,Price Variance
INV001215,PO000156,V00496,18145.56,2025-12-06,Paid,2025-12-20,Net 15,Matched
INV001216,PO004824,V00401,8647.06,2025-03-31,Paid Late,2025-04-25,Net 15,Matched
INV001217,PO005084,V00403,7275.19,2024-07-29,Paid Late,2024-10-13,Net 60,Matched
INV001218,PO004175,V00368,50276.14,2025-06-12,Paid,2025-07-12,Net 30,Matched
INV001219,PO004788,V00472,71005.15,2024-02-29,Paid Late,2024-05-06,Net 60,Matched
INV001220,PO001673,V00326,2507.94,2024-10-09,Paid,2024-11-25,Net 45,Missing Receipt
INV001221,PO002116,V00368,9953.77,2024-11-25,Paid,2024-12-04,Net 15,Matched
INV001222,PO004041,V00226,5199.53,2025-11-20,Unpaid,,Net 45,Missing Receipt
INV001223,PO004725,V00047,5138.59,2024-05-13,Paid,2024-06-30,Net 60,Matched
INV001224,PO002243,V00112,54380.32,2025-07-20,Paid,2025-08-17,Net 30,Matched
INV001225,PO002039,V00362,1310.1,2025-06-26,Paid,2025-08-17,Net 60,Matched
INV001226,PO003044,V00372,7412.0,2024-10-08,Paid,2024-11-22,Net 45,Matched
INV001227,PO004330,V00232,7873.63,2025-08-19,Paid,2025-09-14,Net 30,Matched
INV001228,PO001492,V00370,3593.53,2025-08-01,Paid Late,2025-09-23,Net 45,Matched
INV001229,PO000678,V00083,3629.41,2025-09-09,Paid Late,2025-10-05,Net 15,Matched
INV001230,PO005210,V00263,30249.23,2024-04-19,Paid Late,2024-06-29,Net 60,Matched
INV001231,PO003892,V00220,15581.28,2024-12-02,Paid,2025-01-19,Net 60,Price Variance
INV001232,PO000566,V00368,20769.96,2025-04-17,Paid,2025-06-01,Net 45,Matched
INV001233,PO005130,V00066,12960.57,2025-04-01,Paid Late,2025-06-06,Net 60,Matched
INV001234,PO005208,V00173,27763.18,2024-09-18,Paid,2024-11-03,Net 45,Matched
INV001235,PO003378,V00287,22268.31,2026-01-05,Unpaid,,Net 30,Price Variance
INV001236,PO001537,V00368,9394.73,2024-12-14,Paid,2025-01-16,Net 30,Matched
INV001237,PO002040,V00094,20787.0,2024-03-17,Paid,2024-03-29,Net 15,Matched
INV001238,PO005485,V00407,2491.17,2024-04-19,Paid,2024-04-25,Net 15,Matched
INV001239,PO000997,V00264,16073.07,2026-01-07,Unpaid,,Net 15,Matched
INV001240,PO005164,V00436,1029.66,2025-12-19,Paid,2025-12-26,Net 15,Matched
INV001241,PO002055,V00274,12301.0,2024-12-31,Paid Late,2025-03-11,Net 60,Missing Receipt
INV001242,PO004979,V00166,4644.08,2025-04-03,Paid,2025-06-03,Net 60,Matched
INV001243,PO004435,V00403,35924.21,2026-01-03,Unpaid,,Net 60,Missing Receipt
INV001244,PO004112,V00352,3572.27,2024-06-24,Paid,2024-08-04,Net 45,Matched
INV001245,PO004292,V00416,25660.45,2024-02-15,Paid,2024-04-04,Net 60,Matched
INV001246,PO004168,V00045,21273.29,2024-07-23,Paid,2024-09-16,Net 60,Matched
INV001247,PO003003,V00243,9664.63,2024-01-20,Paid,2024-03-01,Net 45,Matched
INV001248,PO001294,V00434,5483.62,2025-01-30,Paid,2025-02-15,Net 30,Matched
INV001249,PO000817,V00368,8333.65,2025-10-20,Paid,2025-11-17,Net 30,Price Variance
INV001250,PO002855,V00148,2950.69,2024-01-28,Paid Late,2024-03-09,Net 30,Matched
INV001251,PO005434,V00445,31025.67,2025-01-21,Paid,2025-03-19,Net 60,Matched
INV001252,PO002026,V00143,42793.82,2024-10-17,Paid,2024-11-20,Net 30,Matched
INV001253,PO001811,V00430,44543.89,2024-10-31,Paid,2024-12-06,Net 45,Matched
INV001254,PO001668,V00368,10016.89,2024-02-24,Paid,2024-03-10,Net 15,Matched
INV001255,PO003689,V00160,5263.46,2024-07-24,Paid,2024-07-29,Net 15,Missing Receipt
INV001256,PO005174,V00419,1480.17,2025-02-18,Paid,2025-03-24,Net 30,Matched
INV001257,PO002817,V00400,49121.35,2024-04-15,Paid Late,2024-05-28,Net 30,Missing Receipt
INV001258,PO002341,V00169,66611.82,2024-10-24,Paid,2024-12-10,Net 45,Missing Receipt
INV001259,PO003433,V00491,11621.26,2025-09-03,Paid,2025-10-29,Net 60,Matched
INV001260,PO004589,V00290,9786.08,2025-11-30,Unpaid,,Net 30,Matched
INV001261,PO001589,V00471,21083.84,2025-09-10,Paid,2025-10-24,Net 45,Missing Receipt
INV001262,PO005209,V00079,2056.67,2025-01-09,Paid,2025-02-11,Net 30,Matched
INV001263,PO002144,V00333,108812.75,2025-01-13,Paid,2025-03-09,Net 60,Matched
INV001264,PO004308,V00235,5240.99,2024-03-14,Paid,2024-04-18,Net 30,Matched
INV001265,PO002067,V00368,32647.41,2024-05-10,Paid,2024-06-04,Net 30,Matched
INV001266,PO000355,V00071,1327.56,2025-02-20,Paid,2025-04-17,Net 60,Matched
INV001267,PO001929,V00151,13600.94,2024-11-04,Paid,2024-11-21,Net 30,Matched
INV001268,PO002276,V00368,7710.73,2025-10-30,Paid,2025-11-12,Net 15,Matched
INV001269,PO001722,V00345,4538.7,2025-10-05,Paid,2025-11-03,Net 30,Matched
INV001270,PO004089,V00494,1702.5,2024-04-22,Paid,2024-05-09,Net 15,Matched
INV001271,PO004299,V00062,7026.81,2024-03-24,Paid Late,2024-05-04,Net 30,Matched
INV001272,PO000247,V00403,2205.73,2025-11-30,Unpaid,,Net 45,Matched
INV001273,PO003371,V00125,2032.95,2025-10-25,Paid,2025-12-16,Net 60,Matched
INV001274,PO000380,V00332,26131.65,2026-01-01,Unpaid,,Net 30,Matched
INV001275,PO002267,V00235,3213.03,2025-06-11,Paid,2025-06-24,Net 15,Matched
INV001276,PO003809,V00395,38081.91,2024-09-20,Paid,2024-10-25,Net 30,Price Variance
INV001277,PO004547,V00016,10741.71,2024-11-05,Paid,2024-12-27,Net 60,Price Variance
INV001278,PO001425,V00491,7104.55,2025-08-24,Paid,2025-09-20,Net 45,Matched
INV001279,PO003160,V00259,4043.65,2025-08-26,Paid,2025-09-08,Net 15,Matched
INV001280,PO004362,V00034,19657.94,2025-01-31,Paid,2025-04-05,Net 60,Matched
INV001281,PO004838,V00033,67256.5,2025-07-07,Paid,2025-07-13,Net 15,Missing Receipt
INV001282,PO002268,V00154,12889.62,2024-07-26,Paid,2024-08-24,Net 30,Matched
INV001283,PO002553,V00408,15365.39,2024-01-16,Paid Late,2024-02-25,Net 30,Missing Receipt
INV001284,PO003272,V00347,3318.43,2024-07-04,Paid Late,2024-09-13,Net 60,Matched
INV001285,PO003871,V00099,7877.51,2024-06-21,Paid,2024-07-11,Net 15,Matched
INV001286,PO001655,V00104,2836.77,2026-01-01,Unpaid,,Net 45,Missing Receipt
INV001287,PO004419,V00169,55300.36,2025-07-15,Paid,2025-08-30,Net 45,Matched
INV001288,PO005203,V00137,8268.32,2024-09-29,Paid,2024-12-02,Net 60,Matched
INV001289,PO001793,V00354,107963.24,2024-02-03,Paid,2024-03-30,Net 60,Matched
INV001290,PO000896,V00368,12899.7,2025-09-22,Paid,2025-10-24,Net 30,Matched
INV001291,PO001020,V00177,1823.84,2025-11-12,Unpaid,,Net 60,Missing Receipt
INV001292,PO000060,V00437,4442.4,2025-01-06,Paid Late,2025-03-04,Net 45,Matched
INV001293,PO002082,V00080,17098.49,2024-03-09,Paid,2024-05-13,Net 60,Matched
INV001294,PO004275,V00445,3534.36,2024-12-31,Paid,2025-02-16,Net 45,Matched
INV001295,PO003969,V00393,6474.64,2025-08-14,Paid,2025-09-19,Net 45,Missing Receipt
INV001296,PO002483,V00434,10948.08,2025-03-04,Paid,2025-03-18,Net 15,Matched
INV001297,PO000363,V00223,90470.6,2025-11-08,Paid,2025-12-13,Net 30,Matched
INV001298,PO001706,V00298,30726.61,2024-10-11,Paid,2024-11-08,Net 45,Matched
INV001299,PO005201,V00059,1093.0,2025-08-05,Paid Late,2025-09-25,Net 45,Matched
INV001300,PO002342,V00295,687.7,2024-04-06,Paid,2024-04-11,Net 15,Matched
INV001301,PO004840,V00210,31112.07,2025-06-07,Paid,2025-08-09,Net 60,Matched
INV001302,PO000392,V00195,15898.19,2024-10-08,Paid,2024-12-06,Net 60,Matched
INV001303,PO004608,V00406,29690.55,2024-12-30,Paid,2025-01-26,Net 30,Matched
INV001304,PO004854,V00018,7686.23,2025-07-09,Paid,2025-09-08,Net 60,Matched
INV001305,PO003668,V00395,6561.77,2024-05-31,Paid Late,2024-06-25,Net 15,Matched
INV001306,PO001275,V00293,16511.01,2025-04-05,Paid,2025-05-22,Net 45,Matched
INV001307,PO004219,V00368,61180.1,2025-02-15,Paid,2025-03-12,Net 45,Matched
INV001308,PO002128,V00052,19737.0,2024-05-29,Paid,2024-06-05,Net 15,Matched
INV001309,PO004127,V00272,1770.8,2025-03-30,Paid Late,2025-05-05,Net 30,Matched
INV001310,PO003188,V00375,22935.21,2024-07-07,Paid,2024-08-23,Net 60,Matched
INV001311,PO000507,V00368,16320.38,2025-03-19,Paid,2025-04-27,Net 45,Matched
INV001312,PO002387,V00372,8457.36,2025-12-08,Unpaid,,Net 45,Matched
INV001313,PO001146,V00271,2496.63,2025-12-28,Unpaid,,Net 30,Matched
INV001314,PO003869,V00207,12619.04,2024-09-18,Paid,2024-10-06,Net 15,Matched
INV001315,PO000714,V00098,11354.92,2024-02-10,Paid,2024-02-24,Net 15,Matched
INV001316,PO004761,V00490,4768.89,2024-06-30,Paid Late,2024-08-13,Net 30,Matched
INV001317,PO003049,V00223,26009.62,2025-03-30,Paid Late,2025-05-21,Net 45,Matched
INV001318,PO004813,V00117,8962.03,2025-12-15,Unpaid,,Net 45,Matched
INV001319,PO001196,V00019,4678.98,2024-07-12,Paid,2024-09-11,Net 60,Price Variance
INV001320,PO004680,V00079,3269.13,2024-05-19,Paid,2024-06-26,Net 45,Price Variance
INV001321,PO002379,V00308,216027.24,2025-03-04,Paid,2025-04-12,Net 60,Matched
INV001322,PO003603,V00476,7552.6,2024-12-07,Paid,2025-01-19,Net 45,Matched
INV001323,PO005251,V00296,85283.09,2024-06-29,Paid,2024-07-29,Net 30,Matched
INV001324,PO003027,V00147,6925.26,2025-08-29,Paid,2025-10-13,Net 45,Matched
INV001325,PO003443,V00412,16765.66,2025-08-11,Paid,2025-09-10,Net 30,Matched
INV001326,PO003803,V00261,4987.7,2025-05-24,Paid,2025-05-31,Net 15,Matched
INV001327,PO004318,V00312,5052.84,2026-01-11,Unpaid,,Net 60,Matched
INV001328,PO003620,V00005,6311.82,2024-06-16,Paid,2024-07-06,Net 30,Price Variance
INV001329,PO004088,V00173,53326.18,2024-05-12,Paid,2024-05-27,Net 15,Matched
INV001330,PO002290,V00362,473.17,2025-08-26,Paid,2025-10-04,Net 45,Matched
INV001331,PO001928,V00412,39741.27,2024-06-28,Paid,2024-07-23,Net 30,Price Variance
INV001332,PO002563,V00127,5813.42,2024-06-25,Paid,2024-07-12,Net 15,Matched
INV001333,PO001711,V00336,6529.28,2026-01-05,Unpaid,,Net 45,Matched
INV001334,PO000938,V00425,3081.02,2024-07-24,Paid,2024-09-25,Net 60,Matched
INV001335,PO000518,V00247,12095.05,2024-11-23,Paid,2025-01-11,Net 60,Matched
INV001336,PO002357,V00373,2034.17,2024-04-19,Paid Late,2024-06-27,Net 60,Matched
INV001337,PO003515,V00240,2751.95,2025-09-12,Paid,2025-10-13,Net 30,Matched
INV001338,PO002759,V00134,51251.04,2025-07-15,Paid,2025-09-16,Net 60,Matched
INV001339,PO001489,V00322,23103.03,2024-06-25,Paid,2024-08-18,Net 60,Matched
INV001340,PO004697,V00341,2143.07,2024-01-28,Paid,2024-03-09,Net 45,Missing Receipt
INV001341,PO004985,V00169,12683.35,2025-07-12,Paid,2025-07-23,Net 15,Matched
INV001342,PO001392,V00130,8605.6,2025-05-14,Paid,2025-06-18,Net 45,Matched
INV001343,PO004658,V00032,18530.48,2025-08-27,Paid Late,2025-11-01,Net 60,Missing Receipt
INV001344,PO000948,V00049,9588.31,2024-12-17,Paid,2025-01-10,Net 30,Matched
INV001345,PO002236,V00421,4772.87,2025-09-28,Paid Late,2025-12-03,Net 60,Matched
INV001346,PO000666,V00468,25483.13,2024-05-06,Paid Late,2024-08-03,Net 45,Matched
INV001347,PO000927,V00403,7636.48,2025-01-01,Paid,2025-01-22,Net 30,Matched
INV001348,PO002773,V00259,14732.17,2024-01-26,Paid,2024-02-11,Net 15,Missing Receipt
INV001349,PO002421,V00470,60115.15,2025-01-19,Paid,2025-03-18,Net 60,Price Variance
INV001350,PO004593,V00211,3120.66,2025-05-10,Paid,2025-06-25,Net 45,Matched
INV001351,PO003764,V00276,33292.09,2025-12-04,Unpaid,,Net 45,Matched
INV001352,PO005091,V00168,7112.04,2024-07-28,Paid,2024-08-11,Net 15,Matched
INV001353,PO005325,V00403,3161.92,2024-12-08,Paid,2024-12-26,Net 15,Matched
INV001354,PO003163,V00289,3880.16,2025-01-29,Paid,2025-03-12,Net 60,Matched
INV001355,PO004193,V00128,25177.95,2024-08-09,Paid,2024-09-12,Net 30,Matched
INV001356,PO004123,V00403,20942.72,2024-08-22,Paid Late,2024-10-13,Net 45,Missing Receipt
INV001357,PO000525,V00306,23142.97,2024-09-13,Paid,2024-10-17,Net 45,Missing Receipt
INV001358,PO001868,V00234,1234.9,2025-06-08,Paid,2025-06-18,Net 15,Missing Receipt
INV001359,PO000921,V00365,6901.17,2024-08-27,Paid,2024-09-30,Net 30,Matched
INV001360,PO004992,V00093,2143.24,2025-10-21,Paid,2025-11-26,Net 45,Matched
INV001361,PO002199,V00158,17580.7,2024-07-03,Paid,2024-07-25,Net 30,Matched
INV001362,PO003240,V00368,9869.5,2025-02-27,Paid Late,2025-04-20,Net 45,Matched
INV001363,PO003026,V00409,11919.51,2025-12-23,Unpaid,,Net 30,Matched
INV001364,PO003488,V00045,40145.47,2024-11-15,Paid Late,2025-01-24,Net 60,Matched
INV001365,PO005170,V00093,4929.11,2025-01-02,Paid,2025-02-18,Net 45,Matched
INV001366,PO000085,V00056,5579.44,2025-04-09,Paid,2025-05-01,Net 30,Matched
INV001367,PO005219,V00253,52863.51,2024-11-13,Paid,2025-01-14,Net 60,Matched
INV001368,PO002749,V00038,4474.32,2024-05-17,Paid,2024-07-13,Net 60,Price Variance
INV001369,PO004007,V00114,480.26,2024-04-06,Paid,2024-05-10,Net 30,Matched
INV001370,PO001903,V00213,18320.36,2025-05-14,Paid,2025-05-22,Net 15,Missing Receipt
INV001371,PO004559,V00067,2019.53,2024-07-27,Paid,2024-08-29,Net 30,Matched
INV001372,PO003460,V00169,33640.2,2024-05-06,Paid Late,2024-05-29,Net 15,Matched
INV001373,PO005043,V00271,38088.61,2025-12-18,Unpaid,,Net 45,Matched
INV001374,PO002813,V00020,2060.94,2025-02-03,Paid Late,2025-03-26,Net 45,Matched
INV001375,PO002428,V00368,57417.01,2024-12-03,Paid,2024-12-24,Net 30,Matched
INV001376,PO002667,V00482,527.71,2024-05-20,Paid,2024-07-13,Net 60,Missing Receipt
INV001377,PO002340,V00465,7470.2,2025-01-18,Paid,2025-02-04,Net 15,Matched
INV001378,PO000844,V00330,37184.23,2025-11-25,Unpaid,,Net 60,Matched
INV001379,PO001075,V00494,1686.53,2025-03-21,Paid,2025-04-02,Net 15,Matched
INV001380,PO002108,V00181,1445.58,2024-10-05,Paid,2024-10-20,Net 15,Matched
INV001381,PO000638,V00118,10739.09,2025-09-27,Paid,2025-11-06,Net 45,Matched
INV001382,PO001658,V00266,3288.24,2025-12-03,Unpaid,,Net 30,Matched
INV001383,PO002079,V00372,15329.25,2025-06-06,Paid,2025-06-22,Net 15,Matched
INV001384,PO000971,V00403,6652.91,2025-06-04,Paid,2025-06-20,Net 15,Price Variance
INV001385,PO000105,V00449,1228.9,2025-08-27,Paid Late,2025-11-01,Net 60,Missing Receipt
INV001386,PO003439,V00284,29383.63,2025-06-07,Paid Late,2025-07-17,Net 30,Matched
INV001387,PO002403,V00172,16134.01,2024-12-18,Paid,2025-02-14,Net 60,Matched
INV001388,PO003932,V00082,1420.94,2025-10-10,Paid,2025-10-25,Net 15,Matched
INV001389,PO001526,V00471,21455.87,2024-09-28,Paid,2024-10-09,Net 15,Matched
INV001390,PO000931,V00289,11116.7,2024-04-03,Paid,2024-05-08,Net 45,Price Variance
INV001391,PO005180,V00403,5583.51,2025-07-04,Paid,2025-08-28,Net 60,Price Variance
INV001392,PO003318,V00012,9643.83,2025-06-04,Paid,2025-06-14,Net 15,Matched
INV001393,PO000834,V00024,23367.48,2025-07-03,Paid,2025-07-12,Net 15,Matched
INV001394,PO002366,V00079,2675.83,2025-02-08,Paid,2025-02-16,Net 15,Matched
INV001395,PO002962,V00266,982.38,2024-11-03,Paid Late,2024-12-09,Net 30,Matched
INV001396,PO004866,V00165,42731.44,2024-06-06,Paid Late,2024-08-21,Net 60,Price Variance
INV001397,PO004011,V00468,13093.29,2026-01-25,Unpaid,,Net 30,Matched
INV001398,PO003522,V00243,12743.02,2024-11-09,Paid,2025-01-05,Net 60,Missing Receipt
INV001399,PO001516,V00113,22974.65,2024-07-28,Paid,2024-09-26,Net 60,Matched
INV001400,PO002776,V00500,29308.32,2024-12-06,Paid,2025-02-02,Net 60,Matched
INV001401,PO003921,V00400,37214.98,2024-04-22,Paid,2024-05-11,Net 15,Matched
INV001402,PO002639,V00110,13215.87,2024-12-02,Paid Late,2025-01-11,Net 30,Matched
INV001403,PO002107,V00430,31669.54,2024-10-04,Paid Late,2024-11-25,Net 45,Missing Receipt
INV001404,PO005032,V00358,4223.97,2026-01-21,Unpaid,,Net 45,Matched
INV001405,PO003231,V00045,20118.36,2025-07-11,Paid,2025-07-28,Net 15,Matched
INV001406,PO005462,V00362,1872.14,2024-03-18,Paid,2024-04-06,Net 30,Matched
INV001407,PO003207,V00430,25352.15,2024-12-10,Paid,2025-01-29,Net 45,Matched
INV001408,PO004880,V00171,4228.6,2024-05-22,Paid,2024-06-10,Net 15,Matched
INV001409,PO000660,V00403,34539.57,2024-08-27,Paid,2024-09-28,Net 30,Missing Receipt
INV001410,PO000759,V00463,3378.19,2025-10-20,Paid,2025-11-01,Net 15,Matched
INV001411,PO001666,V00352,23280.88,2024-04-12,Paid,2024-04-26,Net 30,Matched
INV001412,PO000889,V00368,11464.87,2025-12-23,Unpaid,,Net 60,Matched
INV001413,PO002634,V00433,4423.18,2025-06-24,Paid,2025-08-18,Net 60,Matched
INV001414,PO000976,V00063,55591.41,2025-09-27,Paid,2025-11-15,Net 45,Matched
INV001415,PO005343,V00165,19207.94,2024-05-29,Paid Late,2024-08-03,Net 30,Matched
INV001416,PO004016,V00405,7606.9,2025-12-14,Unpaid,,Net 30,Matched
INV001417,PO005300,V00149,13323.84,2024-05-10,Paid,2024-06-20,Net 45,Matched
INV001418,PO003235,V00116,22184.57,2025-07-04,Paid,2025-08-13,Net 45,Price Variance
INV001419,PO003392,V00369,13034.82,2025-12-06,Unpaid,,Net 60,Matched
INV001420,PO000995,V00392,19122.26,2024-01-17,Paid,2024-02-13,Net 30,Matched
INV001421,PO000944,V00114,6342.65,2025-09-26,Paid,2025-10-24,Net 30,Matched
INV001422,PO004964,V00499,9704.18,2025-01-13,Paid Late,2025-03-06,Net 45,Price Variance
INV001423,PO001897,V00403,9314.95,2025-10-30,Paid Late,2025-12-24,Net 45,Matched
INV001424,PO002215,V00355,15424.68,2025-03-17,Paid,2025-04-20,Net 45,Matched
INV001425,PO000717,V00403,5675.83,2024-06-23,Paid Late,2024-07-15,Net 15,Matched
INV001426,PO004655,V00403,11767.29,2025-03-21,Paid,2025-04-11,Net 30,Matched
INV001427,PO004662,V00369,6270.97,2025-11-22,Unpaid,,Net 60,Matched
INV001428,PO002473,V00439,119237.62,2024-12-09,Paid,2025-01-29,Net 60,Matched
INV001429,PO004306,V00144,40840.42,2024-04-27,Paid,2024-05-28,Net 30,Matched
INV001430,PO003553,V00321,45222.64,2025-09-14,Paid,2025-09-23,Net 15,Matched
INV001431,PO003282,V00102,4568.72,2025-04-19,Paid Late,2025-06-17,Net 45,Matched
INV001432,PO001306,V00465,14149.55,2024-12-06,Paid,2025-01-10,Net 60,Matched
INV001433,PO001857,V00039,685.96,2025-11-14,Unpaid,,Net 60,Matched
INV001434,PO001804,V00305,36579.02,2025-10-10,Paid,2025-11-01,Net 30,Matched
INV001435,PO002961,V00164,50293.76,2025-03-06,Paid,2025-04-22,Net 45,Matched
INV001436,PO000796,V00243,5389.55,2024-01-21,Paid Late,2024-03-30,Net 60,Matched
INV001437,PO004791,V00222,10303.72,2025-12-22,Unpaid,,Net 30,Matched
INV001438,PO000068,V00317,6935.66,2025-11-22,Paid Late,2025-12-19,Net 15,Matched
INV001439,PO003524,V00033,20083.69,2024-07-16,Paid,2024-08-21,Net 45,Matched
INV001440,PO001309,V00196,2110.01,2025-02-28,Paid Late,2025-04-10,Net 30,Matched
INV001441,PO005413,V00421,12872.26,2024-08-03,Paid,2024-08-24,Net 30,Matched
INV001442,PO001625,V00205,17006.23,2025-02-02,Paid,2025-03-08,Net 30,Matched
INV001443,PO001093,V00121,10640.75,2025-03-31,Paid,2025-04-26,Net 30,Matched
INV001444,PO002666,V00463,28231.56,2025-02-21,Paid Late,2025-04-28,Net 60,Matched
INV001445,PO002904,V00121,61953.78,2025-01-06,Paid,2025-02-24,Net 45,Matched
INV001446,PO004097,V00398,124859.08,2024-06-30,Paid,2024-07-26,Net 30,Matched
INV001447,PO002938,V00205,3642.93,2025-05-07,Paid,2025-06-07,Net 30,Matched
INV001448,PO003687,V00068,81017.33,2025-08-09,Paid,2025-09-09,Net 45,Matched
INV001449,PO003890,V00036,5116.45,2025-10-01,Paid,2025-11-18,Net 45,Matched
INV001450,PO003219,V00368,7862.44,2025-01-22,Paid,2025-03-28,Net 60,Price Variance
INV001451,PO004238,V00397,12400.2,2025-01-06,Paid,2025-01-25,Net 30,Price Variance
INV001452,PO002385,V00071,6519.55,2025-05-08,Paid,2025-05-15,Net 15,Matched
INV001453,PO003712,V00389,3674.05,2024-11-12,Paid,2024-12-16,Net 30,Matched
INV001454,PO005185,V00183,18761.5,2025-05-11,Paid,2025-06-19,Net 45,Matched
INV001455,PO004781,V00376,26308.33,2025-01-25,Paid,2025-02-08,Net 15,Matched
INV001456,PO002814,V00040,14596.21,2026-01-07,Unpaid,,Net 30,Price Variance
INV001457,PO002258,V00116,20832.33,2025-10-26,Paid,2025-12-27,Net 60,Matched
INV001458,PO002286,V00447,87033.82,2025-05-05,Paid,2025-05-29,Net 30,Matched
INV001459,PO003910,V00403,10395.25,2024-07-29,Paid Late,2024-08-19,Net 15,Matched
INV001460,PO002093,V00222,14317.39,2025-07-11,Paid,2025-08-11,Net 30,Matched
INV001461,PO002109,V00403,11665.44,2024-05-05,Paid,2024-06-09,Net 30,Matched
INV001462,PO001809,V00372,1645.66,2026-01-14,Unpaid,,Net 60,Matched
INV001463,PO005182,V00342,19383.92,2025-04-29,Paid,2025-07-02,Net 60,Price Variance
INV001464,PO002592,V00313,14014.72,2024-11-14,Paid,2025-01-10,Net 60,Missing Receipt
INV001465,PO004796,V00419,10092.68,2024-04-19,Paid,2024-06-15,Net 60,Matched
INV001466,PO003967,V00389,14035.87,2025-08-26,Paid,2025-10-23,Net 60,Matched
INV001467,PO000447,V00223,15986.11,2025-03-24,Paid,2025-03-31,Net 15,Price Variance
INV001468,PO002697,V00473,76561.69,2025-12-29,Unpaid,,Net 15,Matched
INV001469,PO001915,V00172,11536.21,2025-03-01,Paid Late,2025-04-08,Net 30,Matched
INV001470,PO003243,V00235,10533.44,2025-09-21,Paid Late,2025-11-03,Net 30,Matched
INV001471,PO001463,V00424,120626.26,2024-07-09,Paid,2024-08-04,Net 30,Matched
INV001472,PO002683,V00200,23000.17,2025-03-12,Paid,2025-05-12,Net 60,Price Variance
INV001473,PO002745,V00165,14519.04,2025-10-06,Paid Late,2025-11-29,Net 15,Matched
INV001474,PO002462,V00478,72324.26,2024-08-26,Paid,2024-08-31,Net 15,Missing Receipt
INV001475,PO004416,V00328,2428.29,2024-04-19,Paid Late,2024-05-10,Net 15,Matched
INV001476,PO002077,V00143,32567.21,2024-07-31,Paid Late,2024-10-07,Net 60,Price Variance
INV001477,PO001946,V00285,60893.75,2025-12-27,Unpaid,,Net 30,Price Variance
INV001478,PO000520,V00471,41963.75,2025-01-18,Paid,2025-03-08,Net 45,Matched
INV001479,PO002069,V00189,24691.99,2024-02-25,Paid,2024-03-15,Net 15,Price Variance
INV001480,PO003258,V00289,11542.35,2024-06-18,Paid,2024-08-11,Net 60,Matched
INV001481,PO000965,V00403,5247.94,2025-08-10,Paid,2025-08-15,Net 15,Matched
INV001482,PO002373,V00403,19326.82,2025-11-28,Paid,2025-12-12,Net 15,Matched
INV001483,PO003561,V00378,6098.47,2024-05-04,Paid,2024-05-13,Net 15,Matched
INV001484,PO001009,V00169,11684.2,2024-08-13,Paid Late,2024-09-26,Net 30,Matched
INV001485,PO004983,V00291,2851.23,2025-04-13,Paid Late,2025-06-25,Net 60,Matched
INV001486,PO003717,V00169,16863.28,2024-08-03,Paid,2024-09-03,Net 30,Matched
INV001487,PO004480,V00319,525.23,2025-01-18,Paid,2025-01-25,Net 15,Missing Receipt
INV001488,PO002332,V00368,29457.93,2025-09-09,Paid,2025-10-29,Net 45,Missing Receipt
INV001489,PO001788,V00205,8162.12,2025-05-24,Paid Late,2025-07-15,Net 45,Matched
INV001490,PO003438,V00288,8486.09,2024-07-13,Paid Late,2024-09-22,Net 60,Matched
INV001491,PO004793,V00142,2047.08,2024-08-25,Paid,2024-10-13,Net 45,Matched
INV001492,PO004321,V00400,7056.32,2024-07-09,Paid,2024-08-29,Net 60,Matched
INV001493,PO003121,V00202,16863.13,2024-12-22,Paid,2025-01-29,Net 60,Matched
INV001494,PO003273,V00495,3360.8,2025-12-31,Unpaid,,Net 60,Matched
INV001495,PO002049,V00382,31466.82,2025-10-11,Paid,2025-12-13,Net 60,Missing Receipt
INV001496,PO001199,V00427,1161.31,2024-01-17,Paid,2024-02-25,Net 45,Matched
INV001497,PO005498,V00410,2897.19,2024-06-19,Paid,2024-07-09,Net 15,Matched
INV001498,PO000214,V00352,19175.6,2026-01-12,Unpaid,,Net 15,Matched
INV001499,PO001202,V00006,47976.5,2025-01-05,Paid,2025-01-23,Net 15,Matched
INV001500,PO000482,V00139,921.22,2025-04-24,Paid Late,2025-06-01,Net 15,Matched
INV001501,PO003709,V00261,18135.58,2024-04-22,Paid Late,2024-05-31,Net 30,Matched
INV001502,PO001086,V00286,17678.37,2025-12-08,Unpaid,,Net 60,Price Variance
INV001503,PO004692,V00119,17086.91,2024-12-23,Paid,2025-02-21,Net 60,Matched
INV001504,PO003274,V00456,21146.13,2025-01-09,Paid,2025-02-04,Net 30,Matched
INV001505,PO005078,V00463,11405.46,2025-05-07,Paid Late,2025-06-17,Net 30,Matched
INV001506,PO003985,V00012,65179.89,2025-08-23,Paid,2025-09-27,Net 30,Matched
INV001507,PO004602,V00348,7439.05,2025-08-04,Paid,2025-08-12,Net 15,Price Variance
INV001508,PO002436,V00010,64804.56,2025-04-15,Paid,2025-04-20,Net 15,Matched
INV001509,PO000928,V00138,9392.82,2024-07-06,Paid,2024-08-24,Net 45,Matched
INV001510,PO000609,V00212,4866.24,2025-02-12,Paid Late,2025-03-07,Net 15,Missing Receipt
INV001511,PO002628,V00125,19945.05,2025-04-10,Paid,2025-05-10,Net 30,Matched
INV001512,PO002606,V00403,13692.14,2025-01-22,Paid,2025-03-10,Net 60,Matched
INV001513,PO002413,V00283,27846.09,2024-07-19,Paid,2024-09-19,Net 60,Matched
INV001514,PO002792,V00197,5666.04,2025-06-29,Paid,2025-07-04,Net 15,Matched
INV001515,PO003334,V00243,21995.27,2024-03-07,Paid,2024-04-03,Net 30,Matched
INV001516,PO000742,V00436,2980.24,2024-01-25,Paid,2024-03-27,Net 60,Matched
INV001517,PO005408,V00354,50550.46,2025-09-22,Paid Late,2025-10-13,Net 15,Matched
INV001518,PO000509,V00160,32644.55,2024-08-05,Paid Late,2024-09-25,Net 45,Price Variance
INV001519,PO003961,V00434,4598.07,2026-01-05,Unpaid,,Net 15,Matched
INV001520,PO005335,V00323,754.11,2024-10-15,Paid Late,2024-11-05,Net 15,Matched
INV001521,PO001193,V00361,3595.95,2025-04-05,Paid,2025-06-01,Net 60,Matched
INV001522,PO002003,V00389,27866.23,2025-11-25,Unpaid,,Net 60,Matched
INV001523,PO003192,V00465,7674.09,2024-06-11,Paid,2024-06-27,Net 15,Matched
INV001524,PO005048,V00366,2812.45,2025-02-24,Paid,2025-04-08,Net 45,Matched
INV001525,PO000454,V00201,19977.91,2025-05-16,Paid,2025-06-26,Net 45,Price Variance
INV001526,PO004468,V00019,1911.61,2025-08-14,Paid,2025-08-23,Net 15,Matched
INV001527,PO003399,V00084,26795.04,2025-01-08,Paid,2025-02-25,Net 45,Matched
INV001528,PO001001,V00001,110848.71,2025-11-12,Paid,2025-12-16,Net 30,Missing Receipt
INV001529,PO001784,V00433,2589.62,2025-02-01,Paid,2025-02-25,Net 45,Missing Receipt
INV001530,PO001888,V00266,780.56,2025-11-17,Paid,2025-12-04,Net 15,Matched
INV001531,PO003365,V00325,47819.81,2025-07-25,Paid,2025-08-24,Net 30,Matched
INV001532,PO003185,V00021,7109.95,2024-07-17,Paid,2024-08-09,Net 30,Matched
INV001533,PO004135,V00006,16019.5,2025-04-21,Paid,2025-05-22,Net 30,Matched
INV001534,PO004898,V00147,5768.14,2024-08-19,Paid,2024-09-21,Net 45,Matched
INV001535,PO003578,V00251,9182.28,2026-01-11,Unpaid,,Net 15,Matched
INV001536,PO000126,V00282,21862.03,2024-11-04,Paid Late,2024-12-14,Net 30,Matched
INV001537,PO004036,V00475,19584.48,2025-04-18,Paid Late,2025-06-04,Net 30,Matched
INV001538,PO001437,V00450,3269.42,2025-11-25,Unpaid,,Net 30,Missing Receipt
INV001539,PO001468,V00169,71044.76,2024-02-01,Paid,2024-03-06,Net 45,Matched
INV001540,PO001284,V00279,46654.71,2025-06-29,Paid,2025-08-02,Net 30,Matched
INV001541,PO005312,V00104,12081.11,2025-11-28,Paid,2025-12-09,Net 15,Price Variance
INV001542,PO004644,V00282,33425.26,2024-10-16,Paid,2024-11-14,Net 30,Matched
INV001543,PO002626,V00026,3074.12,2025-11-06,Unpaid,,Net 45,Matched
INV001544,PO003855,V00148,12188.79,2025-05-26,Paid Late,2025-07-29,Net 45,Matched
INV001545,PO004513,V00012,7788.01,2025-07-10,Paid Late,2025-09-01,Net 45,Matched
INV001546,PO000436,V00439,31482.43,2025-10-19,Paid Late,2025-12-10,Net 45,Matched
INV001547,PO002529,V00235,2242.87,2024-04-10,Paid,2024-04-24,Net 15,Matched
INV001548,PO003517,V00013,5297.92,2025-11-18,Paid Late,2025-12-14,Net 15,Matched
INV001549,PO005283,V00034,28280.61,2024-05-07,Paid,2024-07-05,Net 60,Matched
INV001550,PO004584,V00305,184880.46,2025-06-04,Paid,2025-07-26,Net 60,Matched
INV001551,PO004971,V00368,19036.87,2025-05-11,Paid,2025-07-01,Net 60,Matched
INV001552,PO000911,V00410,6597.59,2024-11-04,Paid,2025-01-01,Net 60,Matched
INV001553,PO004615,V00403,24214.56,2024-01-16,Paid,2024-02-16,Net 45,Matched
INV001554,PO001398,V00368,16451.27,2025-10-26,Paid Late,2025-12-11,Net 30,Matched
INV001555,PO003738,V00109,268.26,2025-09-02,Paid,2025-10-22,Net 60,Matched
INV001556,PO003373,V00476,13588.66,2025-04-20,Paid,2025-05-31,Net 45,Price Variance
INV001557,PO001665,V00368,74029.46,2025-12-20,Unpaid,,Net 60,Price Variance
INV001558,PO001650,V00181,1053.09,2025-04-07,Paid,2025-05-12,Net 30,Matched
INV001559,PO003844,V00368,3144.77,2024-06-02,Paid,2024-07-21,Net 45,Matched
INV001560,PO005396,V00124,15296.81,2025-10-28,Paid,2025-11-09,Net 15,Price Variance
INV001561,PO001257,V00440,1066.87,2025-02-09,Paid,2025-03-19,Net 45,Missing Receipt
INV001562,PO005235,V00057,154941.99,2024-06-22,Paid,2024-07-02,Net 15,Matched
INV001563,PO005195,V00247,23432.65,2025-11-23,Paid,2025-12-11,Net 30,Matched
INV001564,PO004434,V00453,5061.39,2025-05-19,Paid,2025-07-03,Net 45,Matched
INV001565,PO004489,V00035,5202.83,2025-07-31,Paid,2025-08-17,Net 15,Matched
INV001566,PO001975,V00397,33186.72,2024-11-15,Paid,2025-01-03,Net 45,Matched
INV001567,PO001518,V00403,10499.62,2024-12-05,Paid Late,2025-02-13,Net 60,Matched
INV001568,PO003043,V00367,15591.29,2024-08-27,Paid,2024-10-06,Net 45,Matched
INV001569,PO003052,V00166,2598.35,2024-11-06,Paid,2024-12-10,Net 30,Missing Receipt
INV001570,PO002225,V00368,18751.27,2025-10-04,Paid,2025-11-02,Net 30,Matched
INV001571,PO000023,V00368,48878.54,2025-06-20,Paid,2025-08-02,Net 45,Matched
INV001572,PO000738,V00445,13461.27,2025-02-07,Paid Late,2025-03-17,Net 30,Matched
INV001573,PO001709,V00174,18747.0,2024-04-03,Paid,2024-04-24,Net 30,Matched
INV001574,PO002117,V00040,1147.72,2025-04-13,Paid Late,2025-05-09,Net 15,Price Variance
INV001575,PO003720,V00368,77098.99,2025-08-26,Paid,2025-09-29,Net 45,Matched
INV001576,PO004277,V00054,7795.61,2025-10-30,Paid,2025-11-29,Net 30,Matched
INV001577,PO003381,V00342,3202.47,2024-07-25,Paid,2024-09-20,Net 60,Missing Receipt
INV001578,PO003346,V00083,11723.13,2026-01-21,Unpaid,,Net 15,Matched
INV001579,PO002839,V00408,114944.87,2025-05-29,Paid,2025-07-28,Net 60,Matched
INV001580,PO000882,V00141,19189.34,2024-10-14,Paid Late,2024-11-07,Net 15,Matched
INV001581,PO004125,V00293,58432.26,2026-01-23,Unpaid,,Net 30,Matched
INV001582,PO001037,V00240,998.12,2025-07-10,Paid,2025-08-10,Net 30,Matched
INV001583,PO003384,V00251,15994.23,2025-11-23,Unpaid,,Net 60,Matched
INV001584,PO002490,V00419,63483.38,2025-11-25,Paid,2025-12-01,Net 15,Matched
INV001585,PO003691,V00110,29184.61,2025-09-04,Paid Late,2025-10-26,Net 45,Matched
INV001586,PO003909,V00490,7089.35,2025-12-03,Unpaid,,Net 45,Matched
INV001587,PO001536,V00485,9344.88,2025-05-25,Paid,2025-07-28,Net 60,Matched
INV001588,PO004399,V00308,7313.42,2025-01-20,Paid,2025-03-05,Net 45,Missing Receipt
INV001589,PO000535,V00160,40184.44,2026-01-16,Unpaid,,Net 30,Matched
INV001590,PO005281,V00209,11255.65,2024-05-30,Paid Late,2024-07-24,Net 45,Price Variance
INV001591,PO005014,V00119,11539.98,2025-11-26,Paid,2025-12-16,Net 30,Matched
INV001592,PO003526,V00062,3140.65,2025-05-21,Paid,2025-06-09,Net 15,Matched
INV001593,PO001984,V00412,11940.0,2025-12-10,Unpaid,,Net 30,Matched
INV001594,PO002737,V00416,31015.25,2025-02-05,Paid,2025-04-03,Net 60,Matched
INV001595,PO002502,V00096,4581.22,2025-06-01,Paid Late,2025-08-07,Net 60,Matched
INV001596,PO002843,V00171,19067.29,2025-01-28,Paid,2025-03-09,Net 45,Matched
INV001597,PO003778,V00198,17779.04,2025-10-03,Paid Late,2025-11-30,Net 45,Matched
INV001598,PO000514,V00287,6450.93,2024-04-27,Paid,2024-05-26,Net 30,Matched
INV001599,PO001498,V00292,7416.49,2024-10-11,Paid,2024-10-23,Net 15,Matched
INV001600,PO002864,V00292,9895.29,2025-01-27,Paid,2025-02-23,Net 30,Missing Receipt
INV001601,PO001140,V00248,8289.16,2024-11-07,Paid,2024-11-15,Net 15,Matched
INV001602,PO002999,V00272,82423.87,2024-10-26,Paid Late,2024-12-10,Net 30,Matched
INV001603,PO003434,V00368,32370.53,2025-12-24,Unpaid,,Net 60,Matched
INV001604,PO002869,V00151,6641.21,2025-09-13,Paid,2025-10-03,Net 15,Matched
INV001605,PO000178,V00013,11165.35,2026-01-08,Unpaid,,Net 45,Matched
INV001606,PO002162,V00374,26824.81,2025-08-08,Paid,2025-10-06,Net 60,Price Variance
INV001607,PO004258,V00440,3447.38,2025-04-03,Paid Late,2025-04-26,Net 15,Missing Receipt
INV001608,PO001883,V00359,7376.33,2025-10-21,Unpaid,,Net 60,Matched
INV001609,PO001734,V00116,11665.98,2025-07-04,Paid,2025-09-04,Net 60,Matched
INV001610,PO003323,V00008,15751.92,2024-03-19,Paid,2024-04-20,Net 45,Matched
INV001611,PO001845,V00383,17861.24,2025-09-24,Paid,2025-11-22,Net 60,Matched
INV001612,PO001813,V00114,2167.47,2025-05-23,Paid,2025-06-09,Net 15,Matched
INV001613,PO000130,V00169,33312.36,2025-01-18,Paid,2025-01-28,Net 15,Matched
INV001614,PO005178,V00177,3958.45,2025-05-10,Paid Late,2025-06-21,Net 15,Matched
INV001615,PO005011,V00281,3365.54,2024-11-29,Paid Late,2025-01-24,Net 45,Matched
INV001616,PO002087,V00204,37432.25,2025-05-13,Paid,2025-06-01,Net 30,Matched
INV001617,PO003980,V00084,8258.6,2025-07-29,Paid,2025-08-12,Net 15,Missing Receipt
INV001618,PO001008,V00353,17263.47,2025-08-11,Paid,2025-09-15,Net 30,Matched
INV001619,PO001541,V00042,9739.07,2025-09-18,Paid,2025-10-20,Net 30,Matched
INV001620,PO000198,V00210,12190.72,2025-03-21,Paid,2025-05-25,Net 60,Matched
INV001621,PO002062,V00403,8771.88,2025-01-24,Paid Late,2025-02-17,Net 15,Matched
INV001622,PO004320,V00319,466.9,2025-07-30,Paid,2025-09-03,Net 30,Matched
INV001623,PO002609,V00144,29925.24,2024-08-13,Paid,2024-10-02,Net 45,Matched
INV001624,PO001363,V00294,19198.88,2025-10-08,Paid,2025-11-24,Net 45,Matched
INV001625,PO003982,V00403,4328.12,2024-05-17,Paid,2024-07-03,Net 45,Missing Receipt
INV001626,PO002052,V00273,3488.21,2025-11-09,Paid,2025-11-14,Net 15,Matched
INV001627,PO000458,V00409,48494.3,2025-01-10,Paid Late,2025-03-19,Net 60,Matched
INV001628,PO000568,V00391,18527.56,2024-03-19,Paid,2024-04-29,Net 45,Matched
INV001629,PO000228,V00398,21814.01,2025-01-29,Paid Late,2025-03-11,Net 30,Matched
INV001630,PO001992,V00179,17334.33,2025-05-06,Paid,2025-07-10,Net 60,Missing Receipt
INV001631,PO002183,V00104,5968.92,2024-10-04,Paid,2024-11-03,Net 45,Matched
INV001632,PO002568,V00168,12197.9,2024-02-12,Paid,2024-04-11,Net 60,Matched
INV001633,PO003682,V00368,90366.19,2025-11-20,Unpaid,,Net 60,Matched
INV001634,PO000641,V00478,2545.52,2024-05-29,Paid,2024-07-29,Net 60,Matched
INV001635,PO000739,V00403,22525.81,2024-11-08,Paid Late,2024-12-17,Net 30,Matched
INV001636,PO001829,V00398,100265.07,2025-11-19,Unpaid,,Net 45,Matched
INV001637,PO003954,V00318,5342.32,2025-01-21,Paid,2025-03-22,Net 60,Matched
INV001638,PO003412,V00143,25001.67,2025-11-06,Paid Late,2025-12-14,Net 30,Matched
INV001639,PO001832,V00164,9316.87,2025-01-21,Paid,2025-01-26,Net 15,Matched
INV001640,PO004173,V00441,19887.08,2025-10-29,Paid Late,2025-12-04,Net 30,Price Variance
INV001641,PO004819,V00248,3949.15,2024-07-15,Paid Late,2024-08-20,Net 15,Matched
INV001642,PO004015,V00446,8629.14,2025-11-22,Paid,2025-12-26,Net 30,Matched
INV001643,PO003073,V00080,27237.66,2024-03-22,Paid,2024-05-17,Net 60,Matched
INV001644,PO001879,V00396,12547.14,2025-02-16,Paid,2025-04-03,Net 45,Matched
INV001645,PO004411,V00061,25545.9,2024-05-12,Paid,2024-06-22,Net 45,Matched
INV001646,PO002942,V00368,6700.51,2024-01-29,Paid Late,2024-04-09,Net 60,Matched
INV001647,PO000413,V00356,94254.33,2025-10-07,Paid,2025-10-25,Net 15,Matched
INV001648,PO000727,V00084,21094.35,2025-09-20,Paid Late,2025-11-25,Net 60,Matched
INV001649,PO004517,V00169,52537.51,2025-01-11,Paid,2025-03-07,Net 60,Matched
INV001650,PO001861,V00121,46605.92,2025-01-13,Paid Late,2025-02-07,Net 15,Matched
INV001651,PO001040,V00429,2069.55,2024-10-02,Paid,2024-10-19,Net 15,Matched
INV001652,PO003983,V00407,12823.52,2025-04-27,Paid Late,2025-06-11,Net 30,Matched
INV001653,PO003730,V00422,8029.65,2025-02-06,Paid,2025-02-20,Net 15,Matched
INV001654,PO002607,V00405,1689.87,2024-11-11,Paid,2024-12-10,Net 30,Matched
INV001655,PO005072,V00242,707.96,2024-05-25,Paid,2024-07-12,Net 45,Price Variance
INV001656,PO005311,V00390,42746.79,2025-09-18,Paid,2025-10-01,Net 15,Matched
INV001657,PO003799,V00067,13372.13,2024-12-03,Paid,2025-01-24,Net 60,Matched
INV001658,PO001604,V00024,20946.6,2024-01-30,Paid,2024-04-03,Net 60,Missing Receipt
INV001659,PO000183,V00421,18920.53,2025-04-21,Paid Late,2025-05-17,Net 15,Matched
INV001660,PO001556,V00184,3070.14,2024-12-17,Paid,2025-01-20,Net 45,Matched
INV001661,PO003032,V00180,16992.05,2024-12-11,Paid,2024-12-30,Net 30,Matched
INV001662,PO000421,V00001,42281.19,2024-11-29,Paid Late,2024-12-22,Net 15,Matched
INV001663,PO003801,V00372,3138.76,2024-08-02,Paid Late,2024-10-20,Net 60,Matched
INV001664,PO001991,V00375,7920.25,2026-01-02,Unpaid,,Net 30,Matched
INV001665,PO004256,V00491,10395.75,2025-10-05,Paid,2025-10-14,Net 15,Matched
INV001666,PO001476,V00368,87394.12,2024-04-02,Paid Late,2024-04-25,Net 15,Matched
INV001667,PO002510,V00096,3077.76,2024-07-28,Paid Late,2024-08-23,Net 15,Matched
INV001668,PO002613,V00255,5072.43,2025-04-04,Paid Late,2025-04-27,Net 15,Matched
INV001669,PO002682,V00233,4137.77,2024-08-16,Paid,2024-09-16,Net 45,Matched
INV001670,PO003190,V00368,8804.5,2025-09-20,Paid,2025-10-30,Net 45,Matched
INV001671,PO000929,V00368,9277.39,2024-08-01,Paid,2024-08-09,Net 15,Matched
INV001672,PO005424,V00365,20187.93,2025-01-17,Paid,2025-02-03,Net 15,Matched
INV001673,PO000235,V00249,31019.89,2024-10-02,Paid Late,2024-12-27,Net 45,Matched
INV001674,PO005353,V00080,38670.73,2025-05-19,Paid,2025-06-24,Net 45,Missing Receipt
INV001675,PO002496,V00405,11219.57,2025-06-12,Paid,2025-07-16,Net 30,Price Variance
INV001676,PO005274,V00384,17612.99,2026-01-07,Unpaid,,Net 45,Matched
INV001677,PO000455,V00183,53435.26,2025-10-26,Paid,2025-12-09,Net 45,Matched
INV001678,PO003568,V00427,3848.94,2024-09-25,Paid Late,2024-11-24,Net 45,Matched
INV001679,PO004641,V00040,1965.76,2025-08-15,Paid,2025-08-20,Net 15,Matched
INV001680,PO005433,V00486,73579.73,2025-02-16,Paid,2025-02-21,Net 15,Matched
INV001681,PO005495,V00349,16553.27,2026-01-01,Unpaid,,Net 45,Matched
INV001682,PO004079,V00332,5259.6,2025-08-17,Paid,2025-10-07,Net 60,Matched
INV001683,PO001980,V00333,25961.38,2024-04-03,Paid,2024-04-17,Net 15,Matched
INV001684,PO003773,V00465,11065.9,2025-12-22,Unpaid,,Net 60,Matched
INV001685,PO000868,V00159,12779.41,2025-11-17,Paid,2025-12-10,Net 30,Matched
INV001686,PO003589,V00478,3445.38,2024-07-21,Paid,2024-09-21,Net 60,Matched
INV001687,PO004674,V00112,24598.05,2025-06-25,Paid,2025-08-07,Net 45,Matched
INV001688,PO005411,V00221,5616.35,2025-10-04,Paid,2025-11-17,Net 45,Matched
INV001689,PO001971,V00368,56570.98,2024-04-30,Paid,2024-05-31,Net 30,Missing Receipt
INV001690,PO000204,V00480,82066.33,2025-07-08,Paid,2025-08-26,Net 60,Matched
INV001691,PO002987,V00138,1954.65,2025-11-18,Paid,2025-12-13,Net 30,Matched
INV001692,PO004388,V00079,2011.62,2025-02-25,Paid Late,2025-03-23,Net 15,Price Variance
INV001693,PO004601,V00440,2544.08,2025-10-08,Paid,2025-11-10,Net 45,Matched
INV001694,PO001292,V00224,37113.91,2024-12-24,Paid,2025-01-03,Net 15,Matched
INV001695,PO002956,V00113,18166.32,2025-07-13,Paid,2025-08-30,Net 45,Matched
INV001696,PO003172,V00104,22174.41,2024-01-24,Paid,2024-02-05,Net 15,Matched
INV001697,PO000403,V00225,66990.04,2024-08-12,Paid,2024-09-27,Net 45,Matched
INV001698,PO000942,V00468,7641.38,2025-10-01,Unpaid,,Net 60,Matched
INV001699,PO001568,V00126,13816.54,2024-08-13,Paid Late,2024-09-18,Net 30,Matched
INV001700,PO003197,V00199,4162.13,2024-06-14,Paid Late,2024-08-17,Net 45,Matched
INV001701,PO000430,V00368,5363.16,2024-12-12,Paid Late,2025-02-11,Net 45,Matched
INV001702,PO002006,V00403,11455.04,2025-07-17,Paid,2025-08-30,Net 45,Matched
INV001703,PO004030,V00484,18848.08,2024-09-10,Paid,2024-11-10,Net 60,Matched
INV001704,PO000450,V00051,130409.78,2025-02-07,Paid,2025-03-29,Net 45,Matched
INV001705,PO003088,V00096,3245.41,2025-05-05,Paid,2025-06-29,Net 60,Matched
INV001706,PO003891,V00139,4529.8,2025-07-06,Paid Late,2025-09-09,Net 45,Matched
INV001707,PO002179,V00368,40987.6,2025-10-19,Paid,2025-11-23,Net 45,Matched
INV001708,PO002211,V00448,137262.9,2026-01-14,Unpaid,,Net 60,Matched
INV001709,PO003889,V00267,19136.28,2024-07-03,Paid,2024-08-14,Net 45,Matched
INV001710,PO003409,V00302,9561.53,2025-11-03,Paid,2025-12-05,Net 30,Matched
INV001711,PO002981,V00469,10806.24,2025-07-04,Paid,2025-07-16,Net 15,Matched
INV001712,PO000095,V00356,25775.65,2024-08-28,Paid,2024-09-14,Net 15,Matched
INV001713,PO004046,V00098,8088.3,2025-10-04,Paid,2025-10-12,Net 15,Matched
INV001714,PO001362,V00226,10224.38,2025-12-15,Unpaid,,Net 30,Missing Receipt
INV001715,PO004233,V00093,6321.05,2024-11-13,Paid,2024-12-23,Net 45,Matched
INV001716,PO004975,V00083,2097.25,2024-10-12,Paid Late,2024-12-02,Net 45,Matched
INV001717,PO003473,V00434,3916.27,2025-09-12,Paid Late,2025-10-25,Net 30,Matched
INV001718,PO004286,V00409,13702.51,2025-11-07,Paid,2025-12-27,Net 45,Matched
INV001719,PO000345,V00134,3116.93,2024-03-27,Paid Late,2024-05-18,Net 45,Matched
INV001720,PO000752,V00400,14893.25,2025-10-27,Paid,2025-12-23,Net 60,Missing Receipt
INV001721,PO002752,V00407,9699.63,2024-09-13,Paid,2024-11-16,Net 60,Missing Receipt
INV001722,PO003793,V00221,10678.44,2025-07-30,Paid Late,2025-09-13,Net 30,Matched
INV001723,PO003479,V00067,22895.36,2025-10-10,Paid,2025-11-05,Net 30,Matched
INV001724,PO002305,V00010,17025.55,2025-01-20,Paid,2025-02-12,Net 30,Matched
INV001725,PO003175,V00202,14421.18,2024-02-08,Paid,2024-03-23,Net 45,Missing Receipt
INV001726,PO002939,V00287,3930.26,2025-11-07,Paid,2025-11-12,Net 15,Matched
INV001727,PO001525,V00238,7705.85,2025-05-21,Paid,2025-07-02,Net 45,Price Variance
INV001728,PO001278,V00423,5619.3,2025-11-04,Paid,2025-12-31,Net 60,Missing Receipt
INV001729,PO005287,V00368,19830.18,2025-11-23,Paid,2025-12-17,Net 30,Matched
INV001730,PO000557,V00486,4588.21,2025-10-05,Paid,2025-11-04,Net 30,Matched
INV001731,PO002848,V00456,14853.88,2024-11-07,Paid,2024-12-07,Net 30,Matched
INV001732,PO004315,V00084,6302.42,2024-04-02,Paid Late,2024-05-12,Net 30,Matched
INV001733,PO004043,V00169,23253.42,2025-03-11,Paid,2025-04-15,Net 30,Matched
INV001734,PO001435,V00453,42005.81,2025-06-24,Paid,2025-08-07,Net 45,Matched
INV001735,PO001999,V00069,7935.07,2025-06-09,Paid,2025-07-04,Net 30,Matched
INV001736,PO003490,V00121,39012.76,2025-12-28,Unpaid,,Net 30,Missing Receipt
INV001737,PO005231,V00225,37293.77,2024-04-13,Paid,2024-05-25,Net 45,Price Variance
INV001738,PO001149,V00407,2095.77,2025-10-12,Paid Late,2025-12-28,Net 60,Matched
INV001739,PO000154,V00111,4844.88,2024-09-17,Paid,2024-10-16,Net 30,Matched
INV001740,PO002330,V00169,41808.23,2024-05-20,Paid Late,2024-07-13,Net 45,Matched
INV001741,PO003462,V00140,4567.71,2025-02-04,Paid,2025-03-23,Net 60,Matched
INV001742,PO001321,V00169,25358.25,2024-11-17,Paid Late,2025-01-15,Net 45,Matched
INV001743,PO001391,V00079,10495.45,2025-05-08,Paid,2025-06-13,Net 45,Matched
INV001744,PO003876,V00354,3756.88,2025-01-09,Paid Late,2025-03-26,Net 60,Matched
INV001745,PO002370,V00441,20461.59,2025-07-29,Paid,2025-08-28,Net 30,Price Variance
INV001746,PO000795,V00455,90705.58,2025-03-15,Paid,2025-04-19,Net 30,Price Variance
INV001747,PO001910,V00034,27136.45,2025-10-31,Unpaid,,Net 60,Price Variance
INV001748,PO002708,V00169,9737.82,2025-01-18,Paid,2025-03-09,Net 45,Matched
INV001749,PO003382,V00368,21026.93,2024-07-25,Paid,2024-09-28,Net 60,Matched
INV001750,PO000953,V00155,13828.02,2025-02-12,Paid,2025-03-16,Net 45,Matched
INV001751,PO001925,V00350,8946.95,2024-11-12,Paid,2024-12-03,Net 30,Matched
INV001752,PO000285,V00341,3026.38,2025-02-10,Paid,2025-02-15,Net 15,Price Variance
INV001753,PO004600,V00368,35061.51,2024-09-22,Paid,2024-10-03,Net 15,Price Variance
INV001754,PO004634,V00128,27111.97,2024-07-02,Paid,2024-08-04,Net 30,Matched
INV001755,PO004868,V00315,16027.76,2024-07-25,Paid Late,2024-09-20,Net 45,Matched
INV001756,PO001426,V00165,19748.31,2025-10-08,Paid Late,2025-12-22,Net 60,Matched
INV001757,PO002170,V00470,4165.7,2024-11-18,Paid,2024-11-29,Net 15,Matched
INV001758,PO004745,V00382,16058.2,2024-01-25,Paid,2024-03-20,Net 60,Matched
INV001759,PO004295,V00095,12619.21,2025-10-29,Paid Late,2025-11-19,Net 15,Matched
INV001760,PO002321,V00291,2497.63,2025-08-30,Paid Late,2025-11-05,Net 60,Matched
INV001761,PO001320,V00368,5680.74,2024-10-24,Paid,2024-11-05,Net 15,Matched
INV001762,PO004370,V00224,41423.78,2024-09-20,Paid Late,2024-11-12,Net 45,Matched
INV001763,PO001930,V00223,17556.1,2025-11-12,Paid,2025-11-30,Net 15,Missing Receipt
INV001764,PO003780,V00159,20225.9,2025-10-21,Paid,2025-11-05,Net 15,Matched
INV001765,PO005477,V00180,2563.84,2024-03-31,Paid,2024-04-30,Net 30,Price Variance
INV001766,PO000914,V00013,16686.03,2024-10-24,Paid,2024-12-08,Net 45,Matched
INV001767,PO003221,V00430,56875.97,2025-01-25,Paid,2025-03-14,Net 45,Matched
INV001768,PO002585,V00362,11210.67,2025-04-24,Paid,2025-06-18,Net 60,Price Variance
INV001769,PO003745,V00071,1179.59,2025-12-20,Unpaid,,Net 45,Matched
INV001770,PO000229,V00064,30495.8,2025-09-21,Paid,2025-11-09,Net 45,Matched
INV001771,PO005088,V00169,49619.63,2025-06-15,Paid,2025-07-18,Net 45,Missing Receipt
INV001772,PO003914,V00169,118549.3,2024-06-16,Paid,2024-07-28,Net 45,Matched
INV001773,PO003008,V00403,17979.28,2024-10-03,Paid Late,2024-12-11,Net 60,Matched
INV001774,PO003523,V00339,4672.12,2025-09-25,Paid,2025-11-20,Net 60,Matched
INV001775,PO001112,V00267,37569.24,2026-01-07,Unpaid,,Net 60,Matched
INV001776,PO003935,V00173,14195.12,2025-12-15,Unpaid,,Net 60,Matched
INV001777,PO003506,V00075,2919.55,2025-04-22,Paid Late,2025-06-12,Net 45,Matched
INV001778,PO004995,V00146,11292.0,2024-11-28,Paid,2024-12-29,Net 30,Matched
INV001779,PO000033,V00357,18885.75,2025-12-18,Unpaid,,Net 60,Price Variance
INV001780,PO004588,V00134,153625.09,2025-08-10,Paid Late,2025-10-01,Net 45,Matched
INV001781,PO000240,V00323,8398.46,2025-06-21,Paid,2025-08-15,Net 60,Matched
INV001782,PO002637,V00468,29637.32,2024-09-16,Paid Late,2024-11-05,Net 30,Matched
INV001783,PO001314,V00368,24480.6,2024-09-29,Paid,2024-10-21,Net 30,Price Variance
INV001784,PO003206,V00255,52090.46,2024-07-19,Paid,2024-09-18,Net 60,Missing Receipt
INV001785,PO001375,V00080,222769.3,2026-01-05,Unpaid,,Net 60,Missing Receipt
INV001786,PO000524,V00047,12395.74,2025-10-19,Paid,2025-12-04,Net 45,Matched
INV001787,PO001864,V00319,1682.28,2025-12-16,Unpaid,,Net 15,Missing Receipt
INV001788,PO004113,V00180,1078.5,2025-06-01,Paid Late,2025-06-29,Net 15,Matched
INV001789,PO000664,V00382,52830.24,2025-05-21,Paid,2025-07-16,Net 60,Price Variance
INV001790,PO005373,V00076,13775.63,2025-02-26,Paid,2025-04-29,Net 60,Missing Receipt
INV001791,PO001156,V00368,9177.11,2024-03-27,Paid Late,2024-04-21,Net 15,Matched
INV001792,PO002619,V00403,11850.02,2024-09-02,Paid,2024-10-11,Net 45,Matched
INV001793,PO001410,V00328,44323.87,2024-06-24,Paid,2024-07-23,Net 30,Matched
INV001794,PO002514,V00290,34901.58,2025-05-03,Paid Late,2025-07-13,Net 45,Matched
INV001795,PO005435,V00207,1529.92,2024-03-06,Paid,2024-05-05,Net 60,Matched
INV001796,PO005221,V00368,8260.82,2025-03-22,Paid,2025-04-08,Net 30,Matched
INV001797,PO000464,V00177,4085.08,2025-10-24,Unpaid,,Net 60,Matched
INV001798,PO002078,V00415,2356.5,2024-10-17,Paid Late,2024-12-11,Net 45,Matched
INV001799,PO000825,V00110,45063.7,2025-10-28,Paid Late,2025-12-19,Net 45,Matched
INV001800,PO004457,V00195,16341.89,2025-11-21,Paid,2025-12-12,Net 30,Matched
INV001801,PO002631,V00084,22159.5,2024-07-19,Paid,2024-08-14,Net 30,Matched
INV001802,PO003690,V00491,3543.39,2026-01-25,Unpaid,,Net 60,Matched
INV001803,PO004717,V00249,27925.95,2024-09-05,Paid Late,2024-10-28,Net 30,Missing Receipt
INV001804,PO000457,V00387,37845.42,2025-10-27,Paid Late,2025-12-18,Net 45,Matched
INV001805,PO000433,V00471,161682.36,2025-06-20,Paid,2025-08-04,Net 45,Matched
INV001806,PO001045,V00243,14190.66,2024-02-22,Paid,2024-04-12,Net 45,Matched
INV001807,PO000459,V00461,10107.02,2024-03-10,Paid,2024-05-10,Net 60,Matched
INV001808,PO004024,V00368,23147.13,2025-01-22,Paid,2025-02-06,Net 15,Missing Receipt
INV001809,PO002647,V00342,1382.32,2025-06-14,Paid Late,2025-07-08,Net 15,Matched
INV001810,PO004224,V00069,21068.37,2024-07-29,Paid Late,2024-09-09,Net 30,Matched
INV001811,PO003498,V00076,9391.98,2024-11-03,Paid,2024-12-29,Net 60,Matched
INV001812,PO001147,V00079,2368.37,2024-10-11,Paid,2024-10-30,Net 30,Matched
INV001813,PO002390,V00118,4751.85,2024-11-11,Paid Late,2024-12-06,Net 15,Matched
INV001814,PO001772,V00240,6115.9,2025-09-28,Paid,2025-10-14,Net 45,Matched
INV001815,PO002823,V00221,118079.65,2025-07-16,Paid,2025-08-31,Net 45,Matched
INV001816,PO001919,V00385,28085.85,2026-01-10,Unpaid,,Net 45,Matched
INV001817,PO004026,V00433,8346.29,2025-10-04,Paid Late,2025-10-30,Net 15,Matched
INV001818,PO004525,V00232,55824.37,2025-01-28,Paid,2025-02-02,Net 15,Matched
INV001819,PO001388,V00241,6006.45,2024-05-27,Paid,2024-07-22,Net 60,Matched
INV001820,PO002974,V00066,10812.9,2024-09-01,Paid,2024-10-08,Net 45,Matched
INV001821,PO000131,V00268,47468.94,2024-08-31,Paid,2024-09-05,Net 15,Missing Receipt
INV001822,PO004333,V00114,8884.25,2025-07-09,Paid,2025-08-04,Net 30,Matched
INV001823,PO002911,V00486,15984.11,2024-03-08,Paid,2024-04-28,Net 60,Matched
INV001824,PO004529,V00068,16635.31,2025-07-23,Paid,2025-08-19,Net 30,Matched
INV001825,PO001479,V00148,776.76,2024-04-27,Paid,2024-06-23,Net 60,Missing Receipt
INV001826,PO000017,V00425,2678.91,2025-09-08,Paid,2025-10-04,Net 30,Matched
INV001827,PO001334,V00019,14985.37,2025-04-13,Paid Late,2025-06-18,Net 60,Matched
INV001828,PO002602,V00056,33279.21,2025-04-18,Paid,2025-04-23,Net 15,Matched
INV001829,PO001236,V00085,15581.06,2024-05-11,Paid Late,2024-07-18,Net 60,Price Variance
INV001830,PO004682,V00066,10450.91,2025-12-11,Paid,2025-12-25,Net 30,Matched
INV001831,PO000769,V00232,25867.93,2025-01-30,Paid Late,2025-03-28,Net 45,Matched
INV001832,PO004390,V00031,23549.33,2025-10-08,Paid,2025-10-16,Net 15,Matched
INV001833,PO000613,V00210,7661.72,2025-12-06,Unpaid,,Net 45,Matched
INV001834,PO004420,V00476,46200.17,2025-05-26,Paid,2025-07-30,Net 60,Missing Receipt
INV001835,PO002022,V00274,7318.94,2024-03-16,Paid,2024-04-08,Net 30,Matched
INV001836,PO002129,V00110,8012.16,2024-01-27,Paid,2024-02-28,Net 30,Missing Receipt
INV001837,PO004122,V00217,10528.8,2024-06-01,Paid,2024-06-15,Net 15,Matched
INV001838,PO005365,V00019,10421.59,2025-10-08,Paid,2025-10-13,Net 15,Matched
INV001839,PO003534,V00312,16129.48,2025-04-18,Paid,2025-06-15,Net 60,Matched
INV001840,PO003065,V00403,20948.78,2025-03-31,Paid,2025-04-16,Net 15,Matched
INV001841,PO000010,V00475,1165.8,2025-09-25,Paid Late,2025-11-17,Net 45,Matched
INV001842,PO000567,V00235,2596.4,2024-10-04,Paid,2024-11-23,Net 45,Price Variance
INV001843,PO003320,V00255,41712.99,2024-06-15,Paid Late,2024-08-22,Net 60,Price Variance
INV001844,PO004000,V00368,8412.3,2024-10-02,Paid,2024-11-16,Net 45,Matched
INV001845,PO002790,V00239,80750.37,2024-06-03,Paid,2024-06-28,Net 30,Matched
INV001846,PO003017,V00132,106460.81,2025-02-21,Paid,2025-04-02,Net 45,Matched
INV001847,PO003395,V00094,32471.54,2025-10-13,Paid,2025-11-05,Net 30,Matched
INV001848,PO002586,V00214,1814.58,2026-01-07,Unpaid,,Net 60,Missing Receipt
INV001849,PO004535,V00382,17623.16,2025-05-18,Paid,2025-06-17,Net 30,Missing Receipt
INV001850,PO003090,V00143,12269.91,2025-03-22,Paid,2025-04-24,Net 30,Matched
INV001851,PO002102,V00494,814.18,2024-10-26,Paid,2024-12-08,Net 45,Matched
INV001852,PO000833,V00482,11418.15,2025-07-13,Paid,2025-07-18,Net 15,Missing Receipt
INV001853,PO005107,V00403,3654.46,2025-02-28,Paid,2025-04-14,Net 45,Matched
INV001854,PO000336,V00090,17262.27,2025-06-19,Paid,2025-08-03,Net 60,Matched
INV001855,PO002088,V00062,3594.75,2025-10-19,Paid,2025-11-02,Net 15,Matched
INV001856,PO001662,V00186,5746.02,2026-01-05,Unpaid,,Net 45,Matched
INV001857,PO004862,V00168,1181.71,2024-04-05,Paid,2024-06-05,Net 60,Matched
INV001858,PO000012,V00368,35488.59,2024-06-04,Paid,2024-07-03,Net 30,Price Variance
INV001859,PO000950,V00123,3357.17,2024-08-23,Paid,2024-09-03,Net 15,Price Variance
INV001860,PO000474,V00403,12275.46,2024-07-12,Paid,2024-08-14,Net 30,Missing Receipt
INV001861,PO002009,V00180,2293.61,2025-03-21,Paid,2025-05-11,Net 60,Matched
INV001862,PO000642,V00087,4506.66,2025-11-22,Paid,2025-12-12,Net 15,Matched
INV001863,PO003033,V00368,2923.29,2025-12-03,Unpaid,,Net 30,Matched
INV001864,PO000163,V00348,16819.91,2024-12-19,Paid Late,2025-02-28,Net 60,Matched
INV001865,PO003487,V00430,11297.54,2025-02-08,Paid,2025-03-15,Net 30,Matched
INV001866,PO000217,V00117,16274.91,2024-02-19,Paid,2024-03-20,Net 30,Matched
INV001867,PO000186,V00211,5359.11,2025-07-22,Paid Late,2025-10-04,Net 60,Missing Receipt
INV001868,PO002948,V00292,86160.15,2024-02-27,Paid Late,2024-03-22,Net 15,Matched
INV001869,PO005407,V00102,5800.11,2025-01-22,Paid,2025-02-16,Net 30,Matched
INV001870,PO005260,V00177,5550.88,2025-01-03,Paid Late,2025-02-04,Net 15,Price Variance
INV001871,PO001803,V00477,2964.92,2025-12-22,Unpaid,,Net 45,Matched
INV001872,PO003616,V00368,5429.37,2024-09-01,Paid,2024-10-26,Net 60,Matched
INV001873,PO004733,V00310,18780.61,2025-11-22,Unpaid,,Net 60,Matched
INV001874,PO003843,V00245,10232.06,2026-01-22,Unpaid,,Net 30,Matched
INV001875,PO002549,V00368,11074.58,2024-06-22,Paid,2024-07-27,Net 45,Matched
INV001876,PO000180,V00290,6848.84,2024-06-16,Paid Late,2024-09-03,Net 60,Matched
INV001877,PO003144,V00362,722.29,2025-07-22,Paid,2025-09-21,Net 60,Matched
INV001878,PO004870,V00078,50425.58,2024-10-11,Paid,2024-11-22,Net 45,Price Variance
INV001879,PO002880,V00425,7271.71,2024-06-25,Paid,2024-06-30,Net 15,Matched
INV001880,PO003915,V00042,8217.19,2025-03-07,Paid,2025-04-30,Net 60,Matched
INV001881,PO005187,V00387,6863.62,2024-11-02,Paid,2024-11-16,Net 15,Matched
INV001882,PO005393,V00082,5053.66,2025-05-30,Paid,2025-06-14,Net 15,Matched
INV001883,PO003698,V00482,539.5,2025-10-15,Paid,2025-11-23,Net 45,Matched
INV001884,PO005206,V00235,2627.82,2025-11-05,Unpaid,,Net 60,Matched
INV001885,PO001014,V00114,1604.74,2025-07-21,Paid,2025-09-22,Net 60,Matched
INV001886,PO003740,V00279,9458.75,2025-11-02,Paid,2025-12-02,Net 30,Matched
INV001887,PO000142,V00399,9461.11,2025-04-21,Paid,2025-05-28,Net 45,Matched
INV001888,PO001682,V00225,47704.68,2024-08-16,Paid Late,2024-09-17,Net 15,Matched
INV001889,PO003253,V00432,5503.68,2024-12-31,Paid,2025-03-05,Net 60,Matched
INV001890,PO000892,V00123,4386.07,2025-09-10,Paid,2025-11-09,Net 60,Price Variance
INV001891,PO003202,V00452,2324.22,2025-09-14,Paid,2025-10-01,Net 15,Matched
INV001892,PO005109,V00204,44945.35,2025-03-17,Paid,2025-05-10,Net 60,Matched
INV001893,PO004876,V00436,3200.42,2025-04-17,Paid Late,2025-05-27,Net 30,Matched
INV001894,PO001359,V00339,13968.6,2024-03-24,Paid,2024-04-05,Net 15,Matched
INV001895,PO003990,V00490,5412.75,2025-01-12,Paid,2025-02-26,Net 45,Matched
INV001896,PO004393,V00012,22987.76,2024-04-13,Paid,2024-05-15,Net 30,Matched
INV001897,PO002371,V00118,23769.81,2025-02-04,Paid,2025-03-21,Net 60,Matched
INV001898,PO003574,V00366,3782.74,2025-12-23,Unpaid,,Net 45,Price Variance
INV001899,PO002588,V00483,7021.14,2025-06-05,Paid,2025-06-13,Net 15,Matched
INV001900,PO000325,V00418,42069.45,2025-09-30,Paid Late,2025-10-21,Net 15,Matched
INV001901,PO001189,V00378,19988.63,2025-12-25,Paid,2025-12-30,Net 15,Matched
INV001902,PO003928,V00132,46810.46,2025-04-27,Paid,2025-06-19,Net 60,Matched
INV001903,PO002180,V00037,13281.88,2025-01-16,Paid,2025-03-07,Net 45,Matched
INV001904,PO003729,V00018,5349.25,2025-12-10,Unpaid,,Net 30,Matched
INV001905,PO001224,V00341,1862.27,2025-11-19,Unpaid,,Net 60,Price Variance
INV001906,PO004511,V00261,10847.69,2024-08-04,Paid,2024-09-13,Net 45,Matched
INV001907,PO003270,V00149,121360.85,2025-01-05,Paid,2025-01-31,Net 30,Matched
INV001908,PO003260,V00060,29304.36,2025-07-26,Paid Late,2025-09-16,Net 45,Matched
INV001909,PO002359,V00154,5117.11,2025-11-07,Paid Late,2025-12-30,Net 45,Matched
INV001910,PO004174,V00403,7827.9,2024-12-31,Paid,2025-01-15,Net 15,Matched
INV001911,PO004863,V00352,1609.77,2025-01-17,Paid Late,2025-02-28,Net 30,Matched
INV001912,PO002294,V00074,9232.4,2025-01-20,Paid,2025-02-11,Net 30,Matched
INV001913,PO005134,V00368,23211.46,2025-10-17,Paid,2025-12-20,Net 60,Missing Receipt
INV001914,PO004958,V00302,2309.77,2024-11-12,Paid,2025-01-11,Net 60,Matched
INV001915,PO002030,V00088,15780.26,2024-12-05,Paid,2025-01-07,Net 45,Matched
INV001916,PO000410,V00111,1022.41,2025-12-15,Unpaid,,Net 30,Matched
INV001917,PO002736,V00169,47840.75,2024-06-05,Paid,2024-07-18,Net 45,Matched
INV001918,PO000104,V00181,2220.12,2024-06-06,Paid,2024-08-02,Net 60,Matched
INV001919,PO001094,V00402,1890.55,2025-01-10,Paid Late,2025-03-21,Net 60,Matched
INV001920,PO002624,V00238,19362.76,2025-01-20,Paid Late,2025-03-28,Net 60,Matched
INV001921,PO001648,V00403,11272.26,2024-04-17,Paid,2024-05-01,Net 15,Matched
INV001922,PO000591,V00145,31470.19,2024-02-07,Paid,2024-02-27,Net 30,Matched
INV001923,PO000881,V00278,44739.43,2024-06-07,Paid,2024-07-26,Net 45,Missing Receipt
INV001924,PO005432,V00337,7744.24,2024-05-12,Paid,2024-07-16,Net 60,Price Variance
INV001925,PO003686,V00326,1462.41,2024-05-02,Paid,2024-07-06,Net 60,Matched
INV001926,PO003693,V00417,12170.46,2024-04-21,Paid,2024-06-07,Net 60,Matched
INV001927,PO000746,V00169,45089.06,2025-05-11,Paid,2025-07-02,Net 60,Matched
INV001928,PO005243,V00368,55763.24,2024-08-31,Paid,2024-10-12,Net 45,Matched
INV001929,PO004049,V00368,48630.5,2024-10-20,Paid,2024-10-25,Net 15,Matched
INV001930,PO003701,V00362,3260.25,2025-11-12,Unpaid,,Net 60,Matched
INV001931,PO005451,V00337,44838.9,2024-09-18,Paid Late,2024-11-27,Net 60,Matched
INV001932,PO005025,V00266,1922.03,2025-10-01,Paid,2025-11-20,Net 60,Matched
INV001933,PO003610,V00114,2796.93,2024-10-08,Paid,2024-11-04,Net 30,Price Variance
INV001934,PO004147,V00400,9515.18,2024-05-26,Paid,2024-06-05,Net 15,Price Variance
INV001935,PO002655,V00366,2704.13,2024-06-18,Paid,2024-07-02,Net 15,Matched
INV001936,PO005207,V00179,15408.92,2024-11-10,Paid,2024-12-29,Net 45,Matched
INV001937,PO001909,V00078,12381.41,2025-03-30,Paid,2025-05-22,Net 60,Matched
INV001938,PO003900,V00482,1139.95,2025-08-17,Paid,2025-09-05,Net 15,Matched
INV001939,PO003348,V00222,23877.26,2024-06-01,Paid,2024-07-27,Net 60,Matched
INV001940,PO003478,V00184,666.61,2024-06-09,Paid,2024-07-29,Net 45,Matched
INV001941,PO000314,V00305,34120.52,2025-04-03,Paid,2025-05-25,Net 60,Matched
INV001942,PO001124,V00216,4283.86,2025-01-28,Paid,2025-04-01,Net 60,Matched
INV001943,PO001783,V00275,6060.19,2024-08-27,Paid Late,2024-10-07,Net 30,Missing Receipt
INV001944,PO000791,V00359,1893.32,2024-07-19,Paid,2024-07-31,Net 15,Matched
INV001945,PO004293,V00026,10608.17,2025-10-13,Paid,2025-11-17,Net 30,Missing Receipt
INV001946,PO001396,V00221,4327.43,2025-06-15,Paid,2025-07-09,Net 30,Matched
INV001947,PO001371,V00142,6464.45,2025-01-09,Paid,2025-01-17,Net 15,Matched
INV001948,PO000560,V00169,14407.49,2025-06-29,Paid,2025-07-11,Net 30,Matched
INV001949,PO004621,V00239,15912.26,2025-09-27,Paid,2025-11-11,Net 60,Matched
INV001950,PO002348,V00207,11198.17,2024-12-06,Paid,2025-01-17,Net 45,Matched
INV001951,PO003895,V00490,625.25,2025-04-22,Paid,2025-05-26,Net 30,Matched
INV001952,PO004902,V00492,64062.87,2024-11-10,Paid,2025-01-06,Net 60,Matched
INV001953,PO000519,V00223,117655.89,2025-03-10,Paid,2025-04-19,Net 45,Matched
INV001954,PO000573,V00108,3035.91,2025-09-26,Paid,2025-10-09,Net 15,Matched
INV001955,PO000301,V00093,5701.09,2025-10-14,Paid Late,2025-12-28,Net 60,Price Variance
INV001956,PO005367,V00231,35322.29,2024-08-22,Paid,2024-10-07,Net 60,Price Variance
INV001957,PO002579,V00185,27280.68,2025-07-10,Paid,2025-07-24,Net 15,Matched
INV001958,PO001593,V00096,6455.9,2024-10-14,Paid,2024-10-26,Net 15,Matched
INV001959,PO000890,V00222,15013.04,2025-03-15,Paid,2025-04-18,Net 30,Matched
INV001960,PO000776,V00261,2466.61,2025-08-14,Paid,2025-10-01,Net 45,Matched
INV001961,PO003820,V00288,7521.49,2024-02-20,Paid,2024-03-11,Net 15,Matched
INV001962,PO002449,V00440,8504.13,2026-01-06,Unpaid,,Net 60,Missing Receipt
INV001963,PO005218,V00164,12950.12,2024-06-30,Paid,2024-07-18,Net 15,Matched
INV001964,PO004747,V00354,30860.97,2025-01-04,Paid,2025-02-18,Net 45,Matched
INV001965,PO000644,V00011,6395.76,2024-04-03,Paid Late,2024-04-30,Net 15,Matched
INV001966,PO001640,V00084,10484.18,2025-05-08,Paid,2025-06-03,Net 30,Matched
INV001967,PO003254,V00336,7352.01,2025-07-02,Paid,2025-08-04,Net 30,Matched
INV001968,PO003011,V00171,44533.19,2024-08-06,Paid,2024-09-30,Net 60,Matched
INV001969,PO000317,V00179,95052.55,2025-04-23,Paid Late,2025-07-07,Net 60,Matched
INV001970,PO000734,V00337,11275.62,2025-12-29,Unpaid,,Net 60,Price Variance
INV001971,PO003034,V00395,17503.65,2025-10-31,Paid,2025-12-28,Net 60,Matched
INV001972,PO002732,V00178,5756.8,2025-05-19,Paid Late,2025-07-09,Net 45,Matched
INV001973,PO004573,V00038,11439.65,2026-01-09,Unpaid,,Net 45,Matched
INV001974,PO005331,V00385,18326.86,2025-09-28,Paid Late,2025-11-07,Net 30,Matched
INV001975,PO001210,V00226,15561.32,2025-04-24,Paid,2025-05-13,Net 30,Matched
INV001976,PO004528,V00166,3995.57,2025-02-15,Paid,2025-03-30,Net 45,Matched
INV001977,PO003853,V00494,3014.9,2025-09-05,Paid,2025-09-20,Net 30,Matched
INV001978,PO001799,V00142,7100.15,2024-04-07,Paid,2024-05-20,Net 45,Missing Receipt
INV001979,PO001798,V00499,1219.11,2025-07-24,Paid,2025-09-07,Net 45,Matched
INV001980,PO002338,V00356,94762.12,2024-04-14,Paid,2024-04-29,Net 15,Missing Receipt
INV001981,PO003532,V00169,108166.32,2025-01-10,Paid,2025-02-06,Net 30,Matched
INV001982,PO002897,V00451,7059.59,2025-12-10,Paid,2025-12-17,Net 15,Missing Receipt
INV001983,PO003057,V00130,6765.1,2024-03-11,Paid Late,2024-04-06,Net 15,Missing Receipt
INV001984,PO004317,V00146,11796.35,2025-02-11,Paid,2025-03-01,Net 30,Matched
INV001985,PO002315,V00196,2716.24,2025-11-01,Paid Late,2025-12-11,Net 30,Matched
INV001986,PO002126,V00005,17901.35,2024-03-07,Paid,2024-04-24,Net 45,Matched
INV001987,PO002222,V00368,22451.56,2026-01-19,Unpaid,,Net 45,Matched
INV001988,PO004019,V00368,10507.11,2024-05-02,Paid,2024-05-20,Net 15,Price Variance
INV001989,PO004350,V00272,22604.04,2025-03-20,Paid,2025-04-21,Net 30,Matched
INV001990,PO002713,V00465,15647.83,2024-05-28,Paid,2024-07-29,Net 60,Matched
INV001991,PO000124,V00369,38530.45,2025-07-22,Paid,2025-08-20,Net 30,Price Variance
INV001992,PO002982,V00239,11801.52,2025-11-03,Paid,2025-12-01,Net 30,Matched
INV001993,PO004311,V00313,23183.3,2025-10-15,Paid,2025-11-04,Net 15,Matched
INV001994,PO004054,V00321,147736.56,2025-12-19,Unpaid,,Net 60,Matched
INV001995,PO000028,V00121,54654.58,2025-11-24,Unpaid,,Net 60,Matched
INV001996,PO003884,V00368,4353.59,2025-05-27,Paid,2025-07-01,Net 30,Matched
INV001997,PO002447,V00008,95303.67,2025-05-03,Paid,2025-06-24,Net 60,Missing Receipt
INV001998,PO003264,V00042,4873.13,2024-02-24,Paid,2024-02-29,Net 15,Missing Receipt
INV001999,PO004762,V00119,4015.51,2025-07-06,Paid Late,2025-08-04,Net 15,Matched
INV002000,PO002118,V00169,93281.74,2025-05-04,Paid Late,2025-05-31,Net 15,Matched
INV002001,PO004386,V00268,9965.19,2024-03-23,Paid Late,2024-05-28,Net 60,Missing Receipt
INV002002,PO002612,V00291,14017.93,2025-09-14,Paid,2025-10-25,Net 45,Matched
INV002003,PO002351,V00052,12952.87,2025-08-17,Paid Late,2025-10-12,Net 45,Matched
INV002004,PO005479,V00422,11620.25,2024-04-28,Paid,2024-06-08,Net 45,Price Variance
INV002005,PO004921,V00430,6623.39,2025-12-12,Unpaid,,Net 30,Matched
INV002006,PO005457,V00182,4392.18,2024-04-25,Paid,2024-06-25,Net 60,Matched
INV002007,PO001483,V00415,39577.44,2025-12-22,Unpaid,,Net 45,Matched
INV002008,PO002582,V00145,8710.7,2025-12-10,Paid,2025-12-15,Net 15,Matched
INV002009,PO005116,V00149,56791.22,2025-10-15,Paid,2025-11-30,Net 45,Matched
INV002010,PO004384,V00212,2409.3,2024-02-17,Paid Late,2024-03-10,Net 15,Price Variance
INV002011,PO001350,V00370,13685.77,2024-02-12,Paid,2024-03-24,Net 45,Matched
INV002012,PO001664,V00419,176803.12,2024-03-03,Paid,2024-04-04,Net 45,Matched
INV002013,PO000238,V00012,3438.73,2024-04-18,Paid,2024-04-23,Net 15,Matched
INV002014,PO004144,V00485,2237.68,2024-12-09,Paid,2024-12-16,Net 15,Matched
INV002015,PO001356,V00335,25951.38,2025-10-21,Paid,2025-12-23,Net 60,Matched
INV002016,PO005496,V00045,2092.69,2025-12-26,Unpaid,,Net 45,Price Variance
INV002017,PO003924,V00463,5314.31,2024-10-16,Paid Late,2024-12-25,Net 60,Matched
INV002018,PO002285,V00169,48863.85,2025-04-18,Paid Late,2025-06-19,Net 45,Price Variance
INV002019,PO004508,V00038,21701.1,2024-06-16,Paid,2024-07-08,Net 30,Matched
INV002020,PO004532,V00285,28801.35,2025-09-30,Paid,2025-10-13,Net 15,Price Variance
INV002021,PO004604,V00261,9871.32,2024-12-23,Paid Late,2025-01-16,Net 15,Matched
INV002022,PO004606,V00134,7307.86,2024-11-13,Paid Late,2024-12-21,Net 30,Matched
INV002023,PO003550,V00056,6906.67,2024-03-30,Paid,2024-05-18,Net 60,Missing Receipt
INV002024,PO001130,V00251,8424.39,2025-01-15,Paid Late,2025-03-22,Net 60,Matched
INV002025,PO002186,V00368,115171.24,2024-10-09,Paid Late,2024-12-08,Net 45,Missing Receipt
INV002026,PO002274,V00156,15928.23,2025-10-09,Paid Late,2025-12-18,Net 60,Matched
INV002027,PO003431,V00145,30259.95,2025-01-10,Paid Late,2025-02-17,Net 30,Matched
INV002028,PO003583,V00436,8867.87,2025-12-10,Unpaid,,Net 60,Price Variance
INV002029,PO004836,V00097,4208.2,2025-05-20,Paid Late,2025-06-30,Net 30,Matched
INV002030,PO000681,V00224,30126.58,2025-04-09,Paid,2025-05-10,Net 30,Matched
INV002031,PO003609,V00076,10270.61,2025-05-20,Paid,2025-06-16,Net 30,Matched
INV002032,PO002943,V00297,17799.14,2024-12-28,Paid Late,2025-01-26,Net 15,Matched
INV002033,PO000114,V00403,23534.05,2025-04-05,Paid Late,2025-06-15,Net 60,Matched
INV002034,PO005333,V00087,6430.47,2026-01-12,Unpaid,,Net 60,Matched
INV002035,PO003798,V00219,12740.96,2025-08-01,Paid,2025-09-06,Net 45,Matched
INV002036,PO001601,V00114,3302.63,2024-03-02,Paid,2024-03-15,Net 30,Matched
INV002037,PO001385,V00263,8684.67,2025-01-04,Paid Late,2025-02-14,Net 30,Matched
INV002038,PO003651,V00104,7286.64,2024-09-02,Paid,2024-09-15,Net 15,Matched
INV002039,PO004463,V00166,12728.8,2025-06-05,Paid,2025-07-06,Net 30,Price Variance
INV002040,PO004926,V00318,2528.95,2024-06-06,Paid Late,2024-07-25,Net 30,Price Variance
INV002041,PO000565,V00004,13979.68,2025-10-01,Paid Late,2025-11-14,Net 30,Missing Receipt
INV002042,PO001443,V00434,10047.61,2025-10-07,Paid,2025-11-22,Net 45,Matched
INV002043,PO003448,V00363,55277.62,2024-07-17,Paid,2024-07-22,Net 15,Matched
INV002044,PO003675,V00447,74451.1,2025-09-29,Paid,2025-10-31,Net 45,Matched
INV002045,PO005054,V00095,2827.1,2025-01-12,Paid,2025-02-21,Net 45,Matched
INV002046,PO001087,V00361,34207.26,2025-03-16,Paid,2025-04-06,Net 30,Missing Receipt
INV002047,PO003659,V00468,52555.47,2025-02-17,Paid Late,2025-05-31,Net 60,Matched
INV002048,PO001033,V00216,1253.34,2024-09-20,Paid,2024-11-01,Net 45,Missing Receipt
INV002049,PO004664,V00164,15414.57,2025-08-03,Paid,2025-09-08,Net 45,Price Variance
INV002050,PO004047,V00465,1474.33,2025-12-22,Unpaid,,Net 30,Missing Receipt
INV002051,PO005445,V00272,4955.79,2025-07-08,Paid,2025-08-02,Net 30,Matched
INV002052,PO001353,V00263,20387.9,2026-01-20,Unpaid,,Net 15,Matched
INV002053,PO001400,V00337,1386.22,2025-06-12,Paid Late,2025-07-10,Net 15,Missing Receipt
INV002054,PO003754,V00205,24971.62,2025-12-03,Unpaid,,Net 30,Matched
INV002055,PO003485,V00368,48970.04,2024-09-21,Paid,2024-11-12,Net 60,Matched
INV002056,PO001917,V00348,24209.1,2025-06-18,Paid,2025-08-16,Net 60,Missing Receipt
INV002057,PO000718,V00328,8562.62,2024-11-01,Paid,2024-12-08,Net 45,Matched
INV002058,PO004685,V00196,9032.29,2025-09-17,Paid,2025-10-31,Net 45,Matched
INV002059,PO005472,V00403,2877.95,2025-08-12,Paid,2025-09-15,Net 30,Matched
INV002060,PO000417,V00375,21334.05,2025-07-22,Paid,2025-08-29,Net 45,Matched
INV002061,PO001500,V00362,2726.84,2024-05-18,Paid,2024-06-26,Net 45,Matched
INV002062,PO001891,V00408,6558.18,2024-03-02,Paid,2024-04-17,Net 45,Matched
INV002063,PO000861,V00069,1835.55,2025-12-28,Unpaid,,Net 15,Matched
INV002064,PO002158,V00450,3199.86,2025-04-04,Paid,2025-04-22,Net 15,Matched
INV002065,PO001506,V00368,105577.24,2024-12-19,Paid Late,2025-03-01,Net 60,Matched
INV002066,PO003626,V00326,6670.61,2025-04-20,Paid,2025-05-02,Net 15,Matched
INV002067,PO004022,V00478,47738.26,2025-01-21,Paid Late,2025-03-07,Net 30,Missing Receipt
INV002068,PO000883,V00064,1638.11,2024-02-08,Paid,2024-03-10,Net 30,Price Variance
INV002069,PO002037,V00068,10524.97,2025-05-18,Paid,2025-07-04,Net 45,Matched
INV002070,PO001530,V00434,9974.21,2024-10-09,Paid,2024-10-31,Net 30,Matched
INV002071,PO001017,V00004,1189.26,2025-07-25,Paid,2025-07-30,Net 15,Price Variance
INV002072,PO000668,V00491,10944.48,2024-05-07,Paid,2024-05-19,Net 15,Matched
INV002073,PO003154,V00010,65500.49,2024-10-02,Paid,2024-11-28,Net 60,Matched
INV002074,PO004121,V00368,36901.77,2025-07-08,Paid,2025-08-11,Net 30,Matched
INV002075,PO003116,V00093,1035.24,2025-06-18,Paid,2025-08-19,Net 60,Matched
INV002076,PO004343,V00260,22546.63,2025-11-09,Paid,2025-11-14,Net 15,Price Variance
INV002077,PO003450,V00145,15827.94,2025-07-27,Paid,2025-08-11,Net 15,Matched
INV002078,PO002550,V00083,16506.93,2024-06-24,Paid,2024-08-07,Net 60,Matched
INV002079,PO004523,V00398,23725.23,2024-05-26,Paid,2024-07-28,Net 60,Matched
INV002080,PO001894,V00231,50362.78,2025-09-27,Paid,2025-10-23,Net 30,Matched
INV002081,PO002989,V00194,10495.69,2025-05-10,Paid,2025-07-06,Net 60,Missing Receipt
INV002082,PO000441,V00008,35076.98,2024-08-20,Paid,2024-10-06,Net 45,Matched
INV002083,PO002335,V00116,6058.3,2025-04-06,Paid,2025-05-03,Net 30,Matched
INV002084,PO003030,V00039,1230.44,2024-08-30,Paid,2024-10-27,Net 60,Matched
INV002085,PO000886,V00403,14627.53,2025-08-25,Paid,2025-10-29,Net 60,Matched
INV002086,PO005490,V00278,7101.41,2024-04-05,Paid Late,2024-04-27,Net 15,Missing Receipt
INV002087,PO000640,V00147,93196.72,2024-10-16,Paid,2024-12-08,Net 60,Matched
INV002088,PO001599,V00393,6401.68,2024-07-27,Paid,2024-08-08,Net 15,Matched
INV002089,PO004750,V00400,15903.14,2025-08-29,Paid,2025-09-30,Net 30,Matched
INV002090,PO000840,V00186,3876.4,2025-10-04,Paid,2025-10-23,Net 15,Price Variance
INV002091,PO003560,V00287,6560.95,2025-10-28,Paid,2025-11-11,Net 15,Price Variance
INV002092,PO004861,V00361,50256.08,2025-03-27,Paid Late,2025-05-19,Net 45,Matched
INV002093,PO004855,V00295,2082.41,2025-10-22,Paid Late,2025-12-16,Net 45,Matched
INV002094,PO003721,V00368,98167.38,2024-01-26,Paid,2024-03-30,Net 60,Matched
INV002095,PO001807,V00164,4679.06,2025-05-04,Paid,2025-05-24,Net 30,Matched
INV002096,PO002590,V00377,40791.81,2025-10-22,Paid Late,2025-12-29,Net 60,Matched
INV002097,PO003732,V00067,26091.51,2024-04-05,Paid,2024-05-02,Net 30,Matched
INV002098,PO004951,V00069,10786.38,2025-11-26,Unpaid,,Net 60,Matched
INV002099,PO003394,V00127,13699.89,2026-01-09,Unpaid,,Net 15,Missing Receipt
INV002100,PO001945,V00326,26529.19,2024-12-27,Paid,2025-02-26,Net 60,Matched
INV002101,PO003440,V00461,10058.93,2025-07-19,Paid,2025-08-02,Net 15,Price Variance
INV002102,PO003481,V00403,4179.81,2025-11-24,Unpaid,,Net 45,Matched
INV002103,PO004385,V00033,1482.09,2025-10-26,Paid,2025-11-09,Net 15,Matched
INV002104,PO003150,V00323,4668.94,2024-08-10,Paid,2024-10-10,Net 60,Matched
INV002105,PO002859,V00211,9262.46,2025-10-07,Paid,2025-11-21,Net 45,Matched
INV002106,PO002391,V00383,14105.08,2025-04-08,Paid,2025-05-16,Net 60,Matched
INV002107,PO004835,V00053,19978.48,2024-09-24,Paid,2024-10-23,Net 30,Matched
INV002108,PO004993,V00399,29290.15,2024-12-05,Paid,2025-01-17,Net 45,Matched
INV002109,PO004424,V00244,3689.37,2025-09-02,Paid Late,2025-09-23,Net 15,Missing Receipt
INV002110,PO001728,V00200,70223.26,2025-03-07,Paid,2025-05-09,Net 60,Price Variance
INV002111,PO003521,V00368,1761.61,2024-07-30,Paid Late,2024-09-20,Net 45,Matched
INV002112,PO005173,V00368,18441.32,2024-04-02,Paid,2024-04-09,Net 15,Matched
INV002113,PO005205,V00169,33445.62,2024-12-07,Paid,2024-12-26,Net 15,Price Variance
INV002114,PO002584,V00300,8334.43,2024-03-02,Paid,2024-04-20,Net 45,Matched
INV002115,PO004524,V00372,48490.26,2025-08-01,Paid Late,2025-10-06,Net 60,Price Variance
INV002116,PO000675,V00146,19531.16,2025-01-20,Paid,2025-02-14,Net 30,Matched
INV002117,PO001394,V00302,331.74,2025-04-19,Paid Late,2025-06-16,Net 45,Price Variance
INV002118,PO003688,V00169,40765.38,2025-11-09,Unpaid,,Net 45,Missing Receipt
INV002119,PO001815,V00311,31577.49,2025-01-31,Paid,2025-03-23,Net 60,Matched
INV002120,PO001932,V00222,14310.75,2025-08-28,Paid,2025-09-09,Net 15,Matched
INV002121,PO000054,V00068,14387.4,2024-12-27,Paid,2025-02-07,Net 45,Matched
INV002122,PO001484,V00403,4582.32,2024-08-06,Paid,2024-10-04,Net 60,Matched
INV002123,PO001493,V00336,2195.43,2025-05-16,Paid,2025-06-21,Net 45,Price Variance
INV002124,PO005279,V00322,38984.1,2025-03-03,Paid,2025-04-11,Net 45,Matched
INV002125,PO002135,V00155,23329.09,2024-10-19,Paid,2024-11-22,Net 30,Matched
INV002126,PO002349,V00281,9867.02,2024-05-30,Paid,2024-07-19,Net 45,Price Variance
INV002127,PO000056,V00179,8651.1,2025-07-11,Paid Late,2025-09-06,Net 45,Matched
INV002128,PO002241,V00395,3833.9,2025-03-10,Paid,2025-04-27,Net 45,Matched
INV002129,PO003516,V00291,2186.14,2025-12-04,Unpaid,,Net 30,Matched
INV002130,PO000255,V00355,7798.0,2025-09-22,Paid,2025-10-24,Net 45,Matched
INV002131,PO002046,V00289,1235.17,2024-02-20,Paid,2024-04-07,Net 45,Missing Receipt
INV002132,PO005029,V00079,1979.44,2025-09-23,Paid Late,2025-11-15,Net 45,Matched
INV002133,PO005121,V00109,2862.88,2025-09-01,Paid,2025-10-27,Net 60,Matched
INV002134,PO004787,V00212,1413.93,2025-07-28,Paid,2025-08-22,Net 30,Matched
INV002135,PO003629,V00438,3256.99,2024-02-22,Paid Late,2024-04-30,Net 45,Missing Receipt
INV002136,PO002466,V00057,1950.72,2024-11-16,Paid Late,2024-12-26,Net 30,Missing Receipt
INV002137,PO001954,V00042,5345.86,2025-09-03,Paid Late,2025-10-28,Net 45,Matched
INV002138,PO002086,V00187,40240.37,2025-03-17,Paid,2025-03-30,Net 15,Matched
INV002139,PO002918,V00468,14863.52,2025-11-14,Paid Late,2025-12-30,Net 30,Matched
INV002140,PO000874,V00490,15021.3,2025-08-29,Paid,2025-10-27,Net 60,Matched
INV002141,PO003066,V00087,17172.85,2025-12-07,Paid,2025-12-28,Net 30,Matched
INV002142,PO001364,V00283,7321.72,2024-09-29,Paid,2024-10-11,Net 15,Matched
INV002143,PO001191,V00079,2872.91,2024-10-12,Paid,2024-12-06,Net 60,Matched
INV002144,PO000242,V00123,1932.92,2024-03-20,Paid,2024-04-09,Net 30,Price Variance
INV002145,PO000005,V00291,5470.1,2025-02-26,Paid,2025-04-26,Net 60,Matched
INV002146,PO004515,V00394,22734.41,2025-01-18,Paid,2025-03-13,Net 60,Matched
INV002147,PO001299,V00475,2267.9,2024-05-12,Paid,2024-06-28,Net 45,Missing Receipt
INV002148,PO004881,V00368,2186.79,2024-07-26,Paid,2024-09-23,Net 60,Matched
INV002149,PO002399,V00196,6361.33,2025-07-24,Paid,2025-08-09,Net 15,Price Variance
INV002150,PO002678,V00305,50694.15,2025-06-22,Paid,2025-07-12,Net 15,Matched
INV002151,PO002895,V00405,11987.75,2025-10-20,Paid,2025-11-18,Net 30,Matched
INV002152,PO001581,V00178,17131.34,2024-10-18,Paid,2024-11-08,Net 30,Matched
INV002153,PO002331,V00007,4753.96,2024-02-26,Paid,2024-03-25,Net 30,Matched
INV002154,PO003361,V00193,30137.38,2025-12-19,Unpaid,,Net 30,Matched
INV002155,PO000076,V00293,71834.27,2024-11-22,Paid,2024-12-27,Net 30,Matched
INV002156,PO005340,V00403,15897.03,2024-09-23,Paid,2024-11-27,Net 60,Matched
INV002157,PO002889,V00169,47982.05,2024-09-11,Paid,2024-10-15,Net 30,Price Variance
INV002158,PO003692,V00091,8995.85,2024-09-19,Paid Late,2024-11-12,Net 45,Missing Receipt
INV002159,PO001260,V00017,16777.29,2025-04-28,Paid,2025-05-13,Net 15,Matched
INV002160,PO004908,V00007,3546.21,2025-02-06,Paid,2025-03-29,Net 60,Matched
INV002161,PO002098,V00321,82260.95,2024-01-13,Paid,2024-03-11,Net 60,Matched
INV002162,PO005383,V00368,38904.21,2025-03-28,Paid,2025-04-15,Net 30,Price Variance
INV002163,PO005425,V00282,4686.69,2025-02-02,Paid,2025-02-12,Net 15,Matched
INV002164,PO002416,V00272,23418.98,2025-09-07,Paid,2025-11-05,Net 60,Price Variance
INV002165,PO002397,V00163,23323.81,2025-07-25,Paid,2025-09-18,Net 60,Matched
INV002166,PO001179,V00095,888.06,2026-01-06,Unpaid,,Net 30,Matched
INV002167,PO002826,V00169,14471.92,2025-06-16,Paid,2025-06-23,Net 15,Matched
INV002168,PO001645,V00034,2522.16,2025-07-14,Paid,2025-07-31,Net 15,Matched
INV002169,PO004495,V00066,85696.28,2025-01-01,Paid,2025-01-11,Net 15,Missing Receipt
INV002170,PO002005,V00120,5405.2,2026-01-07,Unpaid,,Net 15,Matched
INV002171,PO002201,V00058,13386.74,2025-07-29,Paid Late,2025-09-12,Net 30,Matched
INV002172,PO001234,V00354,1156.9,2025-10-02,Paid,2025-11-18,Net 60,Matched
INV002173,PO005371,V00086,2886.72,2024-05-12,Paid,2024-06-01,Net 30,Matched
INV002174,PO003758,V00118,7297.5,2025-12-23,Unpaid,,Net 30,Matched
INV002175,PO003176,V00403,88437.52,2024-08-15,Paid Late,2024-09-05,Net 15,Price Variance
INV002176,PO003901,V00342,13989.79,2025-07-15,Paid,2025-07-31,Net 30,Price Variance
INV002177,PO005392,V00111,6969.15,2024-10-03,Paid,2024-10-16,Net 15,Matched
INV002178,PO001470,V00354,16884.3,2024-03-28,Paid,2024-05-25,Net 60,Missing Receipt
INV002179,PO000597,V00335,18281.7,2025-03-11,Paid,2025-05-04,Net 60,Matched
INV002180,PO005152,V00064,7907.02,2024-09-12,Paid Late,2024-10-04,Net 15,Matched
INV002181,PO001067,V00495,1862.81,2024-02-10,Paid,2024-03-27,Net 45,Matched
INV002182,PO000646,V00006,4401.24,2024-10-15,Paid,2024-12-13,Net 60,Matched
INV002183,PO000438,V00118,19143.23,2026-01-04,Unpaid,,Net 45,Matched
INV002184,PO005199,V00406,33136.48,2024-10-01,Paid,2024-12-01,Net 60,Missing Receipt
INV002185,PO000220,V00430,33717.52,2025-11-12,Paid,2025-12-20,Net 45,Matched
INV002186,PO003071,V00403,9697.56,2024-10-19,Paid,2024-11-02,Net 15,Matched
INV002187,PO003859,V00077,6971.79,2024-05-29,Paid Late,2024-07-23,Net 45,Matched
INV002188,PO001767,V00368,35253.84,2024-11-01,Paid,2024-11-06,Net 15,Matched
INV002189,PO003097,V00187,3385.16,2025-01-14,Paid,2025-02-16,Net 30,Matched
INV002190,PO004196,V00169,65220.9,2025-12-24,Unpaid,,Net 15,Matched
INV002191,PO000505,V00263,25785.24,2025-07-15,Paid Late,2025-08-13,Net 15,Matched
INV002192,PO003330,V00403,12951.52,2025-11-28,Unpaid,,Net 45,Matched
INV002193,PO000399,V00078,6582.39,2024-11-08,Paid,2024-11-29,Net 30,Missing Receipt
INV002194,PO004272,V00306,10128.14,2025-12-30,Unpaid,,Net 45,Price Variance
INV002195,PO002669,V00269,6184.46,2025-11-12,Paid,2025-12-10,Net 30,Matched
INV002196,PO000407,V00491,7578.06,2024-12-12,Paid,2025-01-18,Net 45,Matched
INV002197,PO001047,V00165,10725.78,2025-03-24,Paid Late,2025-06-20,Net 60,Matched
INV002198,PO005442,V00389,14557.51,2025-01-26,Paid,2025-03-30,Net 60,Price Variance
INV002199,PO000364,V00403,3993.21,2024-09-12,Paid,2024-10-02,Net 30,Missing Receipt
INV002200,PO005159,V00255,5217.57,2025-07-24,Paid,2025-09-17,Net 60,Matched
INV002201,PO000705,V00256,1166.55,2025-01-19,Paid,2025-02-01,Net 15,Matched
INV002202,PO003070,V00403,29180.97,2025-06-07,Paid,2025-07-12,Net 30,Matched
INV002203,PO004645,V00288,3866.18,2024-03-23,Paid,2024-04-13,Net 30,Matched
INV002204,PO003461,V00478,27374.96,2025-11-24,Paid Late,2025-12-30,Net 30,Matched
INV002205,PO001244,V00375,6221.8,2025-01-17,Paid Late,2025-02-22,Net 30,Matched
INV002206,PO002896,V00211,32271.35,2025-11-07,Paid,2025-11-15,Net 15,Matched
INV002207,PO004611,V00352,2522.09,2024-04-16,Paid,2024-05-11,Net 30,Matched
INV002208,PO005402,V00300,16964.62,2024-10-03,Paid,2024-11-13,Net 45,Price Variance
INV002209,PO002724,V00006,1821.31,2025-11-02,Paid Late,2025-12-09,Net 30,Matched
INV002210,PO004558,V00046,64352.03,2024-08-03,Paid Late,2024-08-26,Net 15,Matched
INV002211,PO000371,V00329,6127.4,2024-10-13,Paid Late,2024-12-25,Net 60,Matched
INV002212,PO000822,V00382,8064.88,2025-03-30,Paid,2025-05-17,Net 45,Matched
INV002213,PO001132,V00098,19289.39,2025-09-03,Paid,2025-10-31,Net 60,Matched
INV002214,PO000463,V00116,8174.99,2024-10-04,Paid Late,2024-12-11,Net 60,Missing Receipt
INV002215,PO001720,V00430,4635.06,2024-09-27,Paid,2024-10-02,Net 15,Matched
INV002216,PO002181,V00234,2249.32,2024-12-01,Paid,2024-12-20,Net 30,Matched
INV002217,PO005326,V00002,18533.6,2024-04-15,Paid,2024-05-29,Net 45,Price Variance
INV002218,PO000019,V00331,9306.24,2024-07-12,Paid,2024-08-11,Net 45,Price Variance
INV002219,PO004807,V00183,5661.96,2024-04-16,Paid,2024-05-27,Net 45,Matched
INV002220,PO003852,V00184,291.42,2025-01-11,Paid,2025-03-04,Net 60,Price Variance
INV002221,PO004409,V00475,471.96,2024-10-01,Paid Late,2024-11-25,Net 45,Matched
INV002222,PO000538,V00354,15652.88,2025-06-03,Paid Late,2025-06-26,Net 15,Matched
INV002223,PO000280,V00334,29239.28,2026-01-06,Unpaid,,Net 15,Matched
INV002224,PO001808,V00306,7679.63,2024-05-30,Paid Late,2024-06-21,Net 15,Price Variance
INV002225,PO003411,V00394,12022.96,2025-05-28,Paid,2025-07-13,Net 45,Matched
INV002226,PO001703,V00157,20112.91,2024-06-24,Paid,2024-07-14,Net 15,Matched
INV002227,PO001794,V00191,6158.95,2025-11-15,Paid,2025-11-28,Net 15,Price Variance
INV002228,PO005266,V00066,52706.77,2024-10-10,Paid Late,2024-12-17,Net 60,Matched
INV002229,PO000922,V00211,5160.28,2025-12-12,Unpaid,,Net 45,Matched
INV002230,PO002204,V00300,10440.86,2024-09-23,Paid,2024-10-19,Net 30,Price Variance
INV002231,PO000601,V00007,11409.1,2024-05-15,Paid Late,2024-06-12,Net 15,Matched
INV002232,PO001429,V00077,7084.46,2024-06-24,Paid,2024-08-11,Net 60,Price Variance
INV002233,PO003635,V00379,10386.49,2024-07-29,Paid Late,2024-09-05,Net 30,Matched
INV002234,PO003623,V00368,9476.15,2024-01-30,Paid,2024-02-14,Net 15,Matched
INV002235,PO001107,V00448,247327.28,2024-12-28,Paid Late,2025-01-22,Net 15,Matched
INV002236,PO001262,V00284,26426.43,2025-07-08,Paid,2025-08-15,Net 45,Price Variance
INV002237,PO002299,V00323,4180.21,2025-08-16,Paid,2025-09-04,Net 15,Matched
INV002238,PO000210,V00158,1813.39,2025-09-11,Paid,2025-10-21,Net 45,Missing Receipt
INV002239,PO000940,V00168,10385.54,2025-08-07,Paid,2025-08-13,Net 15,Matched
INV002240,PO000498,V00235,1415.53,2024-06-09,Paid,2024-07-08,Net 30,Price Variance
INV002241,PO000582,V00098,25926.97,2025-08-16,Paid,2025-09-24,Net 45,Price Variance
INV002242,PO005262,V00368,1568.81,2024-12-03,Paid,2024-12-29,Net 30,Matched
INV002243,PO002744,V00469,58492.11,2025-03-15,Paid Late,2025-05-25,Net 60,Matched
INV002244,PO004933,V00267,7495.06,2024-07-26,Paid,2024-09-29,Net 60,Matched
INV002245,PO001082,V00227,7867.61,2024-12-03,Paid,2025-01-05,Net 30,Matched
INV002246,PO001576,V00361,6317.02,2025-10-31,Paid,2025-11-15,Net 15,Matched
INV002247,PO003602,V00348,14991.8,2024-04-04,Paid,2024-05-15,Net 45,Matched
INV002248,PO004723,V00076,967.78,2025-05-02,Paid,2025-06-16,Net 45,Price Variance
INV002249,PO002350,V00368,48736.23,2025-05-15,Paid,2025-05-27,Net 15,Matched
INV002250,PO005051,V00485,21382.74,2025-06-30,Paid Late,2025-08-12,Net 30,Matched
INV002251,PO004585,V00226,14796.25,2024-04-01,Paid,2024-04-07,Net 15,Matched
INV002252,PO001687,V00403,43478.28,2024-03-28,Paid,2024-04-28,Net 30,Matched
INV002253,PO001854,V00071,862.61,2025-09-05,Paid,2025-10-17,Net 45,Matched
INV002254,PO004472,V00228,15913.39,2025-11-11,Paid,2025-12-19,Net 45,Matched
INV002255,PO002279,V00234,5965.72,2025-11-26,Unpaid,,Net 45,Matched
INV002256,PO002640,V00368,9404.22,2025-12-24,Unpaid,,Net 15,Matched
INV002257,PO004912,V00440,2994.23,2024-06-28,Paid,2024-07-06,Net 15,Matched
INV002258,PO000504,V00452,2444.15,2024-07-05,Paid,2024-08-09,Net 30,Missing Receipt
INV002259,PO000328,V00251,19880.39,2024-12-17,Paid,2025-01-27,Net 45,Matched
INV002260,PO002028,V00238,99200.39,2024-05-02,Paid Late,2024-05-27,Net 15,Matched
INV002261,PO005292,V00367,9088.19,2024-02-28,Paid,2024-04-22,Net 60,Matched
INV002262,PO005145,V00341,1267.89,2024-08-08,Paid,2024-08-24,Net 15,Matched
INV002263,PO003922,V00403,30642.73,2025-12-30,Unpaid,,Net 45,Matched
INV002264,PO003426,V00461,5906.22,2025-06-13,Paid,2025-07-08,Net 30,Matched
INV002265,PO003706,V00433,4106.69,2025-12-23,Unpaid,,Net 15,Matched
INV002266,PO000157,V00138,5365.45,2025-09-26,Paid,2025-10-15,Net 15,Missing Receipt
INV002267,PO003925,V00068,36940.01,2024-11-17,Paid,2025-01-03,Net 45,Matched
INV002268,PO000260,V00293,31015.53,2025-09-22,Paid,2025-09-27,Net 15,Matched
INV002269,PO000170,V00042,28404.57,2025-10-16,Paid,2025-12-15,Net 60,Matched
INV002270,PO003849,V00368,12715.83,2025-07-29,Paid,2025-09-16,Net 45,Matched
INV002271,PO005470,V00186,45404.96,2025-01-08,Paid,2025-02-10,Net 30,Matched
INV002272,PO004094,V00151,25393.81,2024-07-24,Paid,2024-08-07,Net 15,Matched
INV002273,PO004188,V00024,38881.34,2025-07-14,Paid,2025-08-08,Net 30,Matched
INV002274,PO003501,V00430,27135.58,2024-11-18,Paid,2024-12-04,Net 15,Matched
INV002275,PO003725,V00003,16651.19,2025-09-09,Paid,2025-09-30,Net 30,Matched
INV002276,PO004806,V00403,79134.88,2025-02-09,Paid,2025-03-08,Net 30,Matched
INV002277,PO004109,V00354,26001.78,2024-07-01,Paid,2024-08-16,Net 45,Matched
INV002278,PO004263,V00403,5688.13,2025-07-23,Paid,2025-09-13,Net 60,Price Variance
INV002279,PO004679,V00300,6421.3,2025-05-29,Paid Late,2025-06-19,Net 15,Matched
INV002280,PO001578,V00069,8026.19,2025-09-09,Paid,2025-10-24,Net 60,Matched
INV002281,PO003191,V00158,5406.86,2024-09-27,Paid,2024-11-27,Net 60,Matched
INV002282,PO002304,V00287,37171.63,2025-11-12,Unpaid,,Net 60,Missing Receipt
INV002283,PO004740,V00454,25659.4,2025-10-09,Paid,2025-10-14,Net 15,Matched
INV002284,PO003380,V00471,1893.69,2024-10-18,Paid,2024-10-29,Net 15,Matched
INV002285,PO000716,V00376,3618.17,2024-12-25,Paid Late,2025-02-18,Net 45,Price Variance
INV002286,PO003896,V00235,5897.97,2025-04-20,Paid,2025-05-17,Net 30,Matched
INV002287,PO004044,V00308,2233.54,2025-04-19,Paid,2025-06-22,Net 60,Matched
INV002288,PO002654,V00442,2774.04,2024-11-11,Paid Late,2025-01-03,Net 45,Matched
INV002289,PO004462,V00368,19101.74,2025-04-03,Paid,2025-05-22,Net 45,Matched
INV002290,PO005288,V00110,2650.67,2025-10-29,Unpaid,,Net 60,Matched
INV002291,PO003788,V00471,2594.0,2025-09-07,Paid,2025-11-05,Net 60,Missing Receipt
INV002292,PO004231,V00145,27173.19,2024-12-23,Paid,2025-01-05,Net 15,Missing Receipt
INV002293,PO000605,V00429,4838.48,2025-11-16,Paid Late,2025-12-09,Net 15,Matched
INV002294,PO001159,V00169,557746.03,2024-11-09,Paid,2024-12-13,Net 30,Matched
INV002295,PO003594,V00030,16603.69,2024-12-01,Paid,2025-01-18,Net 45,Matched
INV002296,PO000150,V00368,23192.63,2024-04-12,Paid,2024-05-01,Net 15,Matched
INV002297,PO002017,V00403,51715.97,2025-01-10,Paid Late,2025-03-22,Net 60,Matched
INV002298,PO004352,V00454,31169.07,2025-01-11,Paid,2025-02-23,Net 45,Matched
INV002299,PO005446,V00461,6452.71,2024-05-16,Paid,2024-07-16,Net 60,Matched
INV002300,PO003614,V00339,7248.8,2025-06-23,Paid Late,2025-08-28,Net 60,Missing Receipt
INV002301,PO003108,V00284,44279.09,2025-05-22,Paid,2025-07-09,Net 60,Matched
INV002302,PO003854,V00275,13280.12,2025-11-09,Unpaid,,Net 60,Matched
INV002303,PO000224,V00323,7424.06,2024-03-23,Paid Late,2024-04-28,Net 30,Price Variance
INV002304,PO000038,V00494,1037.84,2025-09-19,Paid Late,2025-10-13,Net 15,Matched
INV002305,PO003744,V00357,2670.34,2024-02-25,Paid,2024-03-12,Net 15,Matched
INV002306,PO003617,V00169,11302.35,2024-06-17,Paid Late,2024-07-09,Net 15,Matched
INV002307,PO001043,V00256,5660.81,2025-12-09,Paid,2025-12-25,Net 15,Matched
INV002308,PO002094,V00342,1577.24,2024-09-02,Paid,2024-09-09,Net 15,Matched
INV002309,PO002789,V00148,9412.34,2025-12-31,Unpaid,,Net 45,Matched
INV002310,PO003750,V00422,5963.15,2025-01-09,Paid,2025-03-02,Net 60,Matched
INV002311,PO002402,V00311,9875.57,2025-04-14,Paid,2025-06-13,Net 60,Missing Receipt
INV002312,PO001054,V00290,23252.59,2024-08-29,Paid Late,2024-10-28,Net 30,Matched
INV002313,PO002578,V00368,35455.19,2024-06-14,Paid,2024-07-05,Net 30,Matched
INV002314,PO000676,V00001,9232.45,2025-06-14,Paid,2025-07-26,Net 60,Matched
INV002315,PO003082,V00376,18796.95,2024-04-19,Paid,2024-06-07,Net 45,Matched
INV002316,PO003835,V00363,38051.71,2025-02-23,Paid,2025-03-25,Net 30,Matched
INV002317,PO003480,V00302,4418.72,2025-10-26,Paid,2025-11-29,Net 30,Matched
INV002318,PO000916,V00382,4804.17,2025-03-02,Paid,2025-04-03,Net 45,Matched
INV002319,PO000253,V00403,7737.53,2025-03-27,Paid,2025-05-07,Net 45,Matched
INV002320,PO001111,V00288,4650.93,2025-12-08,Unpaid,,Net 45,Matched
INV002321,PO003940,V00117,61146.31,2025-10-05,Paid,2025-11-09,Net 30,Matched
INV002322,PO004911,V00056,13131.62,2025-02-03,Paid,2025-02-08,Net 15,Matched
INV002323,PO003644,V00396,29052.12,2025-09-03,Paid,2025-10-06,Net 30,Matched
INV002324,PO002442,V00480,20050.99,2024-12-11,Paid,2025-01-28,Net 45,Matched
INV002325,PO000885,V00348,20145.48,2024-04-11,Paid Late,2024-06-22,Net 60,Matched
INV002326,PO002112,V00398,2767.61,2025-03-10,Paid,2025-03-15,Net 15,Matched
INV002327,PO002566,V00368,38175.84,2024-05-22,Paid,2024-07-08,Net 45,Matched
INV002328,PO003996,V00211,2845.07,2025-10-29,Paid,2025-12-23,Net 60,Matched
INV002329,PO004310,V00347,12043.27,2025-07-12,Paid,2025-07-29,Net 15,Matched
INV002330,PO002084,V00366,3212.83,2025-11-21,Paid,2025-12-09,Net 15,Matched
INV002331,PO003152,V00251,24249.51,2025-10-07,Paid,2025-11-18,Net 45,Matched
INV002332,PO003271,V00204,2898.13,2025-06-26,Paid Late,2025-08-17,Net 45,Matched
INV002333,PO003946,V00234,632.65,2025-01-10,Paid,2025-02-14,Net 45,Matched
INV002334,PO003533,V00450,23343.73,2024-05-30,Paid Late,2024-08-06,Net 60,Matched
INV002335,PO004440,V00433,2370.2,2024-03-23,Paid,2024-05-19,Net 60,Matched
INV002336,PO000661,V00266,1233.93,2025-06-28,Paid,2025-07-28,Net 30,Price Variance
INV002337,PO003098,V00071,536.04,2025-06-21,Paid,2025-07-20,Net 30,Matched
INV002338,PO001974,V00250,9314.69,2024-10-30,Paid,2024-12-17,Net 45,Matched
INV002339,PO004619,V00335,11051.21,2025-10-19,Paid,2025-11-09,Net 30,Price Variance
INV002340,PO001977,V00172,13482.11,2025-10-23,Paid Late,2025-12-13,Net 45,Matched
INV002341,PO000353,V00403,95117.07,2026-01-23,Unpaid,,Net 45,Matched
INV002342,PO000777,V00391,5908.79,2025-10-07,Paid Late,2025-11-27,Net 45,Matched
INV002343,PO001127,V00368,2871.92,2024-06-14,Paid Late,2024-07-09,Net 15,Matched
INV002344,PO004842,V00252,7407.54,2024-04-24,Paid,2024-05-18,Net 30,Price Variance
INV002345,PO003174,V00276,6894.73,2024-12-14,Paid,2025-01-19,Net 45,Matched
INV002346,PO000895,V00368,10936.84,2025-03-19,Paid,2025-04-08,Net 30,Matched
INV002347,PO001976,V00141,74501.72,2025-06-30,Paid,2025-08-28,Net 60,Matched
INV002348,PO002095,V00407,7742.27,2025-08-11,Paid,2025-08-22,Net 15,Missing Receipt
INV002349,PO003570,V00105,8638.98,2025-09-01,Paid,2025-10-10,Net 45,Matched
INV002350,PO004057,V00032,23914.66,2025-12-21,Unpaid,,Net 60,Matched
INV002351,PO005115,V00210,23349.3,2024-10-23,Paid,2024-12-21,Net 60,Matched
INV002352,PO001382,V00488,10818.64,2025-09-21,Paid Late,2025-11-18,Net 45,Matched
INV002353,PO004627,V00403,23684.09,2025-03-27,Paid,2025-05-08,Net 45,Missing Receipt
INV002354,PO001938,V00353,31464.98,2024-02-19,Paid,2024-03-01,Net 15,Matched
INV002355,PO004371,V00473,26834.17,2024-12-10,Paid,2024-12-22,Net 15,Matched
INV002356,PO005276,V00466,6021.79,2024-03-11,Paid,2024-03-22,Net 15,Matched
INV002357,PO003470,V00404,4105.58,2024-06-16,Paid,2024-07-21,Net 30,Matched
INV002358,PO004660,V00179,10118.39,2024-03-17,Paid,2024-03-24,Net 15,Matched
INV002359,PO005467,V00368,45756.97,2025-12-27,Unpaid,,Net 45,Missing Receipt
INV002360,PO004830,V00102,2793.35,2025-02-21,Paid,2025-03-31,Net 45,Matched
INV002361,PO001074,V00363,10464.92,2024-06-25,Paid,2024-08-16,Net 60,Matched
INV002362,PO004825,V00032,19494.5,2024-10-16,Paid,2024-12-05,Net 60,Matched
INV002363,PO001142,V00239,15659.29,2024-12-18,Paid,2025-02-06,Net 45,Matched
INV002364,PO002925,V00077,7655.21,2025-01-02,Paid,2025-02-13,Net 45,Matched
INV002365,PO003606,V00191,22440.37,2024-11-14,Paid,2024-12-26,Net 45,Matched
INV002366,PO000768,V00004,16139.64,2024-10-18,Paid,2024-10-23,Net 15,Matched
INV002367,PO000119,V00185,66088.19,2025-07-12,Paid,2025-08-22,Net 45,Matched
INV002368,PO001981,V00196,6164.61,2025-12-25,Unpaid,,Net 15,Matched
INV002369,PO004531,V00471,12319.6,2024-10-07,Paid,2024-10-14,Net 15,Matched
INV002370,PO001395,V00500,82371.84,2025-10-19,Paid,2025-11-16,Net 30,Matched
INV002371,PO005057,V00248,4912.49,2024-10-02,Paid Late,2024-10-27,Net 15,Price Variance
INV002372,PO005035,V00443,11101.49,2024-03-12,Paid,2024-03-21,Net 15,Matched
INV002373,PO001185,V00165,23138.42,2026-01-05,Unpaid,,Net 30,Matched
INV002374,PO000491,V00185,24558.79,2025-10-15,Paid,2025-11-17,Net 30,Matched
INV002375,PO003102,V00368,38316.59,2025-09-07,Paid,2025-11-06,Net 60,Matched
INV002376,PO003010,V00007,9801.57,2026-01-07,Unpaid,,Net 45,Matched
INV002377,PO001439,V00046,8397.97,2025-12-27,Unpaid,,Net 15,Matched
INV002378,PO001258,V00368,9452.13,2025-12-13,Unpaid,,Net 15,Matched
INV002379,PO001390,V00410,27753.63,2026-01-09,Unpaid,,Net 45,Price Variance
INV002380,PO000279,V00322,55328.27,2024-04-21,Paid,2024-05-18,Net 30,Price Variance
INV002381,PO000248,V00041,8626.31,2025-09-19,Paid,2025-10-14,Net 30,Price Variance
INV002382,PO002302,V00452,1258.74,2024-12-08,Paid,2025-01-14,Net 45,Matched
INV002383,PO000672,V00368,14768.88,2025-05-05,Paid,2025-05-10,Net 15,Missing Receipt
INV002384,PO001985,V00278,12871.41,2024-04-29,Paid Late,2024-06-12,Net 30,Matched
INV002385,PO001684,V00486,3022.98,2025-01-30,Paid,2025-02-27,Net 30,Missing Receipt
INV002386,PO004527,V00134,40377.54,2025-02-05,Paid Late,2025-02-27,Net 15,Matched
INV002387,PO001950,V00417,9558.94,2025-08-19,Paid Late,2025-10-25,Net 60,Missing Receipt
INV002388,PO000488,V00038,5691.61,2025-10-29,Paid,2025-12-01,Net 45,Matched
INV002389,PO002704,V00137,4896.79,2025-11-15,Paid Late,2025-12-15,Net 15,Matched
INV002390,PO004884,V00465,4262.44,2025-07-11,Paid,2025-08-12,Net 30,Matched
INV002391,PO003024,V00492,27481.25,2024-12-28,Paid,2025-01-21,Net 30,Matched
INV002392,PO002809,V00125,9644.08,2025-04-21,Paid Late,2025-05-27,Net 30,Price Variance
INV002393,PO000468,V00361,4067.79,2024-06-14,Paid,2024-08-10,Net 60,Price Variance
INV002394,PO001272,V00054,5499.0,2024-08-14,Paid,2024-09-16,Net 30,Matched
INV002395,PO001821,V00242,889.67,2025-11-23,Unpaid,,Net 45,Matched
INV002396,PO004216,V00110,186538.87,2025-07-08,Paid,2025-08-15,Net 45,Matched
INV002397,PO003605,V00408,570.68,2024-03-31,Paid,2024-05-03,Net 45,Matched
INV002398,PO003211,V00403,22004.46,2024-06-23,Paid,2024-07-27,Net 30,Matched
INV002399,PO003319,V00112,17220.62,2024-11-14,Paid,2025-01-03,Net 45,Matched
INV002400,PO004230,V00411,3498.43,2024-05-24,Paid,2024-06-01,Net 30,Matched
INV002401,PO002229,V00445,18922.91,2025-08-02,Paid,2025-08-07,Net 15,Matched
INV002402,PO001188,V00126,35397.33,2025-11-04,Paid,2025-12-22,Net 45,Matched
INV002403,PO001223,V00169,171954.01,2024-12-12,Paid,2025-01-08,Net 30,Matched
INV002404,PO000077,V00438,12414.71,2024-10-07,Paid,2024-10-30,Net 30,Missing Receipt
INV002405,PO002902,V00282,46410.16,2024-05-03,Paid,2024-05-08,Net 15,Price Variance
INV002406,PO004695,V00322,22949.68,2024-05-21,Paid,2024-06-14,Net 30,Matched
INV002407,PO003934,V00101,8628.57,2025-01-28,Paid,2025-02-26,Net 30,Matched
INV002408,PO002567,V00326,9393.26,2025-12-04,Paid,2025-12-10,Net 15,Price Variance
INV002409,PO003252,V00423,12207.96,2025-11-02,Paid,2025-11-21,Net 15,Matched
INV002410,PO005147,V00005,30778.82,2025-04-21,Paid Late,2025-05-28,Net 30,Matched
INV002411,PO001499,V00199,18632.64,2024-12-06,Paid Late,2025-02-08,Net 30,Matched
INV002412,PO003931,V00424,103783.04,2025-12-27,Unpaid,,Net 60,Matched
INV002413,PO002103,V00387,6137.44,2025-04-14,Paid,2025-05-29,Net 45,Matched
INV002414,PO001176,V00097,4854.62,2025-06-20,Paid,2025-07-10,Net 15,Matched
INV002415,PO004841,V00159,61055.28,2024-12-28,Paid,2025-03-01,Net 60,Matched
INV002416,PO000428,V00041,9909.41,2025-11-24,Unpaid,,Net 45,Matched
INV002417,PO004818,V00128,12091.33,2024-05-22,Paid,2024-05-30,Net 15,Missing Receipt
INV002418,PO000643,V00353,5093.97,2024-08-21,Paid Late,2024-10-26,Net 60,Missing Receipt
INV002419,PO003504,V00179,5285.52,2024-12-08,Paid,2025-01-01,Net 30,Matched
INV002420,PO003137,V00424,20463.49,2025-10-04,Paid,2025-12-06,Net 60,Matched
INV002421,PO001099,V00368,5259.03,2025-08-26,Paid,2025-09-25,Net 30,Matched
INV002422,PO001450,V00479,6028.44,2024-10-09,Paid,2024-10-23,Net 15,Matched
INV002423,PO003401,V00494,2398.34,2025-11-26,Paid,2025-12-07,Net 15,Matched
INV002424,PO001501,V00181,255.37,2025-11-03,Paid Late,2025-12-24,Net 45,Matched
INV002425,PO005124,V00222,3920.99,2025-10-16,Paid,2025-12-06,Net 60,Matched
INV002426,PO004635,V00115,5997.69,2024-07-07,Paid,2024-08-24,Net 45,Matched
INV002427,PO000487,V00282,18608.2,2024-02-18,Paid,2024-03-22,Net 30,Matched
INV002428,PO002091,V00370,4754.77,2025-09-20,Paid,2025-10-16,Net 30,Matched
INV002429,PO002603,V00464,7256.01,2024-11-28,Paid,2024-12-17,Net 15,Matched
INV002430,PO001647,V00368,7935.92,2025-11-29,Unpaid,,Net 45,Missing Receipt
INV002431,PO000508,V00080,19769.97,2025-10-11,Paid,2025-12-02,Net 60,Matched
INV002432,PO000222,V00485,1128.35,2025-02-19,Paid,2025-04-06,Net 45,Matched
INV002433,PO005004,V00300,5940.53,2025-01-16,Paid,2025-02-25,Net 45,Matched
INV002434,PO001678,V00060,20698.46,2025-11-12,Paid,2025-12-08,Net 30,Matched
INV002435,PO001298,V00007,23191.05,2024-03-24,Paid,2024-05-05,Net 45,Matched
INV002436,PO001473,V00275,17812.29,2025-10-03,Paid Late,2025-10-30,Net 15,Matched
INV002437,PO005139,V00233,29748.08,2024-05-22,Paid,2024-06-06,Net 15,Matched
INV002438,PO003311,V00031,10242.44,2025-12-15,Unpaid,,Net 45,Matched
INV002439,PO000996,V00169,245355.61,2024-02-26,Paid,2024-04-10,Net 45,Matched
INV002440,PO001521,V00415,9347.32,2025-06-17,Paid,2025-08-12,Net 60,Matched
INV002441,PO004264,V00182,1092.98,2024-05-26,Paid,2024-06-28,Net 45,Matched
INV002442,PO005081,V00326,3717.67,2024-07-02,Paid Late,2024-08-10,Net 30,Matched
INV002443,PO004269,V00233,12168.86,2024-08-19,Paid,2024-08-24,Net 15,Missing Receipt
INV002444,PO005226,V00034,48851.43,2024-11-06,Paid,2024-12-20,Net 45,Price Variance
INV002445,PO002846,V00434,3339.33,2024-12-07,Paid,2024-12-27,Net 15,Matched
INV002446,PO005476,V00208,16157.7,2025-11-10,Paid Late,2025-12-23,Net 30,Matched
INV002447,PO001823,V00267,23995.47,2025-10-24,Paid,2025-10-29,Net 15,Matched
INV002448,PO002994,V00335,36988.49,2025-03-22,Paid Late,2025-04-13,Net 15,Missing Receipt
INV002449,PO000034,V00207,41502.01,2025-12-05,Paid,2025-12-19,Net 15,Matched
INV002450,PO005153,V00228,49704.62,2025-10-07,Paid,2025-11-04,Net 45,Missing Receipt
INV002451,PO003702,V00403,42336.01,2025-12-03,Paid,2025-12-30,Net 30,Matched
INV002452,PO003795,V00488,61119.17,2025-03-24,Paid Late,2025-04-25,Net 15,Matched
INV002453,PO004194,V00062,8966.05,2025-07-21,Paid,2025-08-31,Net 60,Missing Receipt
INV002454,PO001339,V00227,5274.87,2025-01-01,Paid,2025-02-23,Net 60,Price Variance
INV002455,PO004924,V00291,4538.67,2024-10-15,Paid,2024-12-06,Net 60,Matched
INV002456,PO001434,V00121,22058.35,2025-07-04,Paid,2025-08-04,Net 45,Matched
INV002457,PO003592,V00016,22964.25,2024-10-19,Paid Late,2024-11-12,Net 15,Matched
INV002458,PO004552,V00368,3753.47,2025-10-29,Paid,2025-12-12,Net 45,Missing Receipt
INV002459,PO005439,V00043,18014.53,2024-08-24,Paid,2024-09-17,Net 30,Matched
INV002460,PO000571,V00180,2610.22,2024-11-05,Paid,2024-12-17,Net 45,Price Variance
INV002461,PO004182,V00010,15394.04,2024-11-30,Paid Late,2024-12-24,Net 15,Matched
INV002462,PO004553,V00169,119463.4,2024-06-04,Paid Late,2024-08-11,Net 60,Matched
INV002463,PO004014,V00378,17191.66,2024-12-13,Paid,2025-01-13,Net 30,Missing Receipt
INV002464,PO003441,V00078,23850.79,2024-09-09,Paid,2024-09-25,Net 15,Matched
INV002465,PO004714,V00120,12273.52,2024-07-15,Paid,2024-08-19,Net 45,Price Variance
INV002466,PO001432,V00368,30997.67,2025-12-05,Unpaid,,Net 45,Matched
INV002467,PO004687,V00273,11104.94,2024-09-15,Paid,2024-10-31,Net 60,Matched
INV002468,PO003540,V00245,12555.86,2024-12-20,Paid,2025-01-01,Net 15,Matched
INV002469,PO005349,V00465,66209.93,2026-01-05,Unpaid,,Net 30,Matched
INV002470,PO002015,V00403,6250.66,2024-11-10,Paid,2024-12-13,Net 45,Matched
INV002471,PO002919,V00382,17840.48,2025-11-04,Paid,2025-11-27,Net 30,Price Variance
INV002472,PO001431,V00422,25315.0,2024-08-19,Paid Late,2024-11-01,Net 60,Matched
INV002473,PO003625,V00403,6260.69,2025-03-04,Paid,2025-04-04,Net 45,Matched
INV002474,PO000855,V00225,46324.86,2025-10-26,Paid,2025-11-11,Net 15,Matched
INV002475,PO002801,V00117,4518.71,2025-03-27,Paid,2025-05-27,Net 60,Matched
INV002476,PO004418,V00268,18444.33,2025-09-14,Paid Late,2025-10-08,Net 15,Matched
INV002477,PO003694,V00062,4137.96,2025-01-02,Paid,2025-01-19,Net 15,Matched
INV002478,PO002478,V00259,37619.05,2025-06-14,Paid,2025-07-19,Net 30,Matched
INV002479,PO003879,V00490,9445.93,2025-01-19,Paid,2025-03-25,Net 60,Matched
INV002480,PO002707,V00430,18827.45,2024-08-12,Paid Late,2024-09-02,Net 15,Matched
INV002481,PO002152,V00456,4668.79,2025-02-20,Paid,2025-04-03,Net 45,Matched
INV002482,PO004226,V00194,31995.18,2024-10-23,Paid Late,2024-12-05,Net 30,Matched
INV002483,PO001540,V00332,4714.79,2025-06-22,Paid,2025-07-22,Net 45,Matched
INV002484,PO002912,V00238,29223.61,2025-01-16,Paid,2025-01-25,Net 15,Matched
INV002485,PO005431,V00368,7830.71,2025-04-28,Paid,2025-06-22,Net 60,Matched
INV002486,PO000196,V00375,4154.04,2025-12-05,Unpaid,,Net 45,Price Variance
INV002487,PO004973,V00374,9290.32,2025-05-02,Paid,2025-06-06,Net 45,Matched
INV002488,PO002035,V00071,877.97,2024-09-12,Paid,2024-10-04,Net 30,Matched
INV002489,PO000527,V00324,36776.84,2025-03-25,Paid,2025-04-28,Net 45,Missing Receipt
INV002490,PO001263,V00323,1482.15,2025-09-25,Paid,2025-10-29,Net 30,Missing Receipt
INV002491,PO002465,V00226,29448.23,2024-12-09,Paid,2024-12-16,Net 15,Missing Receipt
INV002492,PO001496,V00119,17166.15,2024-06-19,Paid,2024-07-20,Net 30,Matched
INV002493,PO003287,V00037,3781.5,2025-02-16,Paid,2025-03-05,Net 15,Matched
INV002494,PO004638,V00418,18521.28,2025-02-12,Paid,2025-03-17,Net 30,Matched
INV002495,PO003662,V00248,8061.76,2024-04-28,Paid,2024-05-03,Net 15,Matched
INV002496,PO000537,V00471,6864.23,2025-11-08,Paid Late,2025-12-14,Net 30,Matched
INV002497,PO003525,V00449,2797.22,2025-05-20,Paid,2025-06-22,Net 30,Matched
INV002498,PO000515,V00168,4879.51,2025-08-14,Paid,2025-10-01,Net 45,Matched
INV002499,PO003763,V00228,22468.35,2024-06-21,Paid Late,2024-08-12,Net 45,Missing Receipt
INV002500,PO004624,V00494,10676.55,2025-10-21,Paid,2025-11-23,Net 30,Matched
INV002501,PO001083,V00403,5560.06,2024-07-11,Paid,2024-08-02,Net 30,Matched
INV002502,PO003766,V00403,24885.05,2025-01-06,Paid,2025-02-11,Net 45,Matched
INV002503,PO000014,V00485,40432.03,2025-11-30,Unpaid,,Net 60,Matched
INV002504,PO004396,V00178,89078.76,2024-04-24,Paid,2024-06-21,Net 60,Price Variance
INV002505,PO003187,V00140,4401.44,2025-02-13,Paid Late,2025-05-02,Net 60,Matched
INV002506,PO002764,V00462,3756.45,2024-10-24,Paid,2024-11-24,Net 30,Matched
INV002507,PO001211,V00159,6249.97,2025-04-10,Paid Late,2025-05-02,Net 15,Matched
INV002508,PO005065,V00380,7524.82,2024-01-20,Paid,2024-02-19,Net 30,Matched
INV002509,PO000146,V00221,14937.86,2025-08-14,Paid,2025-08-20,Net 15,Price Variance
INV002510,PO000199,V00178,4706.25,2024-12-11,Paid Late,2025-02-08,Net 45,Matched
INV002511,PO003555,V00300,3562.79,2025-09-24,Paid,2025-11-06,Net 45,Matched
INV002512,PO004833,V00111,5519.43,2024-08-28,Paid Late,2024-10-04,Net 30,Matched
INV002513,PO005320,V00291,767.97,2025-12-02,Paid,2025-12-16,Net 15,Matched
INV002514,PO003402,V00169,79428.35,2024-12-16,Paid,2025-01-13,Net 30,Matched
INV002515,PO002871,V00249,10619.85,2024-11-06,Paid Late,2025-01-04,Net 15,Matched
INV002516,PO004001,V00399,15762.16,2024-02-07,Paid,2024-02-23,Net 15,Matched
INV002517,PO004361,V00491,6825.32,2025-12-05,Paid,2025-12-22,Net 30,Matched
INV002518,PO002916,V00080,70392.22,2025-10-06,Paid,2025-10-31,Net 30,Matched
INV002519,PO003919,V00462,1798.95,2025-02-21,Paid,2025-04-27,Net 60,Matched
INV002520,PO002821,V00423,40205.87,2025-04-09,Paid Late,2025-05-19,Net 30,Matched
INV002521,PO002501,V00052,27089.15,2025-08-25,Paid,2025-09-20,Net 30,Matched
INV002522,PO000771,V00200,51736.89,2024-05-05,Paid,2024-05-15,Net 15,Matched
INV002523,PO002807,V00220,30081.52,2026-01-24,Unpaid,,Net 45,Missing Receipt
INV002524,PO003372,V00071,3250.13,2024-12-31,Paid Late,2025-01-23,Net 15,Matched
INV002525,PO001935,V00359,1535.45,2025-11-08,Paid,2025-11-20,Net 15,Matched
INV002526,PO005299,V00001,9830.6,2024-12-29,Paid Late,2025-03-07,Net 60,Matched
INV002527,PO001448,V00056,3752.74,2025-04-12,Paid,2025-05-14,Net 30,Matched
INV002528,PO001702,V00455,5150.51,2025-10-18,Paid Late,2025-11-13,Net 15,Matched
INV002529,PO003312,V00318,5097.76,2024-05-08,Paid,2024-05-13,Net 15,Matched
INV002530,PO000627,V00198,17542.47,2025-09-07,Paid,2025-10-22,Net 60,Matched
INV002531,PO001408,V00494,3642.08,2025-01-29,Paid Late,2025-03-10,Net 30,Matched
INV002532,PO004017,V00471,14230.67,2025-09-22,Paid,2025-11-16,Net 60,Matched
INV002533,PO000709,V00456,33947.35,2025-10-04,Paid Late,2025-12-10,Net 60,Matched
INV002534,PO003075,V00368,11094.3,2025-11-18,Unpaid,,Net 45,Matched
INV002535,PO003979,V00359,7253.98,2024-07-20,Paid Late,2024-08-11,Net 15,Missing Receipt
INV002536,PO002555,V00475,2334.66,2025-09-29,Paid,2025-12-01,Net 60,Matched
INV002537,PO004337,V00259,4039.69,2024-03-10,Paid Late,2024-05-16,Net 60,Matched
INV002538,PO002210,V00475,10823.84,2025-03-04,Paid,2025-05-07,Net 60,Price Variance
INV002539,PO001822,V00037,24052.0,2025-03-17,Paid,2025-04-19,Net 30,Matched
INV002540,PO003652,V00368,4092.99,2024-10-30,Paid,2024-12-29,Net 60,Matched
INV002541,PO002519,V00360,9389.04,2024-07-10,Paid,2024-09-07,Net 60,Matched
INV002542,PO005093,V00109,3282.27,2024-05-26,Paid,2024-07-08,Net 45,Missing Receipt
INV002543,PO002972,V00485,7406.63,2024-04-01,Paid Late,2024-05-22,Net 45,Matched
INV002544,PO003237,V00456,24195.78,2024-09-12,Paid,2024-10-13,Net 30,Matched
INV002545,PO001256,V00066,7330.09,2025-12-03,Unpaid,,Net 30,Missing Receipt
INV002546,PO003005,V00368,10684.93,2024-02-02,Paid,2024-03-11,Net 60,Matched
INV002547,PO005263,V00411,17714.75,2025-06-09,Paid Late,2025-08-01,Net 45,Matched
INV002548,PO001895,V00066,30584.23,2025-06-26,Paid,2025-07-29,Net 30,Matched
INV002549,PO004012,V00372,30838.46,2025-01-29,Paid,2025-04-02,Net 60,Matched
INV002550,PO004860,V00051,11882.48,2024-09-06,Paid,2024-10-19,Net 45,Matched
INV002551,PO003289,V00372,6990.1,2024-09-20,Paid,2024-11-01,Net 45,Matched
INV002552,PO004991,V00147,5586.34,2025-04-24,Paid,2025-06-03,Net 45,Missing Receipt
INV002553,PO001585,V00452,2979.04,2025-01-27,Paid,2025-02-25,Net 30,Matched
INV002554,PO002858,V00295,8065.02,2025-04-21,Paid,2025-05-14,Net 30,Matched
INV002555,PO003696,V00425,16339.66,2026-01-03,Unpaid,,Net 15,Matched
INV002556,PO000923,V00368,19827.68,2024-07-02,Paid,2024-08-11,Net 45,Matched
INV002557,PO001993,V00069,10512.21,2025-02-19,Paid,2025-03-14,Net 30,Matched
INV002558,PO005285,V00155,8884.31,2025-02-05,Paid,2025-03-26,Net 45,Matched
INV002559,PO005336,V00416,21335.44,2024-03-06,Paid,2024-04-14,Net 45,Missing Receipt
INV002560,PO005356,V00267,18407.66,2025-07-24,Paid,2025-08-16,Net 30,Missing Receipt
INV002561,PO003216,V00405,7060.92,2025-11-02,Paid,2025-12-15,Net 45,Matched
INV002562,PO004475,V00042,21733.98,2024-07-07,Paid Late,2024-09-13,Net 60,Matched
INV002563,PO002672,V00434,800.46,2024-03-19,Paid,2024-04-21,Net 30,Matched
INV002564,PO005398,V00368,19337.02,2025-11-04,Paid,2025-12-28,Net 60,Matched
INV002565,PO000203,V00181,2528.92,2025-11-05,Paid,2025-11-30,Net 30,Matched
INV002566,PO000113,V00307,6473.16,2024-06-22,Paid,2024-07-23,Net 30,Matched
INV002567,PO003100,V00039,5157.36,2025-11-11,Paid,2025-11-21,Net 15,Matched
INV002568,PO001103,V00330,22668.43,2026-01-01,Unpaid,,Net 45,Matched
INV002569,PO001988,V00368,25409.89,2025-04-02,Paid,2025-06-05,Net 60,Matched
INV002570,PO002796,V00288,13859.07,2024-10-22,Paid,2024-11-05,Net 30,Matched
INV002571,PO005346,V00407,3562.82,2025-11-30,Paid,2025-12-31,Net 30,Missing Receipt
INV002572,PO004186,V00235,8385.97,2024-11-19,Paid,2024-12-27,Net 45,Missing Receipt
INV002573,PO004518,V00353,54172.11,2025-12-09,Paid,2025-12-19,Net 15,Price Variance
INV002574,PO002075,V00187,11712.51,2024-03-13,Paid,2024-04-14,Net 30,Matched
INV002575,PO002802,V00104,11040.24,2024-11-17,Paid,2024-12-16,Net 30,Matched
INV002576,PO001995,V00393,3901.7,2024-09-05,Paid Late,2024-11-15,Net 60,Matched
INV002577,PO003833,V00370,5717.95,2025-08-25,Paid,2025-09-21,Net 30,Matched
INV002578,PO005271,V00292,147236.31,2024-05-25,Paid,2024-05-30,Net 15,Matched
INV002579,PO003965,V00324,42799.89,2025-04-28,Paid,2025-05-15,Net 15,Matched
INV002580,PO000558,V00023,104019.5,2025-02-13,Paid Late,2025-04-21,Net 60,Matched
INV002581,PO002886,V00419,30896.38,2024-03-17,Paid,2024-04-01,Net 15,Matched
INV002582,PO000497,V00169,13490.39,2025-09-25,Paid,2025-10-26,Net 30,Price Variance
INV002583,PO004111,V00043,62825.73,2024-07-11,Paid,2024-08-14,Net 45,Matched
INV002584,PO005056,V00197,28311.38,2025-08-13,Paid Late,2025-10-08,Net 45,Matched
INV002585,PO003548,V00488,22304.05,2024-05-06,Paid,2024-06-08,Net 30,Price Variance
INV002586,PO002410,V00225,19080.64,2024-07-08,Paid,2024-08-21,Net 45,Matched
INV002587,PO001697,V00037,22266.7,2024-11-25,Paid,2024-12-14,Net 15,Matched
INV002588,PO005366,V00474,7803.35,2025-05-12,Paid,2025-05-28,Net 15,Matched
INV002589,PO002930,V00330,5794.81,2024-06-02,Paid,2024-06-14,Net 15,Matched
INV002590,PO004124,V00091,176253.71,2024-09-02,Paid Late,2024-10-12,Net 30,Price Variance
INV002591,PO003562,V00071,494.43,2025-06-28,Paid,2025-07-04,Net 15,Matched
INV002592,PO004586,V00368,15492.61,2024-10-12,Paid,2024-11-01,Net 15,Matched
INV002593,PO002029,V00342,2540.01,2024-01-18,Paid,2024-02-05,Net 15,Price Variance
INV002594,PO000478,V00034,5342.56,2024-07-15,Paid,2024-09-04,Net 60,Matched
INV002595,PO002437,V00287,10988.87,2024-05-08,Paid,2024-07-03,Net 60,Matched
INV002596,PO005050,V00440,2960.24,2024-10-23,Paid,2024-12-19,Net 60,Matched
INV002597,PO003111,V00412,27149.75,2024-02-06,Paid,2024-03-16,Net 45,Matched
INV002598,PO003331,V00341,1249.57,2024-08-28,Paid,2024-10-06,Net 45,Matched
INV002599,PO002526,V00199,9558.8,2026-01-01,Unpaid,,Net 30,Missing Receipt
INV002600,PO002928,V00368,6884.4,2025-08-25,Paid,2025-10-03,Net 45,Matched
INV002601,PO000391,V00312,15854.6,2024-07-09,Paid Late,2024-09-19,Net 60,Matched
INV002602,PO004283,V00368,21677.24,2024-11-19,Paid Late,2024-12-30,Net 30,Matched
INV002603,PO003081,V00353,6820.04,2024-06-06,Paid,2024-08-04,Net 60,Matched
INV002604,PO001039,V00196,29667.79,2024-10-31,Paid,2024-11-28,Net 30,Matched
INV002605,PO001374,V00074,48517.65,2024-07-16,Paid,2024-07-30,Net 30,Matched
INV002606,PO003464,V00396,4894.47,2025-09-18,Paid,2025-10-06,Net 30,Matched
INV002607,PO003053,V00456,2516.38,2025-08-17,Paid,2025-10-18,Net 60,Price Variance
INV002608,PO000212,V00193,162431.52,2025-07-16,Paid Late,2025-08-10,Net 15,Matched
INV002609,PO002899,V00195,14824.16,2024-06-18,Paid Late,2024-07-10,Net 15,Matched
INV002610,PO002757,V00368,6808.15,2024-09-10,Paid,2024-10-23,Net 45,Matched
INV002611,PO002368,V00232,3823.26,2024-04-19,Paid,2024-05-09,Net 30,Matched
INV002612,PO000477,V00102,30421.04,2024-08-24,Paid,2024-10-04,Net 45,Price Variance
INV002613,PO000984,V00422,24622.01,2025-10-26,Paid,2025-11-17,Net 30,Matched
INV002614,PO003218,V00368,5571.25,2024-01-26,Paid Late,2024-03-25,Net 45,Matched
INV002615,PO004227,V00148,4401.86,2025-04-21,Paid Late,2025-06-30,Net 60,Matched
INV002616,PO000842,V00047,12856.8,2024-04-02,Paid Late,2024-05-14,Net 30,Matched
INV002617,PO003285,V00158,8347.89,2025-02-01,Paid,2025-02-23,Net 30,Missing Receipt
INV002618,PO000177,V00376,2579.53,2024-10-01,Paid,2024-11-10,Net 45,Matched
INV002619,PO000797,V00403,21780.39,2024-09-20,Paid,2024-10-03,Net 15,Matched
INV002620,PO000339,V00395,3379.17,2024-03-04,Paid Late,2024-05-14,Net 60,Matched
INV002621,PO001101,V00336,853.19,2026-01-28,Unpaid,,Net 60,Matched
INV002622,PO004421,V00427,1750.97,2025-03-08,Paid,2025-04-09,Net 30,Missing Receipt
INV002623,PO004671,V00200,16730.88,2025-01-14,Paid Late,2025-02-09,Net 15,Matched
INV002624,PO002156,V00108,928.89,2025-01-08,Paid,2025-01-17,Net 15,Missing Receipt
INV002625,PO003558,V00461,76007.56,2024-08-31,Paid,2024-09-25,Net 30,Matched
INV002626,PO004661,V00241,19263.32,2025-09-02,Paid,2025-09-26,Net 30,Matched
INV002627,PO005042,V00358,11953.73,2025-03-04,Paid Late,2025-03-27,Net 15,Matched
INV002628,PO002194,V00182,11632.64,2024-09-22,Paid Late,2024-11-10,Net 30,Matched
INV002629,PO004977,V00421,4185.6,2025-12-26,Paid,2025-12-31,Net 15,Price Variance
INV002630,PO001295,V00182,2338.62,2025-09-18,Paid,2025-11-18,Net 60,Missing Receipt
INV002631,PO000295,V00452,584.88,2025-02-28,Paid,2025-04-15,Net 45,Matched
INV002632,PO002202,V00455,467.4,2024-10-23,Paid,2024-12-02,Net 45,Price Variance
INV002633,PO003918,V00231,67260.11,2025-04-05,Paid,2025-05-18,Net 45,Matched
INV002634,PO001442,V00362,2708.01,2025-12-03,Paid,2025-12-30,Net 30,Matched
INV002635,PO003046,V00227,38549.73,2024-03-31,Paid,2024-05-19,Net 45,Matched
INV002636,PO003817,V00196,546.22,2024-10-14,Paid Late,2024-12-22,Net 60,Missing Receipt
INV002637,PO002450,V00210,144810.74,2024-10-18,Paid,2024-12-01,Net 45,Matched
INV002638,PO000182,V00200,25005.53,2024-07-30,Paid,2024-08-31,Net 45,Matched
INV002639,PO000967,V00337,3693.5,2025-09-25,Paid Late,2025-12-04,Net 60,Matched
INV002640,PO002829,V00333,27891.07,2025-09-18,Paid,2025-11-07,Net 60,Matched
INV002641,PO000006,V00322,9100.1,2025-06-14,Paid,2025-07-22,Net 45,Matched
INV002642,PO000110,V00028,26224.48,2025-09-19,Paid Late,2025-11-12,Net 30,Matched
INV002643,PO002646,V00255,18074.14,2025-12-31,Unpaid,,Net 15,Matched
INV002644,PO000694,V00033,17381.24,2024-08-18,Paid Late,2024-10-23,Net 60,Matched
INV002645,PO000009,V00026,4396.52,2024-12-12,Paid,2025-01-25,Net 45,Matched
INV002646,PO001893,V00468,3164.64,2025-12-18,Unpaid,,Net 15,Matched
INV002647,PO001405,V00008,2740.25,2024-08-22,Paid Late,2024-10-29,Net 60,Matched
INV002648,PO003883,V00397,20751.24,2025-12-21,Unpaid,,Net 45,Missing Receipt
INV002649,PO000343,V00082,16898.02,2024-02-27,Paid,2024-04-06,Net 45,Matched
INV002650,PO001609,V00113,6876.45,2024-05-15,Paid,2024-05-29,Net 15,Price Variance
INV002651,PO003878,V00324,2804.25,2024-04-28,Paid,2024-06-08,Net 45,Matched
INV002652,PO000360,V00368,4231.04,2025-06-25,Paid Late,2025-08-06,Net 30,Matched
INV002653,PO004148,V00023,64820.96,2025-09-23,Paid,2025-10-13,Net 15,Matched
INV002654,PO001760,V00486,53332.52,2025-11-11,Paid,2025-12-29,Net 45,Matched
INV002655,PO004576,V00443,6588.66,2024-06-29,Paid Late,2024-07-23,Net 15,Matched
INV002656,PO004074,V00180,16175.63,2025-10-18,Paid,2025-11-07,Net 15,Matched
INV002657,PO003837,V00239,10790.79,2025-06-18,Paid,2025-07-25,Net 45,Matched
INV002658,PO002306,V00017,15442.61,2025-09-08,Paid,2025-10-30,Net 60,Matched
INV002659,PO002412,V00066,5619.77,2026-01-19,Unpaid,,Net 15,Matched
INV002660,PO005108,V00179,23170.68,2025-10-06,Paid,2025-11-18,Net 45,Matched
INV002661,PO005449,V00232,51612.18,2025-09-17,Paid Late,2025-10-23,Net 30,Price Variance
INV002662,PO004239,V00385,9388.73,2025-10-11,Paid,2025-11-08,Net 30,Matched
INV002663,PO004629,V00008,34274.02,2024-10-03,Paid,2024-11-17,Net 45,Missing Receipt
INV002664,PO002993,V00266,4183.05,2025-01-06,Paid,2025-01-30,Net 30,Matched
INV002665,PO004281,V00419,12634.06,2025-04-02,Paid,2025-06-02,Net 60,Matched
INV002666,PO003543,V00389,5319.57,2025-07-05,Paid Late,2025-09-17,Net 60,Matched
INV002667,PO002979,V00408,48021.75,2025-08-25,Paid Late,2025-10-01,Net 30,Matched
INV002668,PO002653,V00123,2748.42,2025-12-09,Paid,2025-12-19,Net 15,Matched
INV002669,PO001978,V00412,25116.28,2024-03-02,Paid Late,2024-04-07,Net 30,Matched
INV002670,PO002328,V00368,5854.38,2025-11-19,Unpaid,,Net 60,Missing Receipt
INV002671,PO004746,V00410,2068.28,2025-03-15,Paid,2025-04-01,Net 30,Matched
INV002672,PO003699,V00037,21757.82,2025-12-02,Paid,2025-12-16,Net 15,Matched
INV002673,PO003949,V00196,6206.07,2025-05-30,Paid,2025-07-13,Net 45,Missing Receipt
INV002674,PO000933,V00441,3722.36,2024-02-21,Paid Late,2024-04-13,Net 45,Matched
INV002675,PO004240,V00417,8688.44,2025-01-04,Paid,2025-01-09,Net 15,Price Variance
INV002676,PO002252,V00284,63220.75,2024-05-06,Paid,2024-06-13,Net 45,Matched
INV002677,PO000175,V00368,10154.33,2024-11-05,Paid Late,2024-12-14,Net 30,Matched
INV002678,PO003418,V00093,2665.23,2024-04-09,Paid,2024-04-25,Net 15,Matched
INV002679,PO004128,V00153,96134.42,2025-11-13,Paid,2025-12-07,Net 30,Matched
INV002680,PO001771,V00305,27604.4,2024-08-06,Paid,2024-08-25,Net 15,Matched
INV002681,PO004483,V00482,429.24,2024-09-01,Paid,2024-09-06,Net 15,Matched
INV002682,PO000347,V00424,20140.7,2024-11-12,Paid,2024-11-29,Net 15,Matched
INV002683,PO000096,V00330,261477.6,2024-04-18,Paid Late,2024-05-25,Net 30,Matched
INV002684,PO004948,V00317,45048.22,2024-06-26,Paid,2024-07-29,Net 30,Matched
INV002685,PO003128,V00354,5225.32,2024-09-22,Paid,2024-10-31,Net 45,Matched
INV002686,PO003295,V00187,33330.26,2024-08-29,Paid,2024-09-16,Net 15,Matched
INV002687,PO000805,V00400,3780.19,2025-06-14,Paid,2025-07-12,Net 45,Missing Receipt
INV002688,PO000193,V00169,76714.26,2025-07-30,Paid,2025-09-09,Net 45,Matched
INV002689,PO003210,V00180,3345.28,2025-02-17,Paid,2025-04-01,Net 45,Matched
INV002690,PO001904,V00052,36995.11,2024-07-18,Paid,2024-07-31,Net 15,Price Variance
INV002691,PO004516,V00300,4903.3,2025-06-06,Paid Late,2025-06-29,Net 15,Matched
INV002692,PO002980,V00441,4394.97,2025-06-28,Paid Late,2025-07-20,Net 15,Matched
INV002693,PO004477,V00231,6215.03,2024-11-07,Paid Late,2025-01-03,Net 45,Matched
INV002694,PO004237,V00499,13772.61,2025-08-20,Paid Late,2025-09-13,Net 15,Matched
INV002695,PO003131,V00030,4895.43,2024-12-10,Paid,2024-12-15,Net 15,Matched
INV002696,PO000719,V00394,10620.42,2024-12-07,Paid,2025-02-04,Net 60,Matched
INV002697,PO002495,V00082,2335.47,2024-11-28,Paid,2024-12-22,Net 30,Matched
INV002698,PO004891,V00384,34187.85,2024-12-17,Paid,2024-12-22,Net 15,Price Variance
INV002699,PO004129,V00240,9587.96,2025-05-16,Paid,2025-07-14,Net 60,Matched
INV002700,PO004375,V00222,26016.56,2025-04-03,Paid Late,2025-05-07,Net 15,Matched
INV002701,PO002675,V00214,32359.18,2025-07-05,Paid,2025-08-16,Net 45,Matched
INV002702,PO003615,V00381,3836.19,2025-05-13,Paid,2025-06-06,Net 30,Missing Receipt
INV002703,PO001401,V00368,19485.92,2024-03-31,Paid,2024-05-10,Net 45,Matched
INV002704,PO002480,V00286,12433.86,2024-01-24,Paid,2024-02-15,Net 30,Matched
INV002705,PO001560,V00299,23277.56,2025-05-12,Paid,2025-06-25,Net 45,Matched
INV002706,PO001565,V00261,14527.15,2024-10-15,Paid,2024-12-10,Net 60,Matched
INV002707,PO001348,V00172,5533.38,2024-06-26,Paid,2024-08-11,Net 45,Matched
INV002708,PO002019,V00403,5336.56,2024-12-10,Paid,2025-01-09,Net 30,Matched
INV002709,PO004048,V00019,63793.37,2024-06-22,Paid,2024-07-27,Net 45,Matched
INV002710,PO000539,V00376,4141.26,2025-03-12,Paid,2025-05-12,Net 60,Matched
INV002711,PO003200,V00385,51447.63,2024-01-26,Paid,2024-02-27,Net 45,Missing Receipt
INV002712,PO000037,V00273,879.95,2025-12-04,Paid Late,2025-12-27,Net 15,Matched
INV002713,PO000702,V00095,13680.98,2025-11-16,Unpaid,,Net 60,Missing Receipt
INV002714,PO000789,V00013,4450.31,2025-04-07,Paid,2025-04-20,Net 15,Matched
INV002715,PO001104,V00025,5601.2,2025-09-01,Paid,2025-09-28,Net 30,Matched
INV002716,PO000078,V00252,3134.12,2024-09-14,Paid,2024-11-12,Net 60,Matched
INV002717,PO000955,V00455,954.08,2024-10-06,Paid,2024-12-03,Net 60,Matched
INV002718,PO000452,V00235,8443.21,2025-04-22,Paid,2025-05-05,Net 15,Matched
INV002719,PO004757,V00368,4002.42,2025-10-01,Paid,2025-10-15,Net 15,Matched
INV002720,PO001934,V00385,26837.28,2025-05-03,Paid,2025-05-08,Net 15,Matched
INV002721,PO004809,V00087,13079.76,2024-06-22,Paid,2024-08-20,Net 60,Matched
INV002722,PO000935,V00387,139967.79,2024-09-08,Paid,2024-09-28,Net 15,Matched
INV002723,PO003103,V00110,28365.15,2025-08-08,Paid,2025-08-27,Net 30,Matched
INV002724,PO001939,V00359,31692.44,2025-09-11,Paid,2025-10-02,Net 30,Matched
INV002725,PO001592,V00372,94817.62,2024-11-11,Paid,2024-11-26,Net 15,Matched
INV002726,PO000502,V00171,192081.63,2024-06-05,Paid Late,2024-08-16,Net 45,Missing Receipt
INV002727,PO000066,V00447,20616.47,2025-10-24,Paid Late,2025-11-30,Net 30,Matched
INV002728,PO000165,V00171,28249.14,2025-07-29,Paid,2025-09-24,Net 60,Matched
INV002729,PO003595,V00240,46031.45,2024-12-31,Paid Late,2025-02-06,Net 30,Matched
INV002730,PO001636,V00347,5541.58,2024-08-16,Paid,2024-10-20,Net 60,Matched
INV002731,PO003435,V00368,24635.84,2025-04-27,Paid Late,2025-06-18,Net 45,Matched
INV002732,PO003400,V00196,1715.04,2024-09-10,Paid,2024-10-12,Net 45,Matched
INV002733,PO001740,V00368,13591.05,2025-09-06,Paid,2025-11-04,Net 60,Matched
INV002734,PO004344,V00368,15059.39,2025-03-25,Paid,2025-04-29,Net 30,Missing Receipt
INV002735,PO003447,V00001,5530.2,2024-07-28,Paid,2024-08-02,Net 15,Missing Receipt
INV002736,PO002772,V00110,41836.98,2024-10-29,Paid,2024-11-29,Net 30,Matched
INV002737,PO002644,V00368,55503.75,2024-02-07,Paid Late,2024-02-28,Net 15,Price Variance
INV002738,PO001667,V00445,12708.76,2025-11-21,Unpaid,,Net 60,Matched
INV002739,PO002966,V00176,3193.74,2025-12-02,Paid,2025-12-23,Net 30,Matched
INV002740,PO004137,V00341,3449.42,2025-12-19,Unpaid,,Net 15,Matched
INV002741,PO005027,V00091,17501.15,2025-12-01,Unpaid,,Net 60,Matched
INV002742,PO000785,V00431,17107.82,2025-06-12,Paid,2025-06-17,Net 15,Matched
INV002743,PO003427,V00169,139052.21,2025-06-15,Paid,2025-06-21,Net 15,Matched
INV002744,PO004020,V00450,5825.18,2025-02-07,Paid,2025-04-01,Net 60,Matched
INV002745,PO002150,V00368,1302.1,2024-11-17,Paid,2025-01-16,Net 60,Price Variance
INV002746,PO003862,V00384,15949.7,2025-02-02,Paid,2025-04-02,Net 60,Missing Receipt
INV002747,PO005141,V00025,13012.24,2025-02-10,Paid Late,2025-03-09,Net 15,Missing Receipt
INV002748,PO000910,V00368,7242.23,2024-01-26,Paid,2024-02-03,Net 15,Matched
INV002749,PO002244,V00193,19788.4,2025-10-04,Paid,2025-11-07,Net 30,Matched
INV002750,PO004280,V00421,1382.16,2025-03-28,Paid,2025-04-16,Net 15,Matched
INV002751,PO004444,V00475,2114.75,2024-12-29,Paid,2025-01-25,Net 30,Price Variance
INV002752,PO000089,V00282,7214.57,2025-08-02,Paid,2025-10-02,Net 60,Matched
INV002753,PO005036,V00392,13466.34,2025-01-24,Paid Late,2025-03-03,Net 30,Matched
INV002754,PO001013,V00082,5007.35,2024-12-07,Paid,2025-01-21,Net 45,Matched
INV002755,PO000143,V00279,26101.31,2025-01-04,Paid,2025-03-07,Net 60,Missing Receipt
INV002756,PO001003,V00403,32646.31,2024-10-30,Paid,2024-12-14,Net 45,Matched
INV002757,PO002857,V00125,8488.71,2025-04-28,Paid,2025-06-30,Net 60,Missing Receipt
INV002758,PO000420,V00295,2049.09,2024-07-16,Paid,2024-07-29,Net 15,Matched
INV002759,PO002595,V00403,34271.75,2024-07-26,Paid Late,2024-10-06,Net 60,Matched
INV002760,PO000533,V00017,17779.57,2024-10-01,Paid,2024-10-11,Net 15,Matched
INV002761,PO001372,V00087,19437.78,2024-10-05,Paid,2024-10-19,Net 15,Matched
INV002762,PO002921,V00118,39743.43,2025-10-29,Paid,2025-11-26,Net 30,Matched
INV002763,PO003002,V00222,3690.43,2024-02-11,Paid,2024-03-02,Net 15,Matched
INV002764,PO004214,V00005,17833.77,2025-12-19,Unpaid,,Net 60,Missing Receipt
INV002765,PO001162,V00368,18212.88,2025-01-14,Paid,2025-01-23,Net 15,Matched
INV002766,PO003249,V00219,21169.33,2024-02-10,Paid,2024-04-06,Net 60,Matched
INV002767,PO004782,V00368,29163.72,2025-04-13,Paid,2025-04-22,Net 15,Matched
INV002768,PO000061,V00228,20664.51,2024-06-30,Paid Late,2024-08-05,Net 30,Matched
INV002769,PO003268,V00104,4201.22,2024-05-03,Paid,2024-05-15,Net 15,Matched
INV002770,PO000313,V00325,4252.25,2025-07-10,Paid Late,2025-09-06,Net 45,Matched
INV002771,PO002214,V00224,40859.3,2025-08-14,Paid,2025-09-03,Net 15,Matched
INV002772,PO003168,V00026,4875.05,2024-03-09,Paid,2024-04-25,Net 45,Missing Receipt
INV002773,PO003881,V00246,2106.82,2025-02-09,Paid,2025-03-26,Net 45,Missing Receipt
INV002774,PO000101,V00085,6858.91,2025-01-10,Paid,2025-03-05,Net 60,Matched
INV002775,PO002838,V00168,999.12,2025-12-28,Unpaid,,Net 45,Matched
INV002776,PO004332,V00449,7032.65,2025-01-17,Paid,2025-02-03,Net 15,Matched
INV002777,PO003353,V00495,1401.66,2025-01-19,Paid,2025-02-18,Net 30,Matched
INV002778,PO000211,V00004,55983.08,2024-02-29,Paid,2024-04-01,Net 30,Price Variance
INV002779,PO001217,V00173,21281.07,2024-07-27,Paid,2024-09-13,Net 45,Matched
INV002780,PO003276,V00077,920.38,2024-11-23,Paid,2024-12-08,Net 30,Matched
INV002781,PO003204,V00201,25070.72,2024-09-29,Paid,2024-11-13,Net 45,Matched
INV002782,PO001160,V00395,17008.8,2024-10-31,Paid,2024-11-05,Net 15,Price Variance
INV002783,PO000816,V00353,20745.41,2024-05-04,Paid,2024-06-23,Net 60,Matched
INV002784,PO001550,V00041,6915.41,2025-01-12,Paid Late,2025-02-02,Net 15,Matched
INV002785,PO004171,V00363,10433.28,2025-03-28,Paid Late,2025-05-05,Net 30,Price Variance
INV002786,PO000250,V00487,12703.64,2026-01-05,Unpaid,,Net 45,Price Variance
INV002787,PO000368,V00200,138738.56,2024-03-07,Paid,2024-04-25,Net 60,Matched
INV002788,PO002013,V00120,1944.15,2024-06-08,Paid,2024-07-12,Net 30,Price Variance
INV002789,PO003040,V00280,4660.26,2025-11-24,Unpaid,,Net 60,Missing Receipt
INV002790,PO000667,V00070,2556.89,2025-04-01,Paid,2025-04-18,Net 15,Matched
INV002791,PO003711,V00079,1117.21,2024-03-02,Paid,2024-04-30,Net 60,Price Variance
INV002792,PO002050,V00044,11159.55,2024-11-14,Paid,2025-01-08,Net 60,Missing Receipt
INV002793,PO003229,V00125,8353.66,2024-01-17,Paid Late,2024-02-24,Net 30,Matched
INV002794,PO002011,V00282,1550.67,2024-04-25,Paid,2024-06-24,Net 60,Matched
INV002795,PO004162,V00034,5373.82,2024-11-06,Paid Late,2024-12-28,Net 45,Matched
INV002796,PO005410,V00391,27508.27,2025-03-08,Paid Late,2025-05-17,Net 60,Matched
INV002797,PO003236,V00423,9092.3,2025-07-24,Paid,2025-07-29,Net 15,Matched
INV002798,PO000651,V00339,2377.92,2025-05-19,Paid,2025-06-06,Net 15,Matched
INV002799,PO003193,V00233,67326.8,2024-12-12,Paid Late,2025-01-31,Net 30,Price Variance
INV002800,PO000871,V00232,14059.97,2025-01-14,Paid,2025-03-09,Net 60,Matched
INV002801,PO004354,V00266,1623.69,2024-04-24,Paid,2024-06-06,Net 45,Matched
INV002802,PO005026,V00415,16189.37,2025-08-17,Paid,2025-09-17,Net 30,Matched
INV002803,PO003670,V00368,37840.99,2024-12-13,Paid,2024-12-27,Net 15,Matched
INV002804,PO002793,V00429,5699.91,2024-03-07,Paid,2024-04-21,Net 60,Matched
INV002805,PO001165,V00140,2638.87,2025-07-02,Paid,2025-08-02,Net 30,Matched
INV002806,PO000578,V00137,16062.46,2025-07-05,Paid,2025-07-12,Net 30,Matched
INV002807,PO000352,V00439,12624.08,2025-11-10,Paid,2025-11-15,Net 15,Matched
INV002808,PO004752,V00204,23842.8,2025-06-29,Paid Late,2025-08-22,Net 45,Matched
INV002809,PO002988,V00452,3111.18,2025-11-12,Paid,2025-11-30,Net 15,Missing Receipt
INV002810,PO000401,V00125,21746.39,2025-11-05,Paid,2025-11-27,Net 30,Matched
INV002811,PO001178,V00443,39898.78,2025-01-16,Paid Late,2025-03-23,Net 60,Matched
INV002812,PO003256,V00482,1947.91,2024-09-25,Paid Late,2024-12-02,Net 60,Matched
INV002813,PO000655,V00199,1676.53,2025-12-05,Unpaid,,Net 60,Matched
INV002814,PO001015,V00322,8594.19,2024-07-28,Paid,2024-08-23,Net 30,Matched
INV002815,PO000370,V00225,24603.38,2024-10-21,Paid Late,2024-12-30,Net 60,Matched
INV002816,PO003309,V00148,616.55,2025-01-06,Paid Late,2025-02-16,Net 30,Matched
INV002817,PO002369,V00234,1023.66,2025-12-27,Unpaid,,Net 30,Matched
INV002818,PO003226,V00368,20422.38,2025-04-26,Paid,2025-05-01,Net 30,Matched
INV002819,PO003140,V00482,1002.87,2025-01-03,Paid,2025-02-04,Net 45,Matched
INV002820,PO004774,V00169,20303.51,2024-02-25,Paid Late,2024-04-24,Net 45,Matched
INV002821,PO004668,V00392,3372.01,2024-09-26,Paid,2024-10-22,Net 30,Matched
INV002822,PO005019,V00040,2955.65,2025-04-14,Paid,2025-05-09,Net 30,Matched
INV002823,PO000669,V00020,1380.75,2025-11-23,Unpaid,,Net 45,Matched
INV002824,PO002208,V00368,7360.36,2024-07-05,Paid,2024-07-18,Net 15,Missing Receipt
INV002825,PO001088,V00473,11117.49,2024-09-05,Paid,2024-09-25,Net 15,Matched
INV002826,PO004367,V00491,3919.95,2025-07-09,Paid Late,2025-08-02,Net 15,Matched
INV002827,PO004768,V00169,25180.56,2024-03-02,Paid Late,2024-04-08,Net 30,Matched
INV002828,PO003094,V00241,7557.1,2024-04-07,Paid,2024-05-06,Net 30,Matched
INV002829,PO002873,V00368,22006.14,2025-01-22,Paid Late,2025-02-18,Net 15,Matched
INV002830,PO004537,V00370,14670.05,2025-05-15,Paid,2025-07-08,Net 60,Matched
INV002831,PO001770,V00484,37179.39,2026-01-04,Unpaid,,Net 15,Matched
INV002832,PO000120,V00257,4466.42,2024-10-29,Paid Late,2025-01-07,Net 60,Matched
INV002833,PO004412,V00354,33317.16,2025-11-04,Paid,2025-11-23,Net 30,Matched
INV002834,PO004063,V00185,35175.19,2025-11-24,Unpaid,,Net 60,Price Variance
INV002835,PO002197,V00121,4115.51,2024-02-05,Paid Late,2024-03-28,Net 45,Matched
INV002836,PO004215,V00240,9290.4,2025-11-04,Unpaid,,Net 60,Matched
INV002837,PO002863,V00057,8788.38,2025-02-15,Paid,2025-04-15,Net 60,Matched
INV002838,PO002517,V00368,4004.64,2025-12-24,Unpaid,,Net 60,Matched
INV002839,PO004115,V00312,26389.69,2024-11-30,Paid,2025-01-10,Net 45,Matched
INV002840,PO003009,V00130,10779.56,2024-11-10,Paid,2024-12-20,Net 45,Matched
INV002841,PO000704,V00383,17626.81,2024-10-31,Paid,2024-11-23,Net 30,Price Variance
INV002842,PO000772,V00169,106070.33,2025-09-15,Paid Late,2025-11-23,Net 60,Matched
INV002843,PO000604,V00475,1808.59,2024-04-07,Paid,2024-04-24,Net 30,Matched
INV002844,PO000569,V00292,26396.31,2024-06-30,Paid Late,2024-08-22,Net 45,Price Variance
INV002845,PO004456,V00013,5151.91,2024-10-16,Paid,2024-11-12,Net 30,Matched
INV002846,PO003239,V00496,12306.3,2024-05-11,Paid Late,2024-07-16,Net 60,Matched
INV002847,PO002457,V00094,17208.55,2025-09-29,Paid,2025-11-04,Net 45,Matched
INV002848,PO005248,V00337,10637.75,2025-04-25,Paid,2025-05-29,Net 45,Missing Receipt
INV002849,PO001038,V00431,28491.15,2024-08-05,Paid,2024-09-23,Net 45,Price Variance
INV002850,PO004445,V00083,5041.49,2025-12-11,Unpaid,,Net 30,Matched
INV002851,PO001881,V00140,1796.29,2024-04-28,Paid,2024-07-01,Net 60,Matched
INV002852,PO000091,V00354,3387.02,2024-09-09,Paid,2024-10-26,Net 45,Matched
INV002853,PO001302,V00471,7558.65,2025-02-18,Paid,2025-03-26,Net 45,Matched
INV002854,PO005038,V00368,26776.4,2025-12-27,Unpaid,,Net 30,Matched
INV002855,PO004506,V00292,9806.0,2024-03-08,Paid,2024-04-09,Net 45,Price Variance
INV002856,PO001913,V00127,11501.35,2025-02-08,Paid,2025-03-16,Net 45,Matched
INV002857,PO000338,V00464,8576.03,2025-05-30,Paid,2025-06-11,Net 30,Matched
INV002858,PO003299,V00368,38446.31,2025-05-03,Paid,2025-07-04,Net 60,Matched
INV002859,PO000556,V00286,21256.5,2025-10-27,Paid,2025-12-06,Net 45,Matched
INV002860,PO002751,V00030,46345.85,2024-10-30,Paid,2024-11-11,Net 15,Matched
INV002861,PO004609,V00234,992.27,2025-03-09,Paid Late,2025-05-09,Net 45,Matched
INV002862,PO005265,V00097,12427.84,2024-03-03,Paid,2024-04-29,Net 60,Matched
INV002863,PO004728,V00478,59960.3,2024-11-28,Paid,2025-01-08,Net 45,Matched
INV002864,PO004906,V00372,15497.87,2026-01-06,Unpaid,,Net 15,Matched
INV002865,PO000013,V00357,1427.54,2024-06-23,Paid,2024-07-06,Net 15,Matched
INV002866,PO003734,V00121,3296.42,2025-11-02,Paid,2025-11-21,Net 15,Matched
INV002867,PO002933,V00368,15764.01,2024-06-09,Paid,2024-07-05,Net 30,Matched
INV002868,PO002775,V00108,699.78,2025-09-14,Paid,2025-10-27,Net 45,Matched
INV002869,PO001076,V00233,25891.02,2025-09-03,Paid,2025-10-30,Net 60,Matched
INV002870,PO000384,V00181,4601.88,2024-07-31,Paid,2024-09-12,Net 45,Matched
INV002871,PO002435,V00491,5855.79,2025-04-20,Paid,2025-06-20,Net 60,Matched
INV002872,PO000581,V00474,17042.19,2025-04-17,Paid,2025-06-05,Net 60,Matched
INV002873,PO002377,V00114,797.62,2024-03-14,Paid,2024-05-03,Net 45,Missing Receipt
INV002874,PO001411,V00354,36705.83,2024-03-26,Paid,2024-05-14,Net 60,Matched
INV002875,PO005087,V00020,1649.32,2024-06-25,Paid,2024-07-11,Net 15,Matched
INV002876,PO004313,V00403,17310.69,2025-04-14,Paid Late,2025-06-14,Net 45,Missing Receipt
INV002877,PO003747,V00403,19029.61,2025-10-27,Paid,2025-12-13,Net 60,Matched
INV002878,PO003077,V00234,25608.52,2025-03-14,Paid,2025-04-07,Net 45,Matched
INV002879,PO004904,V00034,24329.27,2025-05-31,Paid,2025-06-10,Net 15,Matched
INV002880,PO001855,V00454,30508.46,2025-07-23,Paid,2025-08-25,Net 30,Price Variance
INV002881,PO003813,V00026,487.32,2026-01-27,Unpaid,,Net 30,Matched
INV002882,PO002937,V00026,2861.94,2026-01-20,Unpaid,,Net 45,Matched
INV002883,PO001133,V00422,22879.03,2024-09-02,Paid,2024-09-24,Net 30,Matched
INV002884,PO000057,V00311,12623.64,2025-06-29,Paid,2025-08-27,Net 60,Matched
INV002885,PO001323,V00148,4235.43,2024-11-18,Paid,2024-11-23,Net 15,Missing Receipt
INV002886,PO004146,V00242,2505.36,2025-01-21,Paid,2025-02-15,Net 30,Matched
INV002887,PO000811,V00143,20037.33,2024-01-26,Paid,2024-03-10,Net 45,Matched
INV002888,PO004096,V00496,15042.56,2025-04-15,Paid,2025-05-23,Net 45,Matched
INV002889,PO004564,V00281,5109.74,2025-10-16,Paid,2025-11-30,Net 45,Matched
INV002890,PO004062,V00158,3473.05,2025-04-17,Paid,2025-06-19,Net 60,Matched
INV002891,PO002074,V00017,3841.93,2025-02-18,Paid,2025-03-14,Net 30,Price Variance
INV002892,PO001742,V00137,1171.27,2024-11-09,Paid,2024-12-21,Net 45,Matched
INV002893,PO001566,V00151,46605.77,2024-09-02,Paid,2024-10-30,Net 60,Matched
INV002894,PO000555,V00169,36974.93,2025-11-28,Unpaid,,Net 60,Matched
INV002895,PO001006,V00221,2062.43,2024-07-10,Paid,2024-09-11,Net 60,Matched
INV002896,PO000530,V00184,7433.05,2025-12-24,Unpaid,,Net 15,Matched
INV002897,PO001475,V00099,19201.35,2025-08-07,Paid,2025-09-24,Net 45,Matched
INV002898,PO004236,V00449,9096.03,2024-09-13,Paid,2024-11-05,Net 60,Matched
INV002899,PO004158,V00417,42000.48,2024-02-18,Paid,2024-03-21,Net 30,Matched
INV002900,PO002043,V00368,7196.34,2024-08-31,Paid Late,2024-11-10,Net 60,Price Variance
INV002901,PO001570,V00037,39869.51,2025-09-11,Paid,2025-10-31,Net 60,Missing Receipt
INV002902,PO000698,V00248,9418.82,2024-08-03,Paid,2024-08-27,Net 30,Matched
INV002903,PO004713,V00441,3446.8,2024-03-24,Paid Late,2024-06-02,Net 60,Matched
INV002904,PO002106,V00368,8722.73,2025-10-23,Unpaid,,Net 60,Matched
INV002905,PO004780,V00361,24614.22,2025-10-24,Paid,2025-11-24,Net 30,Matched
INV002906,PO002337,V00180,3715.18,2025-05-19,Paid,2025-07-03,Net 45,Price Variance
INV002907,PO001906,V00006,10287.32,2024-08-17,Paid,2024-09-24,Net 45,Matched
INV002908,PO003158,V00222,26631.78,2025-05-12,Paid,2025-06-13,Net 30,Price Variance
INV002909,PO002343,V00392,3855.54,2024-07-01,Paid,2024-07-09,Net 15,Matched
INV002910,PO004701,V00154,5097.17,2024-07-22,Paid,2024-08-05,Net 15,Matched
INV002911,PO001898,V00399,60507.62,2024-08-27,Paid,2024-09-26,Net 30,Matched
INV002912,PO002565,V00281,137.39,2025-07-11,Paid,2025-08-11,Net 45,Matched
INV002913,PO001902,V00488,20639.35,2025-08-04,Paid,2025-10-01,Net 60,Missing Receipt
INV002914,PO005069,V00049,29099.2,2025-06-23,Paid,2025-07-23,Net 30,Matched
INV002915,PO005104,V00396,11541.59,2026-01-05,Unpaid,,Net 60,Price Variance
INV002916,PO000116,V00421,4398.0,2025-08-26,Paid,2025-09-15,Net 15,Matched
INV002917,PO001776,V00401,15889.0,2024-08-05,Paid,2024-10-01,Net 60,Matched
INV002918,PO001246,V00358,13935.68,2024-11-08,Paid,2024-12-06,Net 30,Matched
INV002919,PO002798,V00336,5854.01,2025-10-22,Unpaid,,Net 60,Matched
INV002920,PO003332,V00460,4683.02,2025-10-04,Paid,2025-11-18,Net 45,Matched
INV002921,PO004056,V00317,29342.86,2024-06-14,Paid Late,2024-08-19,Net 45,Matched
INV002922,PO004795,V00312,3787.32,2025-11-04,Paid,2025-11-15,Net 15,Matched
INV002923,PO003173,V00147,5163.19,2024-01-27,Paid,2024-03-24,Net 60,Matched
INV002924,PO000205,V00268,18811.55,2024-08-05,Paid Late,2024-10-17,Net 60,Matched
INV002925,PO001732,V00050,610.12,2025-01-07,Paid,2025-02-15,Net 45,Matched
INV002926,PO001428,V00355,25612.94,2025-10-14,Paid,2025-12-06,Net 60,Matched
INV002927,PO001420,V00212,2885.85,2025-09-26,Paid,2025-10-03,Net 15,Matched
INV002928,PO001259,V00368,3112.53,2025-02-05,Paid Late,2025-03-15,Net 30,Price Variance
INV002929,PO002316,V00184,621.95,2025-11-23,Paid,2025-12-31,Net 45,Matched
INV002930,PO001841,V00368,24272.01,2025-03-24,Paid,2025-04-24,Net 30,Matched
INV002931,PO000753,V00018,6911.84,2024-11-12,Paid,2024-12-21,Net 45,Matched
INV002932,PO005428,V00288,8343.4,2024-06-13,Paid,2024-07-18,Net 30,Matched
INV002933,PO003593,V00482,8659.3,2025-12-15,Unpaid,,Net 30,Matched
INV002934,PO003004,V00200,18993.56,2024-05-31,Paid Late,2024-06-24,Net 15,Matched
INV002935,PO003648,V00423,56055.76,2025-04-12,Paid Late,2025-06-03,Net 45,Matched
INV002936,PO002952,V00158,1805.69,2024-12-28,Paid,2025-02-27,Net 60,Matched
INV002937,PO002092,V00363,10923.75,2024-08-28,Paid,2024-09-05,Net 15,Matched
INV002938,PO001367,V00171,15960.57,2025-08-25,Paid Late,2025-09-16,Net 15,Matched
INV002939,PO001265,V00248,8729.97,2024-11-15,Paid Late,2025-01-05,Net 45,Matched
INV002940,PO005342,V00125,3766.04,2024-12-07,Paid,2024-12-12,Net 15,Matched
INV002941,PO003770,V00069,24184.7,2025-10-20,Paid,2025-10-27,Net 15,Price Variance
INV002942,PO002541,V00279,13702.92,2024-12-21,Paid,2024-12-31,Net 15,Missing Receipt
INV002943,PO004677,V00169,44749.71,2024-09-01,Paid Late,2024-10-18,Net 30,Matched
INV002944,PO004887,V00047,3206.73,2025-01-30,Paid,2025-03-22,Net 60,Matched
INV002945,PO005008,V00085,42883.87,2025-02-24,Paid,2025-03-22,Net 30,Matched
INV002946,PO000983,V00421,619.19,2025-06-16,Paid,2025-07-04,Net 15,Matched
INV002947,PO000263,V00057,1306.69,2025-01-03,Paid,2025-02-20,Net 60,Missing Receipt
INV002948,PO000055,V00226,12653.81,2025-05-18,Paid,2025-06-21,Net 30,Missing Receipt
INV002949,PO005253,V00368,12339.15,2024-02-26,Paid Late,2024-03-25,Net 15,Matched
INV002950,PO001085,V00071,2725.45,2025-08-12,Paid,2025-10-01,Net 45,Matched
INV002951,PO000140,V00368,35619.02,2024-09-28,Paid,2024-10-08,Net 15,Matched
INV002952,PO005403,V00200,11426.67,2025-11-03,Unpaid,,Net 60,Matched
INV002953,PO001826,V00403,12671.56,2025-12-01,Unpaid,,Net 30,Matched
INV002954,PO004369,V00282,16096.33,2024-11-21,Paid Late,2024-12-28,Net 30,Matched
INV002955,PO004500,V00155,6089.2,2024-07-22,Paid,2024-08-17,Net 30,Matched
INV002956,PO005137,V00223,9497.02,2025-03-26,Paid,2025-04-06,Net 15,Matched
INV002957,PO002754,V00256,2255.22,2024-09-26,Paid,2024-10-17,Net 30,Matched
INV002958,PO001754,V00177,23041.66,2025-03-24,Paid Late,2025-07-07,Net 60,Matched
INV002959,PO002004,V00019,25271.67,2025-03-25,Paid,2025-04-25,Net 45,Matched
INV002960,PO000329,V00488,18007.72,2025-12-24,Unpaid,,Net 60,Matched
INV002961,PO000762,V00334,19053.25,2025-12-14,Unpaid,,Net 30,Matched
INV002962,PO002537,V00023,41307.24,2025-11-11,Paid,2025-12-01,Net 15,Missing Receipt
INV002963,PO000744,V00343,33085.14,2025-05-10,Paid Late,2025-06-10,Net 15,Matched
INV002964,PO004509,V00446,18994.77,2025-12-29,Unpaid,,Net 15,Matched
INV002965,PO002806,V00468,29809.0,2024-01-16,Paid Late,2024-03-20,Net 45,Price Variance
INV002966,PO002097,V00267,2054.38,2024-10-28,Paid,2024-12-26,Net 60,Price Variance
INV002967,PO002296,V00257,6439.7,2026-01-01,Unpaid,,Net 15,Matched
INV002968,PO003577,V00273,12329.24,2025-09-12,Paid,2025-10-15,Net 45,Matched
INV002969,PO004982,V00087,3107.37,2025-09-06,Paid,2025-09-23,Net 15,Matched
INV002970,PO003132,V00473,17640.93,2026-01-07,Unpaid,,Net 15,Matched
INV002971,PO002327,V00403,3561.66,2025-03-31,Paid,2025-05-10,Net 45,Matched
INV002972,PO001846,V00010,21865.38,2025-04-28,Paid,2025-05-26,Net 30,Missing Receipt
INV002973,PO004006,V00249,21242.28,2025-09-05,Paid Late,2025-11-19,Net 60,Matched
INV002974,PO005259,V00218,9325.78,2024-08-12,Paid,2024-10-12,Net 60,Matched
INV002975,PO002132,V00278,6450.84,2025-03-20,Paid Late,2025-04-25,Net 30,Matched
INV002976,PO003329,V00361,7882.3,2025-05-03,Paid,2025-05-22,Net 15,Matched
INV002977,PO004583,V00036,19204.86,2025-07-22,Paid,2025-08-12,Net 30,Price Variance
INV002978,PO002530,V00450,19939.63,2024-02-19,Paid,2024-03-11,Net 30,Price Variance
INV002979,PO001812,V00461,172256.51,2024-01-26,Paid,2024-02-12,Net 15,Matched
INV002980,PO002329,V00490,3998.96,2025-03-03,Paid Late,2025-04-02,Net 15,Matched
INV002981,PO004427,V00147,10459.11,2026-01-25,Unpaid,,Net 15,Matched
INV002982,PO003797,V00079,7205.03,2025-08-13,Paid,2025-10-17,Net 60,Matched
INV002983,PO001453,V00302,3691.65,2025-04-25,Paid,2025-04-30,Net 15,Matched
INV002984,PO003936,V00383,6596.56,2025-10-13,Paid,2025-10-28,Net 15,Matched
INV002985,PO001148,V00313,8987.84,2024-01-29,Paid,2024-02-28,Net 30,Matched
INV002986,PO004037,V00204,7567.21,2025-01-15,Paid Late,2025-03-22,Net 60,Missing Receipt
INV002987,PO000349,V00496,27832.09,2024-04-15,Paid Late,2024-06-13,Net 45,Matched
INV002988,PO001122,V00299,8531.0,2024-11-03,Paid,2024-12-17,Net 45,Matched
INV002989,PO005482,V00451,15803.75,2025-02-12,Paid,2025-04-05,Net 60,Missing Receipt
INV002990,PO001755,V00376,2842.64,2025-07-15,Paid,2025-09-08,Net 60,Matched
INV002991,PO004676,V00403,15559.15,2024-03-05,Paid,2024-04-23,Net 45,Matched
INV002992,PO003665,V00069,18910.61,2024-12-06,Paid,2024-12-24,Net 15,Matched
INV002993,PO004458,V00138,3735.83,2025-02-24,Paid,2025-04-07,Net 45,Matched
INV002994,PO001833,V00230,1986.88,2024-05-28,Paid,2024-06-08,Net 15,Price Variance
INV002995,PO001612,V00385,43637.58,2025-04-24,Paid,2025-06-22,Net 60,Matched
INV002996,PO003247,V00412,34089.05,2024-08-07,Paid,2024-09-09,Net 30,Matched
INV002997,PO001608,V00123,1164.56,2024-08-14,Paid,2024-10-10,Net 60,Matched
INV002998,PO003912,V00368,138037.72,2024-11-17,Paid,2024-12-11,Net 30,Matched
INV002999,PO001769,V00065,8691.67,2024-05-08,Paid Late,2024-06-18,Net 30,Missing Receipt
INV003000,PO002249,V00318,3130.96,2024-08-15,Paid,2024-09-05,Net 30,Price Variance
INV003001,PO004391,V00141,71417.84,2025-11-18,Paid,2025-12-30,Net 45,Price Variance
INV003002,PO004476,V00019,34333.72,2025-10-18,Paid,2025-11-10,Net 30,Missing Receipt
INV003003,PO004502,V00376,8109.86,2025-11-24,Unpaid,,Net 45,Matched
INV003004,PO001351,V00204,9441.76,2024-10-10,Paid Late,2024-11-02,Net 15,Matched
INV003005,PO000218,V00403,64221.24,2025-01-08,Paid Late,2025-03-15,Net 60,Matched
INV003006,PO005384,V00370,11412.43,2025-12-08,Unpaid,,Net 60,Matched
INV003007,PO001300,V00332,28590.8,2024-10-09,Paid,2024-11-09,Net 30,Price Variance
INV003008,PO004156,V00368,2706.74,2024-06-14,Paid,2024-07-08,Net 30,Matched
INV003009,PO001090,V00133,74718.16,2024-09-28,Paid,2024-10-18,Net 30,Matched
INV003010,PO005213,V00229,14996.05,2025-11-01,Paid,2025-12-30,Net 60,Matched
INV003011,PO003739,V00268,2974.81,2024-05-26,Paid,2024-06-27,Net 30,Matched
INV003012,PO000398,V00205,5984.01,2025-10-18,Paid,2025-11-20,Net 30,Matched
INV003013,PO000111,V00463,27557.82,2024-09-24,Paid Late,2024-11-01,Net 30,Price Variance
INV003014,PO003727,V00403,10511.83,2025-05-06,Paid,2025-05-21,Net 15,Matched
INV003015,PO000592,V00169,123106.19,2025-03-21,Paid,2025-04-15,Net 30,Matched
INV003016,PO004928,V00262,15812.21,2026-01-14,Unpaid,,Net 45,Matched
INV003017,PO003344,V00117,93602.73,2025-07-06,Paid,2025-08-24,Net 60,Matched
INV003018,PO005136,V00169,33483.71,2024-11-02,Paid,2024-12-15,Net 45,Matched
INV003019,PO000594,V00046,54686.07,2025-04-26,Paid Late,2025-05-19,Net 15,Matched
INV003020,PO002065,V00279,10866.63,2025-02-13,Paid,2025-03-13,Net 30,Matched
INV003021,PO004542,V00393,61391.63,2025-01-29,Paid Late,2025-04-10,Net 60,Matched
INV003022,PO002877,V00087,24103.82,2025-08-24,Paid,2025-09-19,Net 30,Matched
INV003023,PO000902,V00368,25542.01,2024-04-15,Paid,2024-06-18,Net 60,Price Variance
INV003024,PO003177,V00163,4285.07,2025-06-18,Paid,2025-08-10,Net 60,Matched
INV003025,PO001964,V00368,4506.93,2024-03-27,Paid Late,2024-05-17,Net 45,Matched
INV003026,PO002748,V00368,32369.96,2025-10-11,Paid Late,2025-11-16,Net 30,Matched
INV003027,PO001332,V00393,30146.31,2024-10-02,Paid,2024-10-24,Net 30,Matched
INV003028,PO004719,V00255,42896.72,2025-06-28,Paid,2025-08-18,Net 60,Matched
INV003029,PO005330,V00116,5306.5,2024-10-15,Paid,2024-11-16,Net 30,Matched
INV003030,PO003495,V00334,21016.24,2024-09-14,Paid,2024-11-02,Net 45,Matched
INV003031,PO002336,V00181,19941.27,2024-09-14,Paid Late,2024-10-11,Net 15,Matched
INV003032,PO000053,V00087,4670.6,2024-06-10,Paid,2024-06-25,Net 15,Matched
INV003033,PO004045,V00109,3070.46,2024-05-06,Paid Late,2024-06-29,Net 45,Matched
INV003034,PO004594,V00068,5295.19,2025-01-06,Paid,2025-02-22,Net 45,Price Variance
INV003035,PO003227,V00448,173021.2,2024-03-17,Paid,2024-05-01,Net 45,Matched
INV003036,PO004648,V00403,4195.5,2024-05-07,Paid,2024-05-12,Net 15,Matched
INV003037,PO001487,V00473,6343.6,2025-01-16,Paid,2025-03-17,Net 60,Matched
INV003038,PO002365,V00476,27263.35,2024-06-27,Paid Late,2024-09-01,Net 60,Matched
INV003039,PO001704,V00008,50319.06,2024-04-08,Paid,2024-05-12,Net 30,Matched
INV003040,PO004163,V00403,6825.22,2024-02-14,Paid,2024-03-08,Net 30,Matched
INV003041,PO003367,V00470,2549.3,2025-01-14,Paid,2025-03-18,Net 60,Missing Receipt
INV003042,PO004436,V00323,13677.26,2024-09-30,Paid,2024-11-04,Net 45,Price Variance
INV003043,PO003741,V00417,5176.17,2024-06-23,Paid,2024-07-21,Net 30,Matched
INV003044,PO002862,V00078,11822.37,2024-05-19,Paid Late,2024-07-02,Net 30,Price Variance
INV003045,PO001018,V00368,24180.76,2025-06-02,Paid,2025-08-05,Net 60,Matched
INV003046,PO004202,V00177,6689.71,2024-03-20,Paid Late,2024-05-26,Net 30,Missing Receipt
INV003047,PO001109,V00078,52787.69,2024-03-14,Paid,2024-03-24,Net 15,Matched
INV003048,PO000616,V00433,1609.4,2024-05-19,Paid,2024-06-11,Net 30,Matched
INV003049,PO002292,V00019,58285.82,2024-03-07,Paid,2024-04-08,Net 45,Matched
INV003050,PO002486,V00169,8953.6,2024-12-11,Paid,2024-12-24,Net 15,Matched
INV003051,PO001261,V00491,14260.79,2025-12-22,Paid,2025-12-27,Net 15,Matched
INV003052,PO000926,V00057,23825.15,2025-12-29,Unpaid,,Net 45,Matched
INV003053,PO000179,V00338,7098.43,2024-10-27,Paid,2024-12-06,Net 45,Matched
INV003054,PO000623,V00365,8982.71,2024-03-26,Paid,2024-05-21,Net 60,Matched
INV003055,PO002445,V00368,25038.17,2025-11-21,Unpaid,,Net 60,Matched
INV003056,PO004507,V00061,25459.73,2025-08-15,Paid,2025-08-28,Net 15,Matched
INV003057,PO003964,V00312,3032.21,2025-11-25,Paid Late,2025-12-21,Net 15,Matched
INV003058,PO005374,V00439,8319.51,2025-05-23,Paid,2025-07-18,Net 60,Matched
INV003059,PO000139,V00204,6398.74,2024-08-09,Paid,2024-09-08,Net 30,Price Variance
INV003060,PO004328,V00169,28797.72,2024-11-01,Paid,2024-11-06,Net 15,Matched
INV003061,PO004772,V00169,3915.34,2025-05-19,Paid,2025-07-02,Net 45,Matched
INV003062,PO003142,V00169,25254.9,2024-04-25,Paid Late,2024-06-17,Net 45,Matched
INV003063,PO001154,V00325,3579.68,2024-07-06,Paid,2024-08-23,Net 45,Matched
INV003064,PO003804,V00438,113668.98,2024-10-25,Paid,2024-12-17,Net 60,Matched
INV003065,PO002454,V00169,21988.24,2024-08-05,Paid,2024-09-08,Net 30,Matched
INV003066,PO000015,V00076,3868.45,2026-01-20,Unpaid,,Net 15,Matched
INV003067,PO003664,V00117,9257.8,2024-04-05,Paid,2024-05-21,Net 45,Matched
INV003068,PO000427,V00482,3901.04,2024-10-14,Paid,2024-11-22,Net 45,Matched
INV003069,PO001613,V00076,4183.29,2025-06-07,Paid,2025-06-19,Net 15,Matched
INV003070,PO001805,V00151,7391.58,2024-04-30,Paid,2024-06-18,Net 45,Matched
INV003071,PO002169,V00323,1673.39,2025-05-24,Paid,2025-07-03,Net 45,Price Variance
INV003072,PO005142,V00148,1083.75,2025-08-01,Paid,2025-10-04,Net 60,Matched
INV003073,PO005140,V00466,16169.38,2025-07-16,Paid,2025-07-21,Net 15,Matched
INV003074,PO004086,V00385,14223.85,2024-05-09,Paid,2024-05-28,Net 30,Missing Receipt
INV003075,PO004952,V00177,7273.4,2025-02-18,Paid Late,2025-05-24,Net 60,Matched
INV003076,PO002360,V00158,14256.45,2025-10-02,Paid,2025-10-22,Net 15,Matched
INV003077,PO003641,V00403,44217.66,2025-03-13,Paid,2025-03-22,Net 15,Matched
INV003078,PO004085,V00183,23955.01,2025-05-04,Paid Late,2025-07-10,Net 60,Missing Receipt
INV003079,PO004681,V00087,51591.69,2025-06-30,Paid Late,2025-07-30,Net 15,Matched
INV003080,PO002547,V00369,21015.06,2025-12-20,Unpaid,,Net 60,Matched
INV003081,PO001301,V00060,18873.4,2024-09-15,Paid Late,2024-11-05,Net 45,Matched
INV003082,PO003316,V00165,11136.06,2025-09-17,Paid Late,2025-11-29,Net 45,Matched
INV003083,PO001368,V00105,12397.93,2025-11-05,Paid Late,2025-12-12,Net 30,Matched
INV003084,PO000741,V00430,60856.59,2025-06-26,Paid,2025-08-20,Net 60,Missing Receipt
INV003085,PO003463,V00335,23663.74,2025-07-24,Paid,2025-09-02,Net 45,Matched
INV003086,PO002687,V00368,38932.84,2024-05-04,Paid,2024-05-13,Net 15,Matched
INV003087,PO000500,V00123,4557.67,2024-07-26,Paid Late,2024-10-06,Net 60,Missing Receipt
INV003088,PO004246,V00296,70046.19,2024-04-22,Paid,2024-05-23,Net 30,Matched
INV003089,PO004603,V00266,2391.7,2024-04-30,Paid,2024-05-22,Net 30,Matched
INV003090,PO000770,V00395,18778.62,2025-02-16,Paid,2025-03-03,Net 15,Matched
INV003091,PO002036,V00169,20599.72,2024-03-24,Paid Late,2024-05-05,Net 30,Missing Receipt
INV003092,PO001543,V00017,5441.11,2025-05-20,Paid,2025-06-11,Net 45,Matched
INV003093,PO004212,V00312,5913.23,2025-05-09,Paid,2025-06-24,Net 60,Matched
INV003094,PO005151,V00460,2641.15,2026-01-04,Unpaid,,Net 15,Matched
INV003095,PO005144,V00315,28525.91,2024-11-12,Paid,2024-12-06,Net 30,Matched
INV003096,PO004204,V00424,16695.15,2025-11-29,Unpaid,,Net 60,Matched
INV003097,PO004673,V00269,11464.32,2024-05-31,Paid,2024-07-31,Net 60,Matched
INV003098,PO002686,V00368,22107.08,2025-02-01,Paid,2025-04-05,Net 60,Missing Receipt
INV003099,PO003846,V00195,5983.88,2025-11-29,Unpaid,,Net 30,Matched
INV003100,PO002693,V00078,18879.91,2025-09-20,Paid,2025-11-22,Net 60,Matched
INV003101,PO003124,V00249,3244.28,2024-12-20,Paid Late,2025-04-03,Net 60,Matched
INV003102,PO000529,V00196,18831.8,2026-01-15,Unpaid,,Net 30,Matched
INV003103,PO005233,V00005,66132.92,2025-02-17,Paid,2025-04-02,Net 45,Matched
INV003104,PO001986,V00368,16906.5,2025-11-27,Paid,2025-12-08,Net 15,Price Variance
INV003105,PO002459,V00117,32160.64,2024-09-01,Paid Late,2024-11-17,Net 60,Matched
INV003106,PO000828,V00422,12044.46,2025-03-17,Paid,2025-04-29,Net 45,Matched
INV003107,PO003580,V00407,22093.49,2024-06-21,Paid,2024-08-19,Net 60,Matched
INV003108,PO003707,V00453,27733.76,2025-08-20,Paid,2025-09-30,Net 45,Matched
INV003109,PO003768,V00396,5432.47,2025-01-25,Paid Late,2025-02-26,Net 15,Matched
INV003110,PO003405,V00355,8497.72,2024-01-25,Paid,2024-02-21,Net 30,Matched
INV003111,PO004426,V00313,1569.96,2025-03-23,Paid,2025-05-04,Net 45,Matched
INV003112,PO001859,V00032,10461.29,2025-09-03,Paid,2025-10-26,Net 60,Matched
INV003113,PO004900,V00416,14097.55,2025-07-08,Paid,2025-08-24,Net 60,Missing Receipt
INV003114,PO004570,V00197,6095.07,2024-09-20,Paid Late,2024-10-30,Net 30,Matched
INV003115,PO001462,V00084,64842.11,2025-07-02,Paid,2025-08-20,Net 45,Matched
INV003116,PO002673,V00267,71226.81,2024-11-26,Paid,2025-01-13,Net 60,Matched
INV003117,PO003225,V00478,29301.85,2024-03-13,Paid Late,2024-04-23,Net 30,Matched
INV003118,PO001532,V00491,28862.06,2024-10-14,Paid,2024-11-11,Net 30,Matched
INV003119,PO004649,V00343,3164.96,2025-02-22,Paid,2025-03-11,Net 15,Matched
INV003120,PO001657,V00083,5796.43,2025-07-30,Paid,2025-09-25,Net 60,Matched
INV003121,PO004882,V00500,130952.33,2025-06-28,Paid,2025-07-15,Net 15,Missing Receipt
INV003122,PO004095,V00177,5767.92,2025-11-20,Unpaid,,Net 60,Matched
INV003123,PO001510,V00064,4616.15,2025-10-19,Paid,2025-11-30,Net 45,Missing Receipt
INV003124,PO002535,V00128,152746.96,2024-11-07,Paid,2024-12-10,Net 45,Matched
INV003125,PO000233,V00445,11144.84,2025-11-05,Paid,2025-11-16,Net 15,Matched
INV003126,PO005106,V00302,6675.95,2025-08-16,Paid,2025-09-20,Net 30,Matched
INV003127,PO004346,V00468,4568.81,2024-04-30,Paid Late,2024-08-01,Net 60,Matched
INV003128,PO004243,V00083,4516.3,2024-05-21,Paid,2024-06-17,Net 30,Matched
INV003129,PO000875,V00037,46524.36,2025-08-09,Paid,2025-09-30,Net 60,Matched
INV003130,PO002209,V00248,3714.75,2025-07-12,Paid,2025-08-27,Net 60,Matched
INV003131,PO001061,V00425,19852.56,2025-10-23,Paid Late,2025-12-02,Net 30,Matched
INV003132,PO001838,V00203,4274.69,2025-11-05,Paid Late,2025-11-28,Net 15,Matched
INV003133,PO001369,V00278,11171.09,2024-08-11,Paid Late,2024-09-18,Net 30,Matched
INV003134,PO000724,V00169,12608.03,2025-09-08,Paid Late,2025-10-19,Net 30,Missing Receipt
INV003135,PO000843,V00298,417985.71,2025-08-29,Paid,2025-09-16,Net 30,Matched
INV003136,PO001733,V00411,25170.75,2025-12-17,Unpaid,,Net 60,Matched
INV003137,PO001701,V00169,15876.41,2024-08-07,Paid,2024-08-20,Net 15,Matched
INV003138,PO004262,V00146,6936.63,2025-01-26,Paid Late,2025-03-26,Net 45,Matched
INV003139,PO000766,V00169,92388.86,2025-01-19,Paid Late,2025-02-28,Net 30,Matched
INV003140,PO000949,V00094,3940.93,2025-08-24,Paid,2025-09-08,Net 15,Matched
INV003141,PO004693,V00491,2429.95,2024-02-09,Paid,2024-03-07,Net 30,Matched
INV003142,PO002509,V00368,13654.6,2024-11-26,Paid,2024-12-10,Net 15,Matched
INV003143,PO001539,V00484,74505.66,2025-02-11,Paid,2025-02-19,Net 15,Matched
INV003144,PO002915,V00197,16585.38,2024-11-05,Paid,2024-12-21,Net 45,Matched
INV003145,PO001749,V00212,3540.88,2025-12-18,Unpaid,,Net 15,Matched
INV003146,PO004245,V00123,2366.54,2024-09-14,Paid,2024-11-17,Net 60,Matched
INV003147,PO005169,V00343,3893.09,2024-02-27,Paid,2024-03-22,Net 30,Matched
INV003148,PO000181,V00353,3358.1,2024-05-28,Paid,2024-06-23,Net 30,Matched
INV003149,PO001135,V00375,4733.55,2025-01-12,Paid,2025-01-17,Net 15,Matched
INV003150,PO005062,V00134,24760.04,2025-06-12,Paid,2025-06-20,Net 15,Matched
INV003151,PO002978,V00290,34020.33,2024-07-25,Paid Late,2024-09-27,Net 30,Matched
INV003152,PO001638,V00169,1415.84,2025-04-07,Paid Late,2025-06-17,Net 60,Missing Receipt
INV003153,PO002733,V00411,20481.89,2025-07-15,Paid,2025-08-29,Net 60,Matched
INV003154,PO001268,V00496,5356.8,2024-11-22,Paid Late,2025-01-31,Net 60,Matched
INV003155,PO000184,V00403,15694.83,2025-01-19,Paid,2025-01-24,Net 15,Matched
INV003156,PO000987,V00075,14224.59,2024-02-05,Paid,2024-03-04,Net 30,Matched
INV003157,PO005002,V00368,6374.86,2025-04-13,Paid,2025-06-15,Net 60,Matched
INV003158,PO004919,V00145,48972.64,2025-07-03,Paid,2025-09-02,Net 60,Matched
INV003159,PO005359,V00368,12587.79,2025-09-01,Paid,2025-10-13,Net 45,Matched
INV003160,PO000951,V00153,5843.74,2025-12-06,Unpaid,,Net 30,Matched
INV003161,PO000551,V00125,14839.21,2025-03-17,Paid,2025-04-27,Net 45,Matched
INV003162,PO000402,V00179,66895.22,2025-11-12,Paid,2025-12-21,Net 45,Matched
INV003163,PO004032,V00368,7819.0,2024-02-29,Paid,2024-04-05,Net 45,Matched
INV003164,PO004461,V00499,9959.68,2025-12-31,Unpaid,,Net 60,Price Variance
INV003165,PO004290,V00018,17890.74,2025-01-19,Paid,2025-02-03,Net 15,Matched
INV003166,PO004358,V00455,6658.76,2025-03-05,Paid,2025-03-28,Net 30,Matched
INV003167,PO000065,V00075,8882.49,2025-12-17,Unpaid,,Net 45,Matched
INV003168,PO005095,V00434,545.68,2024-10-12,Paid,2024-11-19,Net 45,Matched
INV003169,PO001503,V00396,10752.56,2025-04-04,Paid,2025-05-23,Net 45,Matched
INV003170,PO001340,V00287,18371.4,2024-08-31,Paid,2024-09-06,Net 15,Matched
INV003171,PO001181,V00098,5407.75,2025-01-19,Paid,2025-02-07,Net 30,Matched
INV003172,PO001849,V00143,8202.78,2024-11-17,Paid,2025-01-19,Net 60,Matched
INV003173,PO001710,V00036,21931.79,2025-10-31,Paid,2025-11-17,Net 30,Matched
INV003174,PO000007,V00166,7159.92,2024-04-09,Paid,2024-06-10,Net 60,Matched
INV003175,PO004549,V00403,3065.44,2024-11-16,Paid Late,2025-01-14,Net 45,Matched
INV003176,PO002398,V00083,14554.27,2025-03-30,Paid,2025-05-01,Net 30,Missing Receipt
INV003177,PO004657,V00403,2200.22,2025-10-03,Paid,2025-12-07,Net 60,Matched
INV003178,PO003475,V00079,8020.65,2025-10-08,Paid,2025-11-27,Net 60,Missing Receipt
INV003179,PO004534,V00393,8989.88,2024-02-01,Paid,2024-04-06,Net 60,Matched
INV003180,PO005268,V00288,4386.18,2025-06-14,Paid,2025-08-04,Net 60,Matched
INV003181,PO003726,V00368,47077.38,2024-10-21,Paid,2024-11-09,Net 15,Matched
INV003182,PO004548,V00136,6091.26,2024-12-14,Paid,2025-01-14,Net 30,Matched
INV003183,PO001632,V00462,16315.49,2025-11-10,Paid,2025-12-29,Net 60,Missing Receipt
INV003184,PO001279,V00311,21428.35,2026-01-12,Unpaid,,Net 45,Matched
INV003185,PO001025,V00374,42636.75,2025-05-09,Paid Late,2025-06-19,Net 30,Matched
INV003186,PO002589,V00266,2475.85,2024-03-25,Paid,2024-05-27,Net 60,Matched
INV003187,PO003529,V00078,21372.3,2025-05-16,Paid,2025-07-16,Net 60,Matched
INV003188,PO003913,V00023,26564.53,2024-03-02,Paid,2024-04-06,Net 45,Matched
INV003189,PO003541,V00077,2921.26,2024-05-28,Paid Late,2024-07-03,Net 30,Matched
INV003190,PO003303,V00215,1783.02,2025-02-10,Paid,2025-04-02,Net 60,Matched
INV003191,PO001747,V00427,1651.76,2025-02-01,Paid,2025-03-07,Net 30,Matched
INV003192,PO000867,V00368,75561.0,2024-12-19,Paid,2025-02-18,Net 60,Matched
INV003193,PO000070,V00025,35888.27,2026-01-06,Unpaid,,Net 30,Price Variance
INV003194,PO001303,V00368,12318.93,2024-06-20,Paid,2024-07-06,Net 15,Matched
INV003195,PO002986,V00301,7424.85,2025-06-22,Paid,2025-07-30,Net 45,Matched
INV003196,PO004140,V00438,17709.52,2024-07-08,Paid Late,2024-08-04,Net 15,Matched
INV003197,PO002750,V00357,5710.41,2025-02-12,Paid Late,2025-03-21,Net 30,Matched
INV003198,PO001274,V00102,81162.64,2025-08-04,Paid,2025-08-21,Net 15,Matched
INV003199,PO001693,V00284,5528.36,2025-06-26,Paid,2025-08-04,Net 45,Matched
INV003200,PO001768,V00160,9998.18,2025-07-08,Paid,2025-07-13,Net 15,Price Variance
INV003201,PO003765,V00439,18133.24,2026-01-23,Unpaid,,Net 30,Matched
INV003202,PO002882,V00248,12409.4,2024-01-30,Paid Late,2024-03-09,Net 15,Matched
INV003203,PO001480,V00169,221732.93,2025-10-05,Paid,2025-11-09,Net 45,Matched
INV003204,PO004029,V00134,44019.89,2025-12-08,Unpaid,,Net 60,Matched
INV003205,PO000599,V00479,2302.9,2025-05-21,Paid Late,2025-06-27,Net 30,Matched
INV003206,PO003831,V00369,23138.4,2025-01-27,Paid Late,2025-02-28,Net 15,Matched
INV003207,PO003552,V00195,11722.62,2025-07-19,Paid,2025-08-23,Net 30,Matched
INV003208,PO000026,V00232,18072.31,2025-06-03,Paid,2025-06-25,Net 30,Matched
INV003209,PO001029,V00356,25156.28,2026-01-05,Unpaid,,Net 60,Matched
INV003210,PO000052,V00448,77793.67,2025-02-06,Paid,2025-02-14,Net 15,Matched
INV003211,PO004413,V00007,7806.25,2025-07-31,Paid,2025-08-18,Net 30,Matched
INV003212,PO005190,V00315,50651.88,2024-04-05,Paid,2024-05-02,Net 30,Matched
INV003213,PO004296,V00408,22864.39,2025-11-11,Unpaid,,Net 60,Matched
INV003214,PO000786,V00062,1175.61,2024-04-13,Paid Late,2024-06-18,Net 60,Matched
INV003215,PO003681,V00357,3527.8,2025-05-06,Paid,2025-06-23,Net 60,Price Variance
INV003216,PO001406,V00159,100048.89,2025-05-07,Paid,2025-06-18,Net 45,Matched
INV003217,PO002780,V00221,14841.44,2025-03-16,Paid,2025-04-11,Net 30,Matched
INV003218,PO002860,V00078,5355.01,2025-11-15,Paid,2025-12-08,Net 30,Matched
INV003219,PO000808,V00323,3614.82,2024-06-15,Paid,2024-07-04,Net 15,Matched
INV003220,PO004197,V00251,13107.37,2025-07-11,Paid,2025-08-21,Net 45,Matched
INV003221,PO002574,V00494,4629.53,2025-09-22,Paid,2025-11-02,Net 45,Price Variance
INV003222,PO005358,V00293,48358.76,2025-07-14,Paid,2025-09-02,Net 45,Matched
INV003223,PO004640,V00082,3411.88,2026-01-25,Unpaid,,Net 60,Price Variance
INV003224,PO000365,V00370,5914.58,2025-08-27,Paid Late,2025-09-19,Net 15,Matched
INV003225,PO004739,V00058,15242.17,2024-12-07,Paid,2025-02-03,Net 60,Matched
INV003226,PO001197,V00486,31331.07,2024-03-08,Paid,2024-04-21,Net 60,Matched
INV003227,PO002125,V00403,12604.4,2025-04-06,Paid,2025-05-21,Net 45,Matched
INV003228,PO003794,V00062,3964.11,2025-04-25,Paid,2025-06-27,Net 60,Missing Receipt
INV003229,PO000234,V00462,16725.69,2025-10-08,Paid Late,2025-12-16,Net 60,Matched
INV003230,PO004494,V00275,2227.54,2025-10-26,Paid,2025-11-28,Net 30,Matched
INV003231,PO002546,V00096,27632.98,2025-12-23,Unpaid,,Net 60,Matched
INV003232,PO004336,V00255,24322.76,2024-07-02,Paid,2024-07-21,Net 30,Missing Receipt
INV003233,PO000937,V00336,4454.03,2024-10-07,Paid,2024-12-08,Net 60,Price Variance
INV003234,PO004080,V00169,32365.73,2025-05-12,Paid Late,2025-06-08,Net 15,Matched
INV003235,PO005273,V00078,8055.58,2024-03-14,Paid Late,2024-05-06,Net 45,Price Variance
INV003236,PO002034,V00441,6165.4,2024-12-13,Paid Late,2025-01-22,Net 30,Matched
INV003237,PO000858,V00113,4357.55,2025-12-26,Unpaid,,Net 15,Price Variance
INV003238,PO005361,V00421,691.56,2024-11-03,Paid,2024-12-10,Net 45,Matched
INV003239,PO002650,V00347,2498.4,2024-08-17,Paid Late,2024-09-13,Net 15,Matched
INV003240,PO002743,V00259,7719.66,2025-09-19,Paid,2025-10-05,Net 15,Matched
INV003241,PO003117,V00450,35028.1,2025-02-24,Paid Late,2025-04-05,Net 30,Matched
INV003242,PO000197,V00275,50387.37,2025-02-15,Paid,2025-03-31,Net 60,Matched
INV003243,PO005448,V00406,5849.62,2025-07-05,Paid,2025-07-10,Net 15,Matched
INV003244,PO003023,V00234,209.48,2025-06-24,Paid,2025-07-01,Net 15,Matched
INV003245,PO004449,V00465,3642.21,2025-01-08,Paid,2025-02-08,Net 45,Matched
INV003246,PO001490,V00108,6494.52,2025-12-07,Paid,2025-12-19,Net 15,Matched
INV003247,PO005444,V00397,39793.49,2025-01-23,Paid,2025-03-08,Net 45,Matched
INV003248,PO000291,V00368,34461.2,2025-01-11,Paid,2025-01-27,Net 15,Matched
INV003249,PO001731,V00181,1102.86,2024-03-16,Paid,2024-04-10,Net 30,Price Variance
INV003250,PO001504,V00023,43660.11,2025-09-03,Paid Late,2025-10-26,Net 45,Matched
INV003251,PO001051,V00084,21140.96,2025-05-26,Paid,2025-07-14,Net 60,Missing Receipt
INV003252,PO005003,V00207,3947.32,2025-09-25,Paid Late,2025-10-31,Net 30,Matched
INV003253,PO000913,V00425,3352.89,2026-01-07,Unpaid,,Net 30,Matched
INV003254,PO000278,V00017,1713.33,2024-09-02,Paid Late,2024-10-10,Net 30,Missing Receipt
INV003255,PO000451,V00159,43049.56,2024-09-14,Paid,2024-10-25,Net 45,Matched
INV003256,PO003802,V00108,779.18,2024-08-28,Paid Late,2024-10-30,Net 45,Matched
INV003257,PO005096,V00112,58878.66,2025-10-12,Paid,2025-11-30,Net 60,Missing Receipt
INV003258,PO001606,V00318,1080.33,2025-10-07,Paid,2025-11-23,Net 45,Matched
INV003259,PO005171,V00452,4571.74,2024-12-20,Paid Late,2025-01-14,Net 15,Matched
INV003260,PO005275,V00485,10911.02,2024-09-25,Paid Late,2024-11-23,Net 45,Matched
INV003261,PO003839,V00412,11103.57,2024-04-06,Paid Late,2024-06-04,Net 45,Matched
INV003262,PO001619,V00140,13660.5,2024-07-03,Paid,2024-07-19,Net 15,Matched
INV003263,PO003771,V00073,34822.07,2024-11-13,Paid,2024-12-26,Net 45,Matched
INV003264,PO003313,V00113,15082.07,2025-07-21,Paid,2025-08-01,Net 15,Matched
INV003265,PO001886,V00037,7687.14,2025-09-16,Paid,2025-10-29,Net 45,Matched
INV003266,PO004845,V00123,2021.42,2024-09-01,Paid,2024-10-01,Net 30,Matched
INV003267,PO000020,V00476,9293.72,2025-10-20,Paid,2025-12-24,Net 60,Matched
INV003268,PO004651,V00084,52822.26,2024-12-28,Paid,2025-01-13,Net 15,Price Variance
INV003269,PO005453,V00007,34249.93,2025-10-24,Paid,2025-11-26,Net 30,Matched
INV003270,PO000823,V00368,10487.74,2025-12-24,Unpaid,,Net 60,Matched
INV003271,PO000992,V00031,52915.08,2024-08-25,Paid Late,2024-10-03,Net 30,Matched
INV003272,PO004943,V00482,4822.06,2025-08-01,Paid,2025-09-15,Net 45,Matched
INV003273,PO004580,V00371,26226.33,2025-04-30,Paid,2025-06-17,Net 45,Price Variance
INV003274,PO005012,V00359,31475.91,2025-05-20,Paid,2025-07-02,Net 45,Matched
INV003275,PO002273,V00242,6281.31,2024-07-24,Paid,2024-07-31,Net 15,Matched
INV003276,PO001464,V00145,24828.79,2024-10-10,Paid,2024-10-28,Net 15,Matched
INV003277,PO004373,V00027,105019.04,2024-05-08,Paid Late,2024-06-30,Net 45,Matched
INV003278,PO003502,V00368,16464.87,2025-09-18,Paid,2025-11-11,Net 60,Matched
INV003279,PO001220,V00144,66425.57,2025-02-21,Paid,2025-03-07,Net 15,Matched
INV003280,PO000340,V00127,4930.19,2025-03-18,Paid Late,2025-04-15,Net 15,Matched
INV003281,PO003130,V00447,3754.22,2025-01-28,Paid,2025-02-04,Net 15,Matched
INV003282,PO002716,V00095,1528.96,2025-06-22,Paid,2025-08-25,Net 60,Matched
INV003283,PO003716,V00379,9324.35,2024-02-01,Paid,2024-03-20,Net 45,Matched
INV003284,PO005423,V00274,2930.4,2025-01-28,Paid Late,2025-04-09,Net 45,Matched
INV003285,PO003424,V00491,10847.16,2026-01-05,Unpaid,,Net 45,Matched
INV003286,PO003145,V00403,23567.81,2024-11-25,Paid,2025-01-19,Net 60,Missing Receipt
INV003287,PO002558,V00284,16882.55,2025-06-15,Paid,2025-07-05,Net 15,Matched
INV003288,PO004181,V00182,13602.82,2025-08-26,Paid Late,2025-09-17,Net 15,Matched
INV003289,PO001584,V00158,3469.33,2024-12-24,Paid,2024-12-29,Net 15,Matched
INV003290,PO000697,V00052,5500.18,2025-01-11,Paid,2025-02-05,Net 30,Matched
INV003291,PO001455,V00039,4049.48,2025-11-04,Paid Late,2025-11-27,Net 15,Price Variance
INV003292,PO005447,V00092,10295.74,2025-01-08,Paid,2025-01-25,Net 15,Matched
INV003293,PO004082,V00375,44539.86,2025-07-11,Paid,2025-09-11,Net 60,Price Variance
INV003294,PO005282,V00348,28607.81,2024-12-09,Paid Late,2024-12-31,Net 15,Matched
INV003295,PO000956,V00368,20994.17,2024-04-01,Paid,2024-04-15,Net 15,Matched
INV003296,PO005100,V00491,10875.75,2024-12-01,Paid,2025-01-07,Net 45,Matched
INV003297,PO001847,V00308,7150.92,2026-01-10,Unpaid,,Net 15,Matched
INV003298,PO001758,V00268,5718.68,2025-05-27,Paid Late,2025-08-03,Net 60,Matched
INV003299,PO002131,V00056,49096.42,2024-06-30,Paid,2024-08-06,Net 45,Matched
INV003300,PO004961,V00419,2294.2,2024-06-16,Paid,2024-06-21,Net 15,Price Variance
INV003301,PO002308,V00348,50040.38,2025-05-16,Paid,2025-06-30,Net 45,Matched
INV003302,PO005344,V00368,41360.31,2026-01-07,Unpaid,,Net 15,Matched
INV003303,PO001972,V00169,111153.56,2024-10-19,Paid,2024-11-05,Net 15,Matched
INV003304,PO005261,V00077,1040.56,2025-10-28,Paid,2025-12-30,Net 60,Missing Receipt
INV003305,PO004261,V00292,20212.51,2024-10-29,Paid,2024-11-03,Net 15,Matched
INV003306,PO002407,V00286,95072.86,2024-07-03,Paid,2024-08-21,Net 60,Matched
INV003307,PO000243,V00337,24407.76,2025-07-29,Paid,2025-08-22,Net 30,Matched
INV003308,PO002572,V00415,50389.0,2024-04-23,Paid Late,2024-07-05,Net 60,Price Variance
INV003309,PO001461,V00403,5933.61,2025-04-17,Paid,2025-05-08,Net 30,Matched
INV003310,PO004834,V00330,27511.57,2024-10-25,Paid Late,2024-12-31,Net 60,Missing Receipt
INV003311,PO004289,V00394,33294.69,2024-04-11,Paid,2024-05-19,Net 45,Matched
INV003312,PO005334,V00245,30353.95,2024-05-18,Paid,2024-06-11,Net 45,Matched
INV003313,PO001342,V00105,6516.53,2024-02-04,Paid,2024-03-08,Net 30,Matched
INV003314,PO002901,V00429,78059.09,2025-10-03,Paid,2025-10-14,Net 15,Missing Receipt
INV003315,PO004429,V00182,23760.96,2024-09-08,Paid,2024-10-24,Net 45,Matched
INV003316,PO002852,V00387,27867.4,2024-07-11,Paid Late,2024-09-02,Net 45,Matched
INV003317,PO003308,V00179,19173.47,2025-10-24,Paid Late,2025-12-14,Net 45,Matched
INV003318,PO000153,V00153,10586.56,2025-08-20,Paid,2025-09-13,Net 30,Matched
INV003319,PO005186,V00184,876.79,2024-04-01,Paid Late,2024-05-10,Net 30,Matched
INV003320,PO003825,V00117,8087.72,2025-02-02,Paid,2025-04-06,Net 60,Matched
INV003321,PO004754,V00095,5521.03,2025-03-24,Paid Late,2025-05-04,Net 30,Matched
INV003322,PO004937,V00230,1708.88,2025-05-03,Paid,2025-05-20,Net 15,Missing Receipt
INV003323,PO000382,V00261,5058.28,2025-03-17,Paid,2025-05-12,Net 60,Matched
INV003324,PO000159,V00111,4274.9,2024-10-07,Paid,2024-11-29,Net 60,Missing Receipt
INV003325,PO002175,V00403,7202.12,2024-05-13,Paid,2024-06-01,Net 30,Matched
INV003326,PO002173,V00080,31037.06,2025-06-23,Paid,2025-07-09,Net 15,Matched
INV003327,PO002485,V00203,14503.27,2025-02-12,Paid Late,2025-03-28,Net 30,Matched
INV003328,PO000884,V00124,18026.19,2024-05-18,Paid,2024-06-16,Net 30,Matched
INV003329,PO000939,V00298,108714.62,2025-12-19,Unpaid,,Net 60,Matched
INV003330,PO002562,V00235,3862.19,2025-12-21,Paid,2025-12-26,Net 15,Matched
INV003331,PO004766,V00227,7514.59,2024-12-25,Paid,2025-01-22,Net 30,Matched
INV003332,PO003169,V00403,56728.11,2024-12-11,Paid,2024-12-28,Net 15,Matched
INV003333,PO003307,V00010,3864.12,2025-12-16,Unpaid,,Net 45,Matched
INV003334,PO000603,V00117,85682.61,2025-03-16,Paid,2025-03-23,Net 15,Price Variance
INV003335,PO001753,V00145,5396.6,2025-08-08,Paid,2025-09-12,Net 30,Missing Receipt
INV003336,PO003391,V00353,22048.1,2025-05-21,Paid,2025-05-26,Net 15,Matched
INV003337,PO004282,V00083,5061.94,2025-10-11,Paid,2025-11-25,Net 45,Matched
INV003338,PO002539,V00368,15779.29,2024-10-09,Paid,2024-11-28,Net 60,Matched
INV003339,PO004729,V00318,243.66,2024-12-16,Paid,2025-02-11,Net 60,Matched
INV003340,PO005148,V00069,2562.07,2024-02-20,Paid,2024-03-26,Net 30,Matched
INV003341,PO003104,V00058,28623.39,2025-11-08,Paid,2025-12-17,Net 45,Matched
INV003342,PO004574,V00252,10862.37,2025-07-30,Paid,2025-08-15,Net 30,Missing Receipt
INV003343,PO005230,V00393,142445.36,2026-01-03,Unpaid,,Net 60,Matched
INV003344,PO004637,V00019,241239.4,2024-05-21,Paid,2024-06-08,Net 30,Matched
INV003345,PO000674,V00020,736.05,2025-12-14,Paid,2025-12-19,Net 15,Matched
INV003346,PO003455,V00223,5784.34,2025-05-11,Paid,2025-06-01,Net 30,Missing Receipt
INV003347,PO002007,V00450,30767.95,2025-09-26,Paid,2025-11-17,Net 60,Matched
INV003348,PO004402,V00159,12611.05,2024-08-02,Paid,2024-08-07,Net 15,Matched
INV003349,PO003096,V00235,10097.92,2025-12-01,Paid,2025-12-31,Net 45,Matched
INV003350,PO001346,V00214,23304.19,2025-06-07,Paid Late,2025-07-29,Net 45,Price Variance
INV003351,PO005337,V00119,6280.96,2025-09-03,Paid,2025-09-23,Net 30,Matched
INV003352,PO000934,V00389,31140.65,2024-11-02,Paid,2024-12-05,Net 30,Matched
INV003353,PO003590,V00321,23126.7,2025-04-16,Paid,2025-06-20,Net 60,Matched
INV003354,PO005086,V00112,8440.05,2025-05-14,Paid,2025-07-06,Net 60,Price Variance
INV003355,PO002695,V00090,6397.03,2024-05-27,Paid,2024-07-23,Net 60,Matched
INV003356,PO000395,V00030,2016.34,2025-12-13,Unpaid,,Net 60,Matched
INV003357,PO002458,V00249,23788.69,2025-09-20,Paid Late,2025-11-28,Net 30,Matched
INV003358,PO002166,V00169,22455.53,2024-10-29,Paid,2024-11-13,Net 15,Matched
INV003359,PO003305,V00186,11838.78,2025-07-24,Paid,2025-08-26,Net 45,Matched
INV003360,PO002969,V00178,21795.36,2024-12-25,Paid,2025-02-14,Net 60,Matched
INV003361,PO003767,V00251,3637.7,2025-07-14,Paid,2025-07-21,Net 15,Matched
INV003362,PO002721,V00403,46065.45,2025-07-05,Paid,2025-08-20,Net 45,Matched
INV003363,PO000962,V00403,5084.12,2025-09-09,Paid,2025-10-24,Net 60,Matched
INV003364,PO005471,V00429,73703.14,2025-09-14,Paid,2025-09-22,Net 15,Price Variance
INV003365,PO003576,V00368,984.04,2025-04-29,Paid Late,2025-05-21,Net 15,Matched
INV003366,PO003887,V00148,5206.45,2024-06-12,Paid Late,2024-08-17,Net 60,Matched
INV003367,PO005363,V00251,9797.39,2026-01-18,Unpaid,,Net 60,Matched
INV003368,PO002954,V00071,1469.76,2025-02-25,Paid Late,2025-03-26,Net 15,Matched
INV003369,PO004451,V00225,8601.13,2025-12-10,Unpaid,,Net 15,Price Variance
INV003370,PO000725,V00179,5636.18,2025-10-10,Paid,2025-11-19,Net 60,Matched
INV003371,PO002785,V00239,3542.83,2025-03-24,Paid,2025-04-05,Net 15,Matched
INV003372,PO002616,V00292,11676.7,2025-11-05,Paid,2025-12-02,Net 30,Matched
INV003373,PO004353,V00407,9856.13,2024-10-23,Paid Late,2024-12-30,Net 60,Price Variance
INV003374,PO004811,V00343,83829.71,2024-05-06,Paid,2024-05-20,Net 15,Missing Receipt
INV003375,PO000221,V00143,40025.78,2025-01-26,Paid Late,2025-03-25,Net 45,Matched
INV003376,PO002320,V00093,1648.19,2024-10-09,Paid,2024-11-13,Net 45,Matched
INV003377,PO002990,V00197,13681.14,2024-04-04,Paid,2024-04-27,Net 30,Matched
INV003378,PO002072,V00409,11384.55,2024-07-19,Paid,2024-07-29,Net 15,Price Variance
INV003379,PO003672,V00368,12748.84,2024-04-27,Paid,2024-06-11,Net 45,Missing Receipt
INV003380,PO005368,V00300,5327.92,2025-10-24,Paid,2025-11-24,Net 45,Matched
INV003381,PO004484,V00403,5350.63,2024-09-13,Paid,2024-09-27,Net 15,Matched
INV003382,PO004206,V00300,2945.44,2024-06-11,Paid,2024-07-15,Net 30,Missing Receipt
INV003383,PO000993,V00401,15426.4,2024-08-28,Paid,2024-09-11,Net 15,Matched
INV003384,PO002710,V00305,12960.82,2025-11-08,Paid,2025-11-20,Net 15,Missing Receipt
INV003385,PO003752,V00357,4480.9,2025-02-06,Paid Late,2025-03-21,Net 30,Matched
INV003386,PO000287,V00368,14832.95,2024-04-02,Paid,2024-04-25,Net 30,Matched
INV003387,PO001744,V00012,27598.52,2025-04-11,Paid,2025-05-25,Net 45,Matched
INV003388,PO004899,V00368,5200.08,2025-06-11,Paid Late,2025-08-01,Net 45,Matched
INV003389,PO000915,V00156,42262.08,2025-01-05,Paid Late,2025-01-29,Net 15,Matched
INV003390,PO003294,V00029,379927.66,2024-09-20,Paid,2024-10-12,Net 30,Matched
INV003391,PO004183,V00116,15568.38,2025-10-15,Paid Late,2025-11-05,Net 15,Matched
INV003392,PO002914,V00362,2514.21,2025-05-14,Paid,2025-06-28,Net 45,Matched
INV003393,PO004522,V00368,60719.02,2025-02-19,Paid,2025-02-28,Net 15,Matched
INV003394,PO000300,V00478,13896.49,2025-02-21,Paid,2025-03-14,Net 30,Matched
INV003395,PO004382,V00485,2224.42,2024-06-24,Paid,2024-07-24,Net 30,Matched
INV003396,PO003496,V00492,9498.04,2024-06-02,Paid,2024-06-28,Net 45,Matched
INV003397,PO000440,V00060,7643.03,2024-12-31,Paid,2025-02-24,Net 60,Missing Receipt
INV003398,PO001173,V00138,7870.51,2024-10-28,Paid Late,2025-01-09,Net 60,Matched
INV003399,PO000600,V00235,20098.85,2025-05-04,Paid,2025-05-23,Net 15,Matched
INV003400,PO000187,V00480,3101.13,2025-10-12,Paid,2025-10-17,Net 15,Matched
INV003401,PO004867,V00182,11628.08,2025-04-09,Paid Late,2025-05-30,Net 45,Matched
INV003402,PO000310,V00298,51228.14,2025-08-02,Paid Late,2025-08-23,Net 15,Missing Receipt
INV003403,PO001277,V00323,1075.35,2025-08-30,Paid,2025-09-24,Net 30,Price Variance
INV003404,PO003445,V00200,23513.61,2025-12-06,Paid,2025-12-11,Net 15,Matched
INV003405,PO002168,V00105,20286.45,2025-05-01,Paid Late,2025-06-16,Net 30,Matched
INV003406,PO002615,V00368,119675.83,2024-08-12,Paid,2024-09-03,Net 30,Matched
INV003407,PO002561,V00146,9502.44,2025-11-08,Paid,2025-12-05,Net 30,Matched
INV003408,PO005354,V00145,38921.22,2024-10-23,Paid,2024-11-07,Net 15,Matched
INV003409,PO002576,V00140,5712.04,2026-01-16,Unpaid,,Net 45,Matched
INV003410,PO005332,V00368,284841.49,2025-07-26,Paid,2025-09-05,Net 45,Matched
INV003411,PO001752,V00172,86912.95,2024-05-12,Paid,2024-07-01,Net 45,Matched
INV003412,PO002504,V00166,26393.29,2025-10-09,Paid Late,2025-11-24,Net 30,Matched
INV003413,PO003646,V00475,1303.89,2025-06-27,Paid,2025-08-27,Net 60,Matched
INV003414,PO005158,V00224,29639.68,2024-03-25,Paid,2024-05-20,Net 60,Price Variance
INV003415,PO002651,V00143,3341.33,2024-11-25,Paid,2025-01-26,Net 60,Matched
INV003416,PO001304,V00062,680.43,2024-04-04,Paid,2024-06-06,Net 60,Matched
INV003417,PO002389,V00374,12277.89,2024-05-19,Paid,2024-06-04,Net 30,Missing Receipt
INV003418,PO003407,V00300,1251.06,2025-12-16,Paid,2025-12-27,Net 15,Matched
INV003419,PO000963,V00144,17604.45,2025-11-19,Unpaid,,Net 45,Matched
INV003420,PO000004,V00239,64634.98,2026-01-16,Unpaid,,Net 30,Matched
INV003421,PO003251,V00117,2036.21,2024-10-03,Paid,2024-12-06,Net 60,Missing Receipt
INV003422,PO001050,V00382,7366.17,2025-07-08,Paid Late,2025-08-31,Net 45,Matched
INV003423,PO005370,V00368,257077.17,2024-09-17,Paid Late,2024-11-07,Net 45,Matched
INV003424,PO004481,V00366,1808.86,2025-09-03,Paid,2025-10-18,Net 45,Matched
INV003425,PO002461,V00368,25950.77,2025-02-10,Paid,2025-03-09,Net 30,Price Variance
INV003426,PO004756,V00123,2756.9,2025-11-11,Paid Late,2025-12-24,Net 30,Matched
INV003427,PO001956,V00285,16608.92,2024-09-24,Paid,2024-10-31,Net 45,Matched
INV003428,PO005240,V00335,26594.17,2024-11-22,Paid,2024-12-20,Net 30,Matched
INV003429,PO003724,V00169,73736.24,2024-12-24,Paid,2025-01-06,Net 30,Matched
INV003430,PO002297,V00239,16138.06,2025-09-28,Paid,2025-10-28,Net 30,Matched
INV003431,PO002800,V00332,13852.19,2025-01-17,Paid Late,2025-02-23,Net 30,Matched
INV003432,PO001726,V00158,2307.2,2024-10-03,Paid Late,2024-12-21,Net 60,Matched
INV003433,PO004946,V00298,18132.7,2025-11-11,Paid,2025-11-25,Net 15,Price Variance
INV003434,PO005309,V00169,67486.06,2024-03-16,Paid,2024-04-03,Net 15,Matched
INV003435,PO002455,V00368,2860.49,2025-03-08,Paid,2025-04-12,Net 30,Missing Receipt
INV003436,PO003006,V00112,7263.58,2025-10-14,Paid Late,2025-11-06,Net 15,Matched
INV003437,PO001000,V00417,15516.6,2024-03-08,Paid,2024-04-15,Net 60,Missing Receipt
INV003438,PO001027,V00148,3366.97,2024-02-07,Paid,2024-02-22,Net 15,Matched
INV003439,PO001907,V00117,39415.95,2025-03-21,Paid,2025-04-25,Net 30,Missing Receipt
INV003440,PO005183,V00084,9480.31,2025-12-30,Unpaid,,Net 60,Matched
INV003441,PO000475,V00403,3391.95,2024-11-16,Paid,2024-12-08,Net 30,Matched
INV003442,PO000975,V00423,3801.47,2025-12-04,Unpaid,,Net 45,Matched
INV003443,PO002157,V00250,7324.03,2025-11-28,Unpaid,,Net 45,Matched
INV003444,PO002227,V00336,2334.53,2025-03-28,Paid,2025-05-29,Net 60,Matched
INV003445,PO001080,V00414,58510.95,2024-10-26,Paid,2024-11-23,Net 30,Matched
INV003446,PO005146,V00172,21268.29,2025-09-22,Paid,2025-09-28,Net 15,Matched
INV003447,PO001941,V00480,19569.33,2024-02-18,Paid,2024-04-05,Net 45,Matched
INV003448,PO002664,V00181,5127.1,2024-04-29,Paid Late,2024-07-09,Net 60,Price Variance
INV003449,PO001481,V00249,14401.3,2025-11-05,Paid Late,2025-12-31,Net 30,Matched
INV003450,PO003998,V00434,5927.17,2024-03-25,Paid,2024-04-03,Net 15,Matched
INV003451,PO004004,V00335,4238.21,2024-11-06,Paid,2024-11-16,Net 15,Missing Receipt
INV003452,PO001979,V00231,34656.39,2025-12-07,Unpaid,,Net 60,Matched
INV003453,PO002111,V00295,3817.73,2024-10-29,Paid,2024-12-18,Net 60,Matched
INV003454,PO002124,V00087,13962.53,2025-09-06,Paid,2025-09-26,Net 15,Matched
INV003455,PO004934,V00169,109690.73,2025-01-12,Paid Late,2025-03-06,Net 45,Matched
INV003456,PO003364,V00361,13998.32,2024-06-13,Paid,2024-08-13,Net 60,Price Variance
INV003457,PO004944,V00425,5687.44,2024-05-17,Paid Late,2024-07-07,Net 45,Missing Receipt
INV003458,PO002257,V00147,54684.08,2025-07-19,Paid Late,2025-09-29,Net 60,Price Variance
INV003459,PO005133,V00194,8356.36,2024-11-26,Paid,2024-12-06,Net 15,Matched
INV003460,PO003079,V00441,17170.99,2024-01-14,Paid,2024-03-08,Net 60,Matched
INV003461,PO002313,V00299,3786.71,2025-06-26,Paid,2025-08-18,Net 60,Matched
INV003462,PO002508,V00127,6784.21,2024-04-29,Paid Late,2024-06-04,Net 30,Matched
INV003463,PO002045,V00344,2459.87,2024-06-03,Paid Late,2024-06-24,Net 15,Matched
INV003464,PO005348,V00153,9525.73,2025-09-23,Paid Late,2025-11-02,Net 30,Matched
INV003465,PO005386,V00397,3883.54,2025-06-15,Paid,2025-08-07,Net 60,Matched
INV003466,PO002472,V00115,11824.25,2025-01-04,Paid Late,2025-01-25,Net 15,Matched
INV003467,PO001595,V00233,15237.74,2025-02-02,Paid Late,2025-04-12,Net 60,Matched
INV003468,PO001216,V00323,5271.72,2025-10-25,Paid,2025-12-24,Net 60,Matched
INV003469,PO004021,V00234,2409.56,2024-05-28,Paid,2024-07-14,Net 45,Matched
INV003470,PO004572,V00368,63361.26,2025-09-04,Paid,2025-10-08,Net 45,Price Variance
INV003471,PO002400,V00220,20363.52,2024-05-30,Paid,2024-07-15,Net 45,Price Variance
INV003472,PO003893,V00029,191618.49,2025-06-22,Paid,2025-07-17,Net 30,Matched
INV003473,PO004075,V00083,3492.3,2025-09-01,Paid,2025-09-17,Net 30,Matched
INV003474,PO003923,V00013,4267.59,2025-07-24,Paid,2025-08-17,Net 30,Matched
INV003475,PO002746,V00223,13948.97,2025-09-06,Paid,2025-10-03,Net 30,Matched
INV003476,PO004703,V00207,1949.28,2025-07-04,Paid,2025-08-22,Net 60,Matched
INV003477,PO004963,V00368,13375.9,2025-07-24,Paid,2025-08-06,Net 30,Matched
INV003478,PO002600,V00079,684.03,2025-10-21,Paid,2025-12-16,Net 60,Matched
INV003479,PO001795,V00297,14284.24,2025-09-10,Paid,2025-09-22,Net 15,Matched
INV003480,PO003851,V00124,5543.11,2024-02-19,Paid,2024-03-14,Net 30,Matched
INV003481,PO001605,V00231,14317.81,2025-12-21,Unpaid,,Net 30,Matched
INV003482,PO000812,V00159,48975.75,2025-01-20,Paid Late,2025-02-16,Net 15,Matched
INV003483,PO004843,V00305,74623.97,2026-01-20,Unpaid,,Net 45,Matched
INV003484,PO002534,V00387,6619.85,2025-07-31,Paid Late,2025-09-20,Net 45,Missing Receipt
INV003485,PO004176,V00245,6716.22,2025-10-24,Paid,2025-12-23,Net 60,Matched
INV003486,PO005294,V00247,31207.53,2024-08-29,Paid,2024-10-03,Net 30,Matched
