po_id,vendor_id,requester_dept,category,spend_type,amount,requisition_date,po_date,expected_delivery_date,actual_delivery_date,status,contract_id
PO000001,V00075,Marketing,Raw Materials,Direct,3334.17,2024-04-19,2024-05-03,2024-05-24,2024-05-24,Cancelled,C00378
PO000002,V00018,HR,Raw Materials,Direct,4498.68,2025-09-01,2025-09-11,2025-10-21,2025-10-21,Cancelled,C00253
PO000003,V00155,Finance,Raw Materials,Direct,3666.48,2024-05-22,2024-05-26,2024-07-02,2024-07-02,Closed,C00152
PO000004,V00239,Engineering,Professional Services,Indirect,61557.12,2025-12-17,2025-12-20,2026-01-30,2026-01-29,Closed,
PO000005,V00291,Facilities,Travel,Indirect,5470.1,2025-02-03,2025-02-11,2025-03-06,2025-03-04,Closed,C00135
PO000006,V00322,Engineering,IT Services,Indirect,9100.1,2025-06-04,2025-06-06,2025-06-14,2025-06-13,Closed,C00157
PO000007,V00166,Manufacturing,Raw Materials,Direct,7159.92,2024-03-15,2024-03-24,2024-05-02,2024-05-03,Closed,
PO000008,V00039,Sales,MRO,Direct,6913.63,2024-10-16,2024-10-19,2024-12-01,2024-12-01,Open,C00455
PO000009,V00026,HR,Facilities,Indirect,4187.16,2024-11-30,2024-12-05,2024-12-13,2024-12-18,Closed,C00209
PO000010,V00475,Sales,Marketing,Indirect,1165.8,2025-08-25,2025-09-07,2025-10-01,2025-09-29,Closed,C00465
PO000011,V00143,Sales,IT Services,Indirect,21042.87,2024-06-06,2024-06-16,2024-07-31,2024-08-05,Closed,C00604
PO000012,V00368,Facilities,IT Services,Indirect,35488.59,2024-05-07,2024-05-12,2024-06-10,2024-06-01,Closed,C00365
PO000013,V00357,R&D,Travel,Indirect,1427.54,2024-06-01,2024-06-14,2024-07-19,2024-07-18,Closed,
PO000014,V00485,Marketing,Marketing,Indirect,40432.03,2025-11-17,2025-11-20,2025-12-10,2025-12-16,Closed,C00616
PO000015,V00076,R&D,Office Supplies,Indirect,3868.45,2025-12-18,2025-12-25,2026-01-06,2026-01-07,Closed,
PO000016,V00403,Finance,Logistics,Direct,15911.78,2024-10-02,2024-10-05,2024-11-05,2024-11-05,Closed,C00566
PO000017,V00425,Finance,Raw Materials,Direct,2551.34,2025-08-14,2025-08-15,2025-08-22,2025-08-30,Closed,C00666
PO000018,V00210,Facilities,Professional Services,Indirect,2654.03,2025-09-22,2025-09-29,2025-10-17,2025-10-20,Closed,C00071
PO000019,V00331,IT,Logistics,Direct,9306.24,2024-06-23,2024-07-03,2024-08-02,2024-07-29,Closed,
PO000020,V00476,Finance,Raw Materials,Direct,9293.72,2025-09-25,2025-10-04,2025-11-16,2025-11-21,Closed,C00056
PO000021,V00239,Legal,Professional Services,Indirect,4601.07,2025-10-30,2025-11-05,2025-11-22,2025-11-17,Closed,
PO000022,V00391,Facilities,Professional Services,Indirect,45527.07,2025-04-08,2025-04-17,2025-05-06,2025-05-16,Open,C00332
PO000023,V00368,Operations,IT Services,Indirect,48878.54,2025-05-23,2025-05-28,2025-06-27,2025-07-01,Closed,C00366
PO000024,V00332,Manufacturing,Raw Materials,Direct,16436.8,2025-06-09,2025-06-16,2025-07-14,2025-07-18,Cancelled,
PO000025,V00368,IT,IT Services,Indirect,42066.08,2025-12-13,2025-12-20,2026-01-25,2026-01-27,Cancelled,C00365
PO000026,V00232,Manufacturing,IT Services,Indirect,21261.54,2025-05-19,2025-05-27,2025-07-11,2025-07-11,Closed,
PO000027,V00452,Manufacturing,Travel,Indirect,1653.34,2025-10-25,2025-11-08,2025-11-24,2025-11-29,Open,C00117
PO000028,V00121,IT,Professional Services,Indirect,54654.58,2025-10-24,2025-10-26,2025-11-06,2025-11-09,Closed,
PO000029,V00238,Marketing,Raw Materials,Direct,16595.16,2025-11-07,2025-11-17,2025-11-27,2025-11-26,Closed,
PO000030,V00149,Engineering,Capital Equipment,Direct,41165.89,2024-10-24,2024-10-26,2024-12-10,2024-12-10,Closed,
PO000031,V00169,Manufacturing,Capital Equipment,Direct,36490.72,2025-10-03,2025-10-09,2025-10-26,2025-10-27,Cancelled,C00347
PO000032,V00216,Legal,Marketing,Indirect,7042.52,2024-02-10,2024-02-19,2024-03-10,2024-03-15,Open,C00649
PO000033,V00357,Manufacturing,Travel,Indirect,17986.43,2025-11-25,2025-12-04,2026-01-10,2026-01-07,Closed,C00041
PO000034,V00207,Sales,Raw Materials,Direct,41502.01,2025-11-09,2025-11-13,2025-12-22,2025-12-28,Closed,C00627
PO000035,V00264,HR,IT Services,Indirect,90006.84,2025-03-19,2025-03-25,2025-04-19,2025-04-29,Closed,
PO000036,V00368,HR,IT Services,Indirect,16734.97,2025-10-18,2025-10-22,2025-12-03,2025-11-19,Closed,C00366
PO000037,V00273,Marketing,Office Supplies,Indirect,838.05,2025-11-05,2025-11-16,2025-12-16,2025-12-19,Closed,
PO000038,V00494,Sales,Office Supplies,Indirect,1037.84,2025-08-20,2025-08-22,2025-09-07,2025-09-10,Closed,C00348
PO000039,V00094,Operations,Logistics,Direct,2793.42,2025-05-03,2025-05-07,2025-06-21,2025-06-19,Cancelled,C00078
PO000040,V00007,IT,Professional Services,Indirect,9248.54,2024-04-13,2024-04-23,2024-05-17,2024-05-19,Open,C00427
PO000041,V00319,Marketing,Marketing,Indirect,13304.69,2024-12-11,2024-12-16,2025-01-01,2025-01-01,Open,C00296
PO000042,V00368,Finance,IT Services,Indirect,34513.99,2024-01-10,2024-01-24,2024-02-04,2024-02-15,Closed,C00365
PO000043,V00102,Manufacturing,IT Services,Indirect,11113.8,2025-08-24,2025-09-04,2025-10-14,2025-10-17,Open,C00052
PO000044,V00336,IT,Marketing,Indirect,2058.33,2025-07-12,2025-07-18,2025-08-28,2025-09-01,Closed,
PO000045,V00168,Engineering,Facilities,Indirect,6041.25,2024-02-01,2024-02-15,2024-03-17,2024-03-22,Closed,C00460
PO000046,V00275,Manufacturing,IT Services,Indirect,39755.42,2025-10-13,2025-10-16,2025-11-11,2025-11-15,Open,C00407
PO000047,V00425,Operations,Raw Materials,Direct,9043.96,2025-08-10,2025-08-18,2025-09-29,2025-10-02,Cancelled,C00667
PO000048,V00257,Marketing,Raw Materials,Direct,7825.33,2024-06-16,2024-06-22,2024-07-17,2024-07-17,Closed,
PO000049,V00346,Engineering,IT Services,Indirect,26434.53,2025-11-18,2025-11-19,2025-12-17,2025-12-13,Closed,
PO000050,V00306,HR,Raw Materials,Direct,53636.76,2025-03-29,2025-04-08,2025-04-20,2025-04-20,Cancelled,C00501
PO000051,V00219,Finance,IT Services,Indirect,30745.07,2025-07-25,2025-08-02,2025-09-05,2025-09-07,Closed,
PO000052,V00448,Finance,Capital Equipment,Direct,91521.97,2025-01-04,2025-01-11,2025-02-23,2025-03-05,Closed,
PO000053,V00087,Sales,Raw Materials,Direct,4670.6,2024-05-04,2024-05-17,2024-06-14,2024-06-12,Closed,
PO000054,V00068,Marketing,Professional Services,Indirect,16926.35,2024-11-19,2024-12-03,2025-01-13,2025-01-12,Closed,
PO000055,V00226,Finance,Professional Services,Indirect,12051.25,2025-04-12,2025-04-24,2025-06-07,2025-06-09,Closed,C00399
PO000056,V00179,Operations,Professional Services,Indirect,8651.1,2025-06-01,2025-06-12,2025-07-08,2025-07-09,Closed,C00619
PO000057,V00311,Facilities,Professional Services,Indirect,12623.64,2025-06-09,2025-06-20,2025-08-01,2025-07-26,Closed,C00390
PO000058,V00368,R&D,IT Services,Indirect,27826.64,2025-12-19,2025-12-24,2026-02-03,2026-02-07,Open,C00366
PO000059,V00128,Marketing,Capital Equipment,Direct,16149.05,2025-03-11,2025-03-15,2025-03-31,2025-04-04,Open,C00570
PO000060,V00437,Marketing,MRO,Direct,4442.4,2024-12-07,2024-12-21,2025-01-23,2025-02-04,Closed,C00424
PO000061,V00228,Manufacturing,Professional Services,Indirect,20664.51,2024-05-31,2024-06-04,2024-06-12,2024-06-25,Closed,C00228
PO000062,V00485,Sales,Marketing,Indirect,3673.24,2024-06-25,2024-06-29,2024-07-16,2024-07-16,Closed,C00616
PO000063,V00368,Finance,IT Services,Indirect,109811.02,2024-12-15,2024-12-16,2024-12-28,2024-12-28,Closed,C00365
PO000064,V00353,Operations,Professional Services,Indirect,51533.85,2025-05-15,2025-05-22,2025-06-06,2025-05-31,Closed,C00127
PO000065,V00075,R&D,Raw Materials,Direct,8459.51,2025-11-17,2025-11-25,2025-12-07,2025-12-08,Closed,C00379
PO000066,V00447,HR,IT Services,Indirect,24254.67,2025-10-04,2025-10-08,2025-10-24,2025-10-27,Closed,C00664
PO000067,V00368,Finance,IT Services,Indirect,14176.41,2024-07-06,2024-07-12,2024-08-22,2024-08-24,Closed,C00365
PO000068,V00317,Finance,Logistics,Direct,8159.6,2025-10-26,2025-10-27,2025-12-11,2025-12-19,Closed,C00034
PO000069,V00082,Engineering,MRO,Direct,3694.09,2024-04-13,2024-04-18,2024-05-18,2024-05-13,Cancelled,C00451
PO000070,V00025,R&D,Logistics,Direct,35888.27,2025-12-08,2025-12-13,2026-01-08,2026-01-11,Closed,
PO000071,V00234,IT,Marketing,Indirect,19027.06,2024-03-02,2024-03-15,2024-04-17,2024-04-12,Open,C00548
PO000072,V00284,Operations,Professional Services,Indirect,17957.1,2024-07-02,2024-07-14,2024-08-17,2024-08-23,Cancelled,C00586
PO000073,V00071,Manufacturing,Marketing,Indirect,5781.88,2025-05-12,2025-05-20,2025-05-28,2025-05-28,Open,C00070
PO000074,V00394,Manufacturing,Logistics,Direct,24887.63,2025-06-15,2025-06-21,2025-08-03,2025-08-07,Closed,C00440
PO000075,V00195,R&D,IT Services,Indirect,7643.76,2024-03-07,2024-03-20,2024-04-16,2024-04-16,Closed,C00022
PO000076,V00293,Manufacturing,Capital Equipment,Direct,68413.59,2024-10-31,2024-11-07,2024-12-07,2024-12-03,Closed,C00648
PO000077,V00438,Legal,Capital Equipment,Direct,11823.53,2024-09-19,2024-09-21,2024-10-27,2024-10-25,Closed,C00302
PO000078,V00252,Manufacturing,MRO,Direct,2984.88,2024-09-03,2024-09-05,2024-10-05,2024-10-08,Closed,
PO000079,V00454,Engineering,Raw Materials,Direct,22656.55,2025-12-13,2025-12-15,2026-01-05,2026-01-06,Open,C00310
PO000080,V00399,Finance,IT Services,Indirect,19385.47,2025-11-06,2025-11-20,2025-12-15,2025-12-07,Open,C00605
PO000081,V00368,Manufacturing,IT Services,Indirect,10801.41,2025-04-16,2025-04-20,2025-05-20,2025-05-30,Closed,C00366
PO000082,V00160,Operations,Logistics,Direct,14290.5,2025-05-16,2025-05-23,2025-06-12,2025-06-14,Open,
PO000083,V00341,Legal,MRO,Direct,5310.62,2025-01-03,2025-01-11,2025-02-09,2025-02-09,Cancelled,C00534
PO000084,V00057,Legal,Facilities,Indirect,7590.09,2024-01-12,2024-01-17,2024-02-18,2024-02-18,Open,C00196
PO000085,V00056,R&D,IT Services,Indirect,5579.44,2025-03-10,2025-03-16,2025-04-21,2025-04-19,Closed,
PO000086,V00222,R&D,Professional Services,Indirect,74943.95,2025-04-21,2025-05-05,2025-05-29,2025-05-24,Open,C00610
PO000087,V00289,Finance,Facilities,Indirect,3330.11,2025-11-25,2025-11-30,2026-01-09,2026-01-09,Closed,
PO000088,V00183,HR,Capital Equipment,Direct,100820.96,2024-08-29,2024-08-30,2024-09-18,2024-09-12,Closed,C00096
PO000089,V00282,Engineering,Professional Services,Indirect,7214.57,2025-07-03,2025-07-04,2025-08-08,2025-08-11,Closed,C00211
PO000090,V00235,Sales,MRO,Direct,596.84,2025-09-29,2025-10-05,2025-10-17,2025-10-23,Closed,C00402
PO000091,V00354,Manufacturing,Professional Services,Indirect,3984.73,2024-08-12,2024-08-22,2024-08-29,2024-09-06,Closed,C00401
PO000092,V00220,Marketing,Raw Materials,Direct,4115.65,2025-07-03,2025-07-04,2025-07-29,2025-08-05,Open,C00516
PO000093,V00085,Marketing,Logistics,Direct,57781.62,2025-04-23,2025-05-01,2025-06-07,2025-06-07,Closed,C00025
PO000094,V00339,Legal,Facilities,Indirect,2506.32,2025-01-14,2025-01-20,2025-03-04,2025-02-26,Closed,C00430
PO000095,V00356,Facilities,Capital Equipment,Direct,27132.26,2024-08-18,2024-08-20,2024-09-21,2024-10-04,Closed,C00529
PO000096,V00330,Marketing,Professional Services,Indirect,261477.6,2024-03-18,2024-03-25,2024-04-19,2024-04-18,Closed,
PO000097,V00148,Manufacturing,Facilities,Indirect,1566.5,2025-06-21,2025-06-26,2025-08-10,2025-08-07,Closed,
PO000098,V00409,HR,Logistics,Direct,56302.24,2024-07-17,2024-07-19,2024-08-22,2024-08-14,Open,C00036
PO000099,V00403,Marketing,Logistics,Direct,6064.21,2025-12-11,2025-12-22,2026-01-07,2026-01-11,Cancelled,C00566
PO000100,V00154,Facilities,Raw Materials,Direct,3982.37,2025-06-25,2025-06-30,2025-07-16,2025-07-21,Cancelled,C00224
PO000101,V00085,Finance,Logistics,Direct,6858.91,2024-12-25,2025-01-03,2025-01-16,2025-01-18,Closed,C00025
PO000102,V00472,Sales,Professional Services,Indirect,6999.7,2024-03-27,2024-04-09,2024-05-18,2024-05-21,Closed,C00303
PO000103,V00196,Sales,MRO,Direct,3471.35,2025-05-27,2025-06-03,2025-06-29,2025-07-05,Closed,
PO000104,V00181,Facilities,MRO,Direct,2114.4,2024-05-26,2024-05-30,2024-06-17,2024-06-19,Closed,C00161
PO000105,V00449,Finance,Office Supplies,Indirect,1228.9,2025-07-30,2025-08-01,2025-08-08,2025-08-10,Closed,C00636
PO000106,V00454,Marketing,Raw Materials,Direct,12870.55,2024-09-06,2024-09-16,2024-10-16,2024-10-12,Open,C00310
PO000107,V00357,Facilities,Travel,Indirect,1437.08,2025-01-30,2025-02-01,2025-02-09,2025-02-12,Open,C00041
PO000108,V00480,Engineering,IT Services,Indirect,10106.43,2024-06-07,2024-06-21,2024-08-01,2024-08-02,Closed,
PO000109,V00296,Sales,Professional Services,Indirect,73389.44,2025-01-24,2025-02-05,2025-03-12,2025-03-14,Cancelled,
PO000110,V00028,Sales,Raw Materials,Direct,26224.48,2025-08-20,2025-08-27,2025-09-06,2025-09-09,Closed,
PO000111,V00463,Marketing,IT Services,Indirect,32420.97,2024-09-17,2024-09-18,2024-10-26,2024-11-02,Closed,C00282
PO000112,V00018,Legal,Raw Materials,Direct,14526.36,2024-11-07,2024-11-08,2024-12-18,2024-12-23,Closed,C00254
PO000113,V00307,R&D,Raw Materials,Direct,6164.91,2024-06-14,2024-06-16,2024-07-24,2024-07-22,Closed,
PO000114,V00403,Sales,Logistics,Direct,23534.05,2025-03-08,2025-03-12,2025-04-20,2025-04-17,Closed,C00567
PO000115,V00293,HR,Capital Equipment,Direct,64373.15,2024-07-17,2024-07-29,2024-08-29,2024-09-03,Cancelled,C00648
PO000116,V00421,Facilities,Marketing,Indirect,5174.12,2025-07-18,2025-07-28,2025-08-17,2025-08-30,Closed,C00520
PO000117,V00039,Facilities,MRO,Direct,2606.89,2025-03-03,2025-03-16,2025-04-18,2025-04-20,Cancelled,C00453
PO000118,V00290,IT,Raw Materials,Direct,3834.07,2025-01-23,2025-01-29,2025-02-15,2025-02-12,Closed,C00522
PO000119,V00185,R&D,Capital Equipment,Direct,77750.81,2025-06-16,2025-06-20,2025-07-04,2025-07-04,Closed,
PO000120,V00257,HR,Raw Materials,Direct,4466.42,2024-10-15,2024-10-18,2024-11-26,2024-12-02,Closed,C00634
PO000121,V00119,Engineering,IT Services,Indirect,102674.92,2025-10-22,2025-11-04,2025-11-17,2025-11-21,Open,C00320
PO000122,V00368,Operations,IT Services,Indirect,24073.45,2025-05-12,2025-05-24,2025-06-28,2025-06-27,Open,C00366
PO000123,V00425,Operations,Raw Materials,Direct,31334.26,2025-10-27,2025-11-04,2025-12-07,2025-12-04,Open,C00666
PO000124,V00369,Sales,IT Services,Indirect,40558.37,2025-06-19,2025-06-25,2025-07-17,2025-07-15,Closed,C00482
PO000125,V00437,Marketing,MRO,Direct,1338.91,2025-06-22,2025-06-30,2025-08-09,2025-08-13,Open,C00424
PO000126,V00282,Engineering,Professional Services,Indirect,25720.04,2024-10-15,2024-10-17,2024-11-14,2024-11-10,Closed,C00211
PO000127,V00273,Manufacturing,Office Supplies,Indirect,737.37,2025-01-20,2025-01-30,2025-02-09,2025-02-19,Cancelled,C00356
PO000128,V00240,Facilities,Office Supplies,Indirect,18201.92,2024-06-17,2024-06-29,2024-07-26,2024-08-01,Cancelled,C00488
PO000129,V00091,Finance,IT Services,Indirect,11214.88,2025-06-12,2025-06-21,2025-07-26,2025-08-03,Open,C00159
PO000130,V00169,Facilities,Capital Equipment,Direct,33312.36,2024-12-30,2025-01-11,2025-01-26,2025-01-27,Closed,C00347
PO000131,V00268,IT,Raw Materials,Direct,47468.94,2024-08-14,2024-08-25,2024-09-11,2024-09-11,Closed,
PO000132,V00169,R&D,Capital Equipment,Direct,101819.47,2024-10-05,2024-10-17,2024-10-27,2024-11-01,Cancelled,C00346
PO000133,V00033,R&D,Professional Services,Indirect,24105.64,2025-08-30,2025-09-04,2025-10-17,2025-10-17,Open,C00655
PO000134,V00392,IT,Raw Materials,Direct,6122.9,2024-08-18,2024-08-29,2024-10-09,2024-10-09,Cancelled,C00126
PO000135,V00225,Finance,Professional Services,Indirect,18296.19,2024-10-10,2024-10-22,2024-11-22,2024-11-23,Closed,C00565
PO000136,V00415,HR,Professional Services,Indirect,8338.1,2025-10-12,2025-10-15,2025-11-18,2025-11-12,Open,C00162
PO000137,V00368,Engineering,IT Services,Indirect,68451.84,2025-01-12,2025-01-22,2025-03-05,2025-03-19,Closed,C00366
PO000138,V00284,Finance,Professional Services,Indirect,18882.79,2024-12-11,2024-12-23,2025-01-25,2025-01-27,Open,C00586
PO000139,V00204,Manufacturing,IT Services,Indirect,6398.74,2024-07-05,2024-07-17,2024-08-06,2024-07-30,Closed,C00231
PO000140,V00368,Manufacturing,IT Services,Indirect,35619.02,2024-09-12,2024-09-14,2024-10-14,2024-10-16,Closed,C00365
PO000141,V00275,Manufacturing,IT Services,Indirect,30994.5,2025-06-02,2025-06-10,2025-06-18,2025-06-19,Open,
PO000142,V00399,Legal,IT Services,Indirect,9959.06,2025-04-05,2025-04-06,2025-04-20,2025-04-17,Closed,C00605
PO000143,V00279,Engineering,IT Services,Indirect,26101.31,2024-12-18,2024-12-26,2025-02-09,2025-01-30,Closed,C00167
PO000144,V00492,Facilities,IT Services,Indirect,72580.82,2025-11-09,2025-11-11,2025-12-14,2025-12-21,Closed,
PO000145,V00448,HR,Capital Equipment,Direct,36715.81,2024-10-07,2024-10-21,2024-11-07,2024-11-14,Open,C00474
PO000146,V00221,Finance,Raw Materials,Direct,15724.06,2025-07-28,2025-08-07,2025-09-16,2025-09-18,Closed,C00218
PO000147,V00154,Engineering,Raw Materials,Direct,17139.55,2024-02-25,2024-03-01,2024-03-21,2024-03-22,Closed,
PO000148,V00130,Legal,MRO,Direct,2720.34,2024-09-12,2024-09-13,2024-10-21,2024-10-25,Cancelled,C00519
PO000149,V00305,Marketing,IT Services,Indirect,37359.6,2025-08-08,2025-08-13,2025-08-25,2025-08-27,Closed,
PO000150,V00368,Manufacturing,IT Services,Indirect,24413.3,2024-03-20,2024-03-31,2024-04-17,2024-04-20,Closed,C00366
PO000151,V00158,Manufacturing,Travel,Indirect,4653.64,2025-06-08,2025-06-11,2025-07-14,2025-07-14,Cancelled,
PO000152,V00200,Operations,Professional Services,Indirect,29126.59,2025-08-31,2025-09-08,2025-10-17,2025-10-28,Open,
PO000153,V00153,Operations,Professional Services,Indirect,10586.56,2025-08-02,2025-08-03,2025-09-05,2025-09-10,Closed,C00364
PO000154,V00111,Engineering,Facilities,Indirect,5099.87,2024-09-03,2024-09-08,2024-10-21,2024-11-02,Closed,C00292
PO000155,V00335,Facilities,IT Services,Indirect,32291.04,2025-07-28,2025-08-06,2025-09-09,2025-09-07,Cancelled,C00054
PO000156,V00496,Engineering,Raw Materials,Direct,18145.56,2025-10-30,2025-11-10,2025-11-27,2025-11-25,Closed,
PO000157,V00138,Sales,Facilities,Indirect,5365.45,2025-09-02,2025-09-12,2025-10-21,2025-10-20,Closed,C00205
PO000158,V00368,R&D,IT Services,Indirect,15656.2,2025-01-29,2025-02-05,2025-02-25,2025-02-25,Closed,C00366
PO000159,V00111,HR,Facilities,Indirect,4274.9,2024-09-20,2024-09-25,2024-10-17,2024-10-16,Closed,C00293
PO000160,V00466,IT,Professional Services,Indirect,5426.86,2024-01-12,2024-01-23,2024-01-30,2024-02-02,Closed,C00150
PO000161,V00031,Engineering,IT Services,Indirect,101858.84,2024-10-16,2024-10-25,2024-11-06,2024-11-09,Open,C00033
PO000162,V00358,Operations,Logistics,Direct,5257.39,2024-05-21,2024-06-04,2024-07-05,2024-07-16,Open,C00284
PO000163,V00348,Manufacturing,Professional Services,Indirect,16819.91,2024-11-28,2024-12-04,2024-12-23,2025-01-08,Closed,C00178
PO000164,V00311,Engineering,Professional Services,Indirect,24300.96,2024-09-23,2024-10-07,2024-11-02,2024-10-30,Open,C00389
PO000165,V00171,Sales,Professional Services,Indirect,28249.14,2025-07-11,2025-07-23,2025-09-06,2025-08-30,Closed,
PO000166,V00387,Facilities,IT Services,Indirect,66214.59,2024-07-07,2024-07-18,2024-08-30,2024-08-30,Open,C00506
PO000167,V00213,Manufacturing,Logistics,Direct,19666.96,2024-12-30,2025-01-09,2025-01-30,2025-01-19,Cancelled,
PO000168,V00300,Finance,MRO,Direct,3312.59,2024-12-12,2024-12-23,2025-02-03,2025-02-07,Cancelled,C00391
PO000169,V00254,Marketing,IT Services,Indirect,12157.71,2025-12-09,2025-12-14,2025-12-28,2026-01-09,Open,C00264
PO000170,V00042,HR,Raw Materials,Direct,28404.57,2025-09-27,2025-10-02,2025-11-04,2025-11-13,Closed,
PO000171,V00192,Marketing,Professional Services,Indirect,29267.14,2025-07-20,2025-08-01,2025-08-22,2025-08-22,Cancelled,
PO000172,V00491,Operations,Raw Materials,Direct,20657.55,2025-05-02,2025-05-03,2025-06-09,2025-06-12,Closed,C00037
PO000173,V00463,Facilities,IT Services,Indirect,5560.01,2025-07-25,2025-07-31,2025-08-10,2025-08-14,Open,
PO000174,V00375,IT,Raw Materials,Direct,29438.39,2024-09-14,2024-09-25,2024-10-30,2024-11-06,Closed,C00006
PO000175,V00368,Engineering,IT Services,Indirect,10688.77,2024-10-25,2024-10-26,2024-11-30,2024-11-28,Closed,C00365
PO000176,V00420,Marketing,Logistics,Direct,7031.09,2024-07-27,2024-08-10,2024-09-10,2024-09-07,Closed,
PO000177,V00376,Marketing,Logistics,Direct,2579.53,2024-08-24,2024-09-01,2024-10-02,2024-09-29,Closed,
PO000178,V00013,Legal,Raw Materials,Direct,13135.7,2025-12-18,2025-12-26,2026-02-04,2026-01-30,Closed,C00597
PO000179,V00338,Operations,IT Services,Indirect,7098.43,2024-09-23,2024-09-27,2024-11-09,2024-11-12,Closed,
PO000180,V00290,HR,Raw Materials,Direct,7209.31,2024-05-26,2024-06-08,2024-06-17,2024-06-19,Closed,C00522
PO000181,V00353,Marketing,Professional Services,Indirect,3358.1,2024-05-06,2024-05-19,2024-06-04,2024-05-29,Closed,C00129
PO000182,V00200,HR,Professional Services,Indirect,25005.53,2024-07-21,2024-07-22,2024-08-13,2024-08-21,Closed,C00375
PO000183,V00421,Engineering,Marketing,Indirect,18920.53,2025-03-17,2025-03-30,2025-04-10,2025-04-14,Closed,C00520
PO000184,V00403,Sales,Logistics,Direct,15694.83,2024-12-13,2024-12-20,2025-01-17,2025-01-20,Closed,C00567
PO000185,V00127,Engineering,Raw Materials,Direct,7516.1,2024-09-15,2024-09-23,2024-10-13,2024-10-13,Closed,C00233
PO000186,V00211,HR,MRO,Direct,5359.11,2025-06-21,2025-06-27,2025-07-04,2025-07-07,Closed,C00345
PO000187,V00480,Operations,IT Services,Indirect,2953.46,2025-09-17,2025-09-30,2025-10-30,2025-11-03,Closed,
PO000188,V00368,IT,IT Services,Indirect,33161.19,2025-03-25,2025-03-28,2025-04-16,2025-04-20,Closed,C00365
PO000189,V00475,Operations,Marketing,Indirect,5415.64,2024-06-24,2024-06-26,2024-07-24,2024-07-24,Cancelled,
PO000190,V00278,IT,Professional Services,Indirect,20490.87,2025-03-10,2025-03-17,2025-03-28,2025-03-28,Closed,C00134
PO000191,V00169,Manufacturing,Capital Equipment,Direct,3548.81,2025-06-09,2025-06-20,2025-07-12,2025-07-10,Cancelled,C00347
PO000192,V00039,Legal,MRO,Direct,11867.55,2025-10-10,2025-10-11,2025-11-04,2025-11-04,Cancelled,C00454
PO000193,V00169,Legal,Capital Equipment,Direct,90252.07,2025-07-19,2025-07-22,2025-08-30,2025-08-29,Closed,C00346
PO000194,V00377,R&D,Capital Equipment,Direct,52184.02,2025-10-05,2025-10-17,2025-11-23,2025-11-23,Open,
PO000195,V00214,Finance,Raw Materials,Direct,5449.16,2024-11-17,2024-11-21,2024-12-12,2024-12-12,Cancelled,C00643
PO000196,V00375,IT,Raw Materials,Direct,4154.04,2025-11-05,2025-11-19,2025-12-19,2025-12-25,Closed,C00006
PO000197,V00275,Operations,IT Services,Indirect,50387.37,2025-01-10,2025-01-17,2025-02-21,2025-02-19,Closed,C00407
PO000198,V00210,Sales,Professional Services,Indirect,12190.72,2025-02-25,2025-03-08,2025-03-19,2025-03-11,Closed,C00071
PO000199,V00178,R&D,IT Services,Indirect,5536.76,2024-12-02,2024-12-04,2025-01-03,2024-12-30,Closed,C00436
PO000200,V00368,IT,IT Services,Indirect,1796.83,2024-10-24,2024-10-28,2024-12-12,2024-12-20,Cancelled,C00366
PO000201,V00273,R&D,Office Supplies,Indirect,3897.2,2025-05-14,2025-05-27,2025-06-28,2025-06-27,Cancelled,C00356
PO000202,V00366,Facilities,Marketing,Indirect,2698.1,2024-12-28,2024-12-31,2025-02-01,2025-02-09,Closed,
PO000203,V00181,IT,MRO,Direct,2528.92,2025-10-13,2025-10-25,2025-11-30,2025-12-04,Closed,C00161
PO000204,V00480,IT,IT Services,Indirect,78158.41,2025-06-19,2025-06-28,2025-07-06,2025-07-12,Closed,
PO000205,V00268,Manufacturing,Raw Materials,Direct,18811.55,2024-07-16,2024-07-22,2024-08-12,2024-08-07,Closed,C00657
PO000206,V00067,Marketing,Logistics,Direct,15328.65,2025-08-16,2025-08-19,2025-09-04,2025-09-01,Cancelled,C00258
PO000207,V00449,Legal,Office Supplies,Indirect,6682.66,2024-09-21,2024-09-28,2024-10-18,2024-10-20,Cancelled,C00636
PO000208,V00143,Marketing,IT Services,Indirect,3109.31,2025-08-04,2025-08-15,2025-09-10,2025-09-19,Closed,
PO000209,V00451,R&D,IT Services,Indirect,2348.9,2024-08-29,2024-09-01,2024-09-20,2024-09-19,Closed,
PO000210,V00158,Finance,Travel,Indirect,1813.39,2025-08-09,2025-08-15,2025-09-24,2025-09-24,Closed,C00316
PO000211,V00004,Marketing,Professional Services,Indirect,55983.08,2024-02-02,2024-02-14,2024-02-25,2024-02-27,Closed,C00286
PO000212,V00193,IT,Capital Equipment,Direct,162431.52,2025-06-12,2025-06-23,2025-07-30,2025-07-23,Closed,
PO000213,V00038,Finance,Raw Materials,Direct,4648.86,2025-10-08,2025-10-09,2025-10-25,2025-11-01,Closed,C00314
PO000214,V00352,Legal,Marketing,Indirect,18262.48,2025-12-21,2025-12-29,2026-02-03,2026-02-11,Closed,
PO000215,V00219,Operations,IT Services,Indirect,7369.77,2025-10-10,2025-10-23,2025-11-18,2025-11-25,Closed,
PO000216,V00336,Manufacturing,Marketing,Indirect,1118.53,2025-09-06,2025-09-14,2025-10-15,2025-10-20,Cancelled,
PO000217,V00117,Legal,IT Services,Indirect,15499.91,2024-01-15,2024-01-29,2024-02-15,2024-02-14,Closed,
PO000218,V00403,Finance,Logistics,Direct,61163.09,2024-12-23,2024-12-30,2025-02-10,2025-02-10,Closed,C00567
PO000219,V00037,Operations,Professional Services,Indirect,23142.69,2024-06-02,2024-06-06,2024-07-15,2024-07-22,Closed,C00409
PO000220,V00430,Facilities,IT Services,Indirect,39667.67,2025-10-21,2025-10-28,2025-11-06,2025-11-15,Closed,C00641
PO000221,V00143,Manufacturing,IT Services,Indirect,38119.79,2025-01-06,2025-01-18,2025-02-22,2025-02-19,Closed,C00603
PO000222,V00485,Manufacturing,Marketing,Indirect,1128.35,2025-02-01,2025-02-10,2025-03-14,2025-03-14,Closed,C00616
PO000223,V00403,Engineering,Logistics,Direct,30609.27,2025-03-25,2025-04-02,2025-04-12,2025-04-14,Cancelled,C00566
PO000224,V00323,Facilities,Marketing,Indirect,7424.06,2024-02-18,2024-02-23,2024-03-29,2024-03-29,Closed,
PO000225,V00484,Marketing,IT Services,Indirect,24737.31,2025-03-27,2025-04-03,2025-04-11,2025-04-11,Cancelled,C00113
PO000226,V00284,IT,Professional Services,Indirect,1279.99,2025-11-22,2025-12-04,2025-12-21,2025-12-24,Closed,C00586
PO000227,V00028,HR,Raw Materials,Direct,9369.47,2024-09-21,2024-09-30,2024-11-01,2024-11-01,Cancelled,
PO000228,V00398,IT,IT Services,Indirect,20775.25,2025-01-15,2025-01-21,2025-01-28,2025-02-07,Closed,
PO000229,V00064,Operations,Raw Materials,Direct,30495.8,2025-08-29,2025-09-02,2025-10-05,2025-10-07,Closed,C00074
PO000230,V00259,Operations,Raw Materials,Direct,4499.63,2024-12-14,2024-12-19,2025-01-01,2025-01-06,Closed,C00556
PO000231,V00240,Marketing,Office Supplies,Indirect,17756.28,2024-09-30,2024-10-11,2024-11-07,2024-11-07,Cancelled,C00488
PO000232,V00245,Operations,Logistics,Direct,31934.03,2024-06-12,2024-06-21,2024-08-04,2024-08-07,Open,C00414
PO000233,V00445,Engineering,IT Services,Indirect,11144.84,2025-10-21,2025-10-25,2025-11-06,2025-11-04,Closed,
PO000234,V00462,Finance,Professional Services,Indirect,16725.69,2025-08-27,2025-09-08,2025-10-06,2025-10-04,Closed,C00047
PO000235,V00249,Engineering,Professional Services,Indirect,36493.99,2024-09-06,2024-09-10,2024-10-08,2024-10-13,Closed,C00358
PO000236,V00070,Engineering,IT Services,Indirect,23553.85,2025-10-20,2025-10-24,2025-12-08,2025-12-20,Cancelled,
PO000237,V00405,Manufacturing,Raw Materials,Direct,31117.03,2025-11-02,2025-11-03,2025-11-19,2025-11-19,Cancelled,C00335
PO000238,V00012,Manufacturing,IT Services,Indirect,3438.73,2024-03-22,2024-04-03,2024-05-09,2024-05-08,Closed,C00089
PO000239,V00211,IT,MRO,Direct,8714.64,2024-05-11,2024-05-19,2024-06-07,2024-06-07,Closed,
PO000240,V00323,Operations,Marketing,Indirect,8840.48,2025-06-09,2025-06-16,2025-07-25,2025-07-31,Closed,C00191
PO000241,V00207,Manufacturing,Raw Materials,Direct,33010.8,2023-12-30,2024-01-13,2024-01-25,2024-01-25,Open,C00627
PO000242,V00123,Legal,Facilities,Indirect,2274.02,2024-03-08,2024-03-13,2024-04-18,2024-04-28,Closed,C00494
PO000243,V00337,Sales,Raw Materials,Direct,24407.76,2025-07-01,2025-07-05,2025-07-12,2025-07-14,Closed,
PO000244,V00491,HR,Raw Materials,Direct,2193.53,2024-12-17,2024-12-24,2025-01-31,2025-01-31,Closed,C00037
PO000245,V00273,Operations,Office Supplies,Indirect,8528.48,2025-12-03,2025-12-13,2025-12-30,2025-12-30,Closed,
PO000246,V00151,Finance,Raw Materials,Direct,9896.41,2024-05-12,2024-05-23,2024-06-22,2024-06-29,Open,C00435
PO000247,V00403,Marketing,Logistics,Direct,2321.82,2025-11-09,2025-11-21,2025-12-07,2025-12-09,Closed,C00566
PO000248,V00041,Facilities,Raw Materials,Direct,10148.6,2025-08-08,2025-08-22,2025-09-08,2025-09-17,Closed,
PO000249,V00342,Facilities,MRO,Direct,14974.6,2025-10-20,2025-10-29,2025-11-17,2025-11-25,Cancelled,C00131
PO000250,V00487,Marketing,IT Services,Indirect,14945.46,2025-12-15,2025-12-22,2026-02-04,2026-02-05,Closed,
PO000251,V00385,Operations,Professional Services,Indirect,55446.67,2024-11-24,2024-11-27,2024-12-21,2024-12-15,Open,
PO000252,V00120,Marketing,Facilities,Indirect,23488.6,2025-03-15,2025-03-16,2025-03-29,2025-03-26,Closed,
PO000253,V00403,R&D,Logistics,Direct,7737.53,2025-03-02,2025-03-06,2025-04-13,2025-04-09,Closed,C00566
PO000254,V00289,Sales,Facilities,Indirect,847.44,2025-03-11,2025-03-24,2025-04-12,2025-04-23,Closed,C00671
PO000255,V00355,Marketing,Capital Equipment,Direct,7798.0,2025-09-01,2025-09-03,2025-10-04,2025-10-05,Closed,C00396
PO000256,V00176,Engineering,IT Services,Indirect,20655.42,2024-01-20,2024-02-02,2024-02-09,2024-02-09,Closed,C00324
PO000257,V00410,Engineering,Marketing,Indirect,2332.4,2025-01-11,2025-01-20,2025-02-13,2025-02-14,Cancelled,
PO000258,V00308,HR,Raw Materials,Direct,4925.4,2025-10-05,2025-10-11,2025-11-02,2025-11-05,Cancelled,
PO000259,V00101,Marketing,Logistics,Direct,4256.58,2024-10-18,2024-11-01,2024-12-03,2024-12-04,Open,C00639
PO000260,V00293,Manufacturing,Capital Equipment,Direct,29538.6,2025-08-19,2025-08-31,2025-09-22,2025-09-30,Closed,
PO000261,V00098,Facilities,Logistics,Direct,4397.02,2024-01-20,2024-01-21,2024-02-20,2024-02-22,Cancelled,C00491
PO000262,V00357,HR,Travel,Indirect,21515.28,2025-07-18,2025-07-24,2025-08-27,2025-08-29,Cancelled,C00041
PO000263,V00057,Sales,Facilities,Indirect,1306.69,2024-12-19,2024-12-24,2025-02-07,2025-02-13,Closed,C00196
PO000264,V00398,R&D,IT Services,Indirect,14049.53,2024-01-11,2024-01-16,2024-02-27,2024-03-11,Cancelled,C00568
PO000265,V00389,Sales,Raw Materials,Direct,4100.94,2025-08-05,2025-08-08,2025-08-20,2025-08-27,Closed,C00029
PO000266,V00273,Engineering,Office Supplies,Indirect,758.78,2024-12-21,2024-12-25,2025-01-17,2025-01-17,Closed,C00356
PO000267,V00148,Facilities,Facilities,Indirect,42648.74,2025-08-16,2025-08-24,2025-09-05,2025-09-05,Open,
PO000268,V00156,IT,Professional Services,Indirect,27088.04,2024-09-14,2024-09-21,2024-10-22,2024-10-19,Closed,C00008
PO000269,V00490,Marketing,Marketing,Indirect,11893.42,2025-02-01,2025-02-03,2025-03-03,2025-03-07,Open,C00319
PO000270,V00168,Operations,Facilities,Indirect,11817.06,2025-05-08,2025-05-13,2025-05-23,2025-05-25,Closed,C00459
PO000271,V00368,Marketing,IT Services,Indirect,17500.05,2025-09-17,2025-09-26,2025-11-10,2025-11-04,Closed,C00365
PO000272,V00070,Engineering,IT Services,Indirect,14653.56,2025-12-23,2025-12-27,2026-02-03,2026-02-11,Open,
PO000273,V00360,Finance,IT Services,Indirect,5191.87,2024-11-22,2024-11-23,2025-01-07,2025-01-09,Closed,
PO000274,V00069,Operations,Raw Materials,Direct,4626.14,2024-08-13,2024-08-21,2024-09-15,2024-09-15,Open,C00016
PO000275,V00412,HR,Professional Services,Indirect,75888.91,2024-11-18,2024-11-30,2024-12-10,2024-12-16,Cancelled,C00573
PO000276,V00039,Sales,MRO,Direct,4831.67,2025-11-29,2025-11-30,2026-01-11,2026-01-18,Closed,C00454
PO000277,V00306,Sales,Raw Materials,Direct,44281.0,2024-06-12,2024-06-17,2024-07-06,2024-07-16,Open,C00501
PO000278,V00017,Operations,Raw Materials,Direct,1713.33,2024-08-25,2024-08-26,2024-09-21,2024-09-20,Closed,
PO000279,V00322,Manufacturing,IT Services,Indirect,55328.27,2024-03-14,2024-03-26,2024-04-02,2024-04-04,Closed,C00156
PO000280,V00334,Operations,Capital Equipment,Direct,29239.28,2025-12-13,2025-12-14,2025-12-27,2026-01-06,Closed,C00066
PO000281,V00036,Engineering,Raw Materials,Direct,16930.85,2025-05-11,2025-05-14,2025-06-15,2025-06-21,Closed,
PO000282,V00471,Marketing,IT Services,Indirect,39157.13,2024-08-31,2024-09-13,2024-10-19,2024-10-18,Cancelled,C00240
PO000283,V00073,Finance,Logistics,Direct,3985.06,2025-01-24,2025-02-04,2025-03-15,2025-03-13,Closed,C00095
PO000284,V00030,Legal,Raw Materials,Direct,8610.64,2024-02-12,2024-02-19,2024-03-27,2024-04-03,Cancelled,C00299
PO000285,V00341,Finance,MRO,Direct,3026.38,2025-01-23,2025-01-30,2025-02-07,2025-02-09,Closed,C00534
PO000286,V00114,R&D,Marketing,Indirect,730.85,2025-08-09,2025-08-23,2025-09-06,2025-09-06,Open,
PO000287,V00368,Facilities,IT Services,Indirect,17450.53,2024-03-05,2024-03-18,2024-04-14,2024-04-16,Closed,C00366
PO000288,V00368,IT,IT Services,Indirect,44131.54,2025-09-24,2025-10-03,2025-10-29,2025-11-02,Closed,C00365
PO000289,V00325,Marketing,Raw Materials,Direct,9501.75,2024-03-22,2024-04-02,2024-05-13,2024-05-13,Closed,C00174
PO000290,V00003,HR,Raw Materials,Direct,13695.54,2024-05-06,2024-05-18,2024-05-31,2024-06-04,Closed,C00064
PO000291,V00368,Engineering,IT Services,Indirect,34461.2,2024-12-10,2024-12-20,2025-01-18,2025-01-25,Closed,C00365
PO000292,V00083,Marketing,MRO,Direct,496.76,2025-06-26,2025-06-29,2025-07-31,2025-08-03,Closed,
PO000293,V00168,Facilities,Facilities,Indirect,1051.0,2024-07-23,2024-08-03,2024-08-22,2024-08-24,Open,C00460
PO000294,V00087,Facilities,Raw Materials,Direct,12824.24,2024-05-23,2024-06-05,2024-07-09,2024-07-16,Closed,C00179
PO000295,V00452,IT,Travel,Indirect,584.88,2025-02-11,2025-02-18,2025-03-01,2025-03-04,Closed,
PO000296,V00368,HR,IT Services,Indirect,36648.84,2024-03-31,2024-04-04,2024-05-05,2024-05-05,Cancelled,C00366
PO000297,V00495,Operations,Marketing,Indirect,4462.7,2024-05-25,2024-05-27,2024-07-06,2024-07-01,Closed,C00108
PO000298,V00247,Finance,Raw Materials,Direct,5565.59,2024-11-23,2024-12-06,2025-01-06,2025-01-03,Closed,C00500
PO000299,V00180,Facilities,Marketing,Indirect,4909.02,2025-09-21,2025-09-28,2025-11-04,2025-11-03,Closed,
PO000300,V00478,Facilities,Professional Services,Indirect,13896.49,2025-02-03,2025-02-13,2025-03-09,2025-03-09,Closed,
PO000301,V00093,HR,MRO,Direct,5701.09,2025-09-15,2025-09-23,2025-10-11,2025-10-11,Closed,
PO000302,V00145,Sales,Professional Services,Indirect,33243.07,2025-06-18,2025-06-23,2025-07-05,2025-07-09,Cancelled,C00328
PO000303,V00141,HR,Professional Services,Indirect,11303.41,2024-01-05,2024-01-08,2024-02-20,2024-02-10,Closed,C00243
PO000304,V00235,R&D,MRO,Direct,25175.16,2024-01-20,2024-01-31,2024-03-10,2024-03-10,Cancelled,C00403
PO000305,V00399,Sales,IT Services,Indirect,22809.4,2024-10-03,2024-10-13,2024-11-01,2024-10-31,Cancelled,C00605
PO000306,V00196,Marketing,MRO,Direct,926.81,2024-04-14,2024-04-24,2024-05-29,2024-06-05,Cancelled,C00334
PO000307,V00403,R&D,Logistics,Direct,25330.77,2025-03-05,2025-03-12,2025-04-19,2025-04-22,Closed,C00566
PO000308,V00145,Operations,Professional Services,Indirect,6303.44,2024-11-23,2024-11-28,2024-12-24,2024-12-31,Closed,C00328
PO000309,V00222,Engineering,Professional Services,Indirect,7693.13,2024-04-01,2024-04-10,2024-04-19,2024-04-19,Cancelled,C00610
PO000310,V00298,Sales,Capital Equipment,Direct,60268.4,2025-07-04,2025-07-10,2025-07-23,2025-07-16,Closed,
PO000311,V00169,Manufacturing,Capital Equipment,Direct,50194.11,2025-03-10,2025-03-17,2025-03-31,2025-03-30,Cancelled,C00346
PO000312,V00143,Facilities,IT Services,Indirect,3955.51,2025-05-20,2025-05-29,2025-06-22,2025-06-22,Closed,C00603
PO000313,V00325,Sales,Raw Materials,Direct,4252.25,2025-06-10,2025-06-12,2025-07-01,2025-07-05,Closed,C00173
PO000314,V00305,Marketing,IT Services,Indirect,32495.73,2025-03-05,2025-03-16,2025-04-09,2025-04-19,Closed,
PO000315,V00069,Sales,Raw Materials,Direct,3211.5,2024-05-16,2024-05-25,2024-06-25,2024-07-01,Closed,C00016
PO000316,V00256,Engineering,Facilities,Indirect,1188.96,2025-01-18,2025-01-22,2025-02-01,2025-02-06,Open,
PO000317,V00179,Legal,Professional Services,Indirect,95052.55,2025-04-03,2025-04-16,2025-05-20,2025-05-22,Closed,C00619
PO000318,V00429,R&D,IT Services,Indirect,1859.93,2025-01-28,2025-02-09,2025-03-03,2025-03-11,Closed,
PO000319,V00269,Sales,Raw Materials,Direct,8148.86,2024-10-13,2024-10-17,2024-11-30,2024-12-06,Closed,C00141
PO000320,V00008,Operations,IT Services,Indirect,7046.24,2025-12-27,2025-12-30,2026-02-02,2026-02-06,Closed,
PO000321,V00285,Engineering,IT Services,Indirect,6540.61,2024-12-01,2024-12-08,2025-01-14,2025-01-19,Closed,C00510
PO000322,V00361,Engineering,Raw Materials,Direct,25124.78,2025-04-08,2025-04-12,2025-05-09,2025-05-10,Cancelled,C00428
PO000323,V00346,Engineering,IT Services,Indirect,57692.22,2024-04-11,2024-04-16,2024-05-31,2024-06-07,Closed,
PO000324,V00368,Sales,IT Services,Indirect,12101.33,2025-01-12,2025-01-18,2025-02-17,2025-02-17,Open,C00365
PO000325,V00418,Legal,Professional Services,Indirect,44283.63,2025-09-05,2025-09-07,2025-09-20,2025-09-15,Closed,C00230
PO000326,V00434,Operations,MRO,Direct,1374.09,2024-11-23,2024-11-27,2024-12-16,2024-12-15,Open,
PO000327,V00138,Operations,Facilities,Indirect,3339.79,2024-05-07,2024-05-16,2024-06-01,2024-05-30,Closed,C00204
PO000328,V00251,R&D,IT Services,Indirect,19880.39,2024-11-12,2024-11-18,2024-12-23,2024-12-29,Closed,C00386
PO000329,V00488,Marketing,IT Services,Indirect,18955.5,2025-12-04,2025-12-17,2025-12-25,2025-12-28,Closed,
PO000330,V00019,Manufacturing,Professional Services,Indirect,5154.11,2024-01-11,2024-01-23,2024-02-24,2024-02-20,Closed,C00104
PO000331,V00361,R&D,Raw Materials,Direct,8036.15,2025-10-06,2025-10-13,2025-11-27,2025-11-29,Closed,C00428
PO000332,V00102,Manufacturing,IT Services,Indirect,11708.24,2025-12-08,2025-12-17,2026-01-26,2026-02-01,Closed,C00052
PO000333,V00276,Finance,Capital Equipment,Direct,42004.03,2025-01-07,2025-01-08,2025-01-24,2025-01-27,Cancelled,C00337
PO000334,V00348,Manufacturing,Professional Services,Indirect,15014.31,2024-08-30,2024-09-08,2024-09-22,2024-09-30,Closed,C00177
PO000335,V00415,Legal,Professional Services,Indirect,41733.84,2025-12-17,2025-12-29,2026-01-13,2026-01-20,Closed,C00162
PO000336,V00090,HR,Logistics,Direct,17262.27,2025-05-19,2025-05-24,2025-06-11,2025-06-13,Closed,
PO000337,V00016,Facilities,IT Services,Indirect,13793.43,2024-02-13,2024-02-24,2024-03-18,2024-03-22,Cancelled,C00184
PO000338,V00464,R&D,Logistics,Direct,9027.4,2025-04-27,2025-05-07,2025-06-08,2025-06-14,Closed,
PO000339,V00395,Marketing,Professional Services,Indirect,3218.26,2024-02-03,2024-02-06,2024-02-24,2024-02-23,Closed,C00011
PO000340,V00127,Manufacturing,Raw Materials,Direct,5189.67,2025-02-23,2025-03-06,2025-04-20,2025-04-21,Closed,C00234
PO000341,V00251,Marketing,IT Services,Indirect,48411.36,2024-11-22,2024-12-04,2025-01-13,2025-01-15,Closed,
PO000342,V00362,Engineering,MRO,Direct,1974.97,2025-01-14,2025-01-27,2025-02-05,2025-02-02,Closed,C00001
PO000343,V00082,Finance,MRO,Direct,19880.02,2024-01-30,2024-01-31,2024-02-13,2024-02-20,Closed,
PO000344,V00281,Operations,Marketing,Indirect,1492.42,2025-08-10,2025-08-15,2025-09-12,2025-09-14,Closed,C00040
PO000345,V00134,R&D,Professional Services,Indirect,2968.5,2024-02-26,2024-02-27,2024-03-11,2024-03-12,Closed,
PO000346,V00430,Marketing,IT Services,Indirect,45126.9,2024-01-07,2024-01-14,2024-01-30,2024-02-04,Closed,
PO000347,V00424,Facilities,Professional Services,Indirect,21200.74,2024-11-01,2024-11-04,2024-11-18,2024-11-13,Closed,C00207
PO000348,V00326,Finance,Facilities,Indirect,4295.15,2024-02-02,2024-02-03,2024-03-19,2024-03-28,Closed,
PO000349,V00496,HR,Raw Materials,Direct,27832.09,2024-03-12,2024-03-22,2024-04-16,2024-04-15,Closed,C00031
PO000350,V00322,Sales,IT Services,Indirect,21385.85,2024-09-19,2024-10-03,2024-10-19,2024-10-18,Open,C00156
PO000351,V00285,Manufacturing,IT Services,Indirect,21459.52,2024-06-23,2024-07-03,2024-08-06,2024-08-09,Cancelled,C00510
PO000352,V00439,Operations,Professional Services,Indirect,12624.08,2025-10-06,2025-10-12,2025-11-19,2025-11-16,Closed,
PO000353,V00403,Marketing,Logistics,Direct,95117.07,2025-12-23,2025-12-30,2026-02-01,2026-02-11,Closed,C00566
PO000354,V00454,Sales,Raw Materials,Direct,16267.63,2024-06-10,2024-06-19,2024-08-01,2024-08-04,Open,C00310
PO000355,V00071,IT,Marketing,Indirect,1327.56,2025-01-22,2025-01-28,2025-03-11,2025-03-17,Closed,C00070
PO000356,V00253,Operations,IT Services,Indirect,4000.25,2025-11-15,2025-11-28,2025-12-13,2025-12-16,Closed,
PO000357,V00333,R&D,IT Services,Indirect,19705.46,2025-10-31,2025-11-02,2025-11-18,2025-11-12,Closed,C00193
PO000358,V00305,Marketing,IT Services,Indirect,17183.08,2024-01-17,2024-01-27,2024-02-13,2024-02-13,Closed,
PO000359,V00393,Operations,Professional Services,Indirect,27526.9,2025-11-01,2025-11-14,2025-12-02,2025-12-11,Closed,C00472
PO000360,V00368,R&D,IT Services,Indirect,4231.04,2025-05-21,2025-05-26,2025-06-09,2025-06-06,Closed,C00365
PO000361,V00169,Engineering,Capital Equipment,Direct,35170.82,2025-06-05,2025-06-14,2025-07-07,2025-07-09,Cancelled,C00347
PO000362,V00324,IT,Raw Materials,Direct,6717.34,2025-12-10,2025-12-17,2026-01-01,2026-01-02,Open,
PO000363,V00223,Engineering,Professional Services,Indirect,90470.6,2025-10-04,2025-10-18,2025-11-23,2025-11-14,Closed,C00268
PO000364,V00403,Marketing,Logistics,Direct,3993.21,2024-09-05,2024-09-07,2024-09-20,2024-09-25,Closed,C00567
PO000365,V00370,HR,Logistics,Direct,6958.33,2025-07-30,2025-08-03,2025-09-17,2025-09-18,Closed,
PO000366,V00144,IT,Capital Equipment,Direct,33997.98,2025-04-09,2025-04-19,2025-05-26,2025-05-24,Closed,C00485
PO000367,V00222,Finance,Professional Services,Indirect,8066.89,2025-04-04,2025-04-13,2025-05-02,2025-04-27,Closed,
PO000368,V00200,HR,Professional Services,Indirect,138738.56,2024-02-05,2024-02-14,2024-03-01,2024-02-27,Closed,C00375
PO000369,V00095,Sales,Marketing,Indirect,12949.44,2024-05-03,2024-05-05,2024-05-17,2024-05-17,Cancelled,C00262
PO000370,V00225,IT,Professional Services,Indirect,24603.38,2024-09-28,2024-10-06,2024-10-21,2024-10-25,Closed,C00565
PO000371,V00329,Marketing,Professional Services,Indirect,6127.4,2024-10-04,2024-10-08,2024-11-22,2024-11-23,Closed,
PO000372,V00368,Facilities,IT Services,Indirect,39301.04,2025-10-02,2025-10-10,2025-10-23,2025-10-23,Closed,C00365
PO000373,V00368,Finance,IT Services,Indirect,13723.36,2025-02-01,2025-02-06,2025-03-15,2025-03-19,Cancelled,C00366
PO000374,V00137,Sales,MRO,Direct,5931.88,2025-02-18,2025-02-19,2025-03-21,2025-03-22,Cancelled,C00554
PO000375,V00424,Legal,Professional Services,Indirect,22649.95,2025-05-22,2025-05-28,2025-06-09,2025-06-13,Open,C00207
PO000376,V00038,Finance,Raw Materials,Direct,16575.17,2024-01-09,2024-01-21,2024-02-12,2024-02-06,Open,C00314
PO000377,V00269,Manufacturing,Raw Materials,Direct,4779.5,2025-03-09,2025-03-13,2025-04-13,2025-04-09,Cancelled,C00141
PO000378,V00032,HR,Logistics,Direct,2006.49,2024-06-21,2024-07-03,2024-07-16,2024-07-18,Cancelled,C00238
PO000379,V00168,Marketing,Facilities,Indirect,1034.84,2025-05-12,2025-05-20,2025-06-09,2025-06-06,Open,
PO000380,V00332,Finance,Raw Materials,Direct,27507.0,2025-11-24,2025-12-05,2025-12-25,2025-12-25,Closed,
PO000381,V00368,Legal,IT Services,Indirect,18368.58,2024-10-15,2024-10-16,2024-11-05,2024-11-10,Cancelled,C00365
PO000382,V00261,Facilities,Facilities,Indirect,5950.92,2025-02-28,2025-03-05,2025-04-06,2025-04-09,Closed,C00669
PO000383,V00377,Sales,Capital Equipment,Direct,24904.0,2024-04-25,2024-04-27,2024-05-31,2024-05-31,Closed,C00525
PO000384,V00181,Manufacturing,MRO,Direct,4601.88,2024-07-06,2024-07-18,2024-08-21,2024-08-20,Closed,C00161
PO000385,V00383,Marketing,Logistics,Direct,4415.74,2024-03-18,2024-03-24,2024-04-20,2024-05-01,Closed,C00404
PO000386,V00169,Manufacturing,Capital Equipment,Direct,27175.09,2024-09-01,2024-09-09,2024-09-24,2024-09-21,Closed,C00346
PO000387,V00101,Legal,Logistics,Direct,61333.28,2025-12-02,2025-12-14,2026-01-24,2026-01-25,Open,
PO000388,V00241,IT,Logistics,Direct,77622.37,2024-07-18,2024-08-01,2024-08-31,2024-09-04,Closed,C00614
PO000389,V00169,R&D,Capital Equipment,Direct,75026.01,2025-12-08,2025-12-14,2026-01-12,2026-01-21,Open,C00347
PO000390,V00003,HR,Raw Materials,Direct,28798.08,2025-05-28,2025-06-06,2025-07-21,2025-07-24,Closed,
PO000391,V00312,Finance,Raw Materials,Direct,15854.6,2024-06-08,2024-06-10,2024-06-23,2024-06-15,Closed,C00549
PO000392,V00195,Marketing,IT Services,Indirect,16734.94,2024-09-16,2024-09-18,2024-10-23,2024-11-09,Closed,
PO000393,V00230,Facilities,Marketing,Indirect,13966.74,2025-04-13,2025-04-15,2025-05-04,2025-05-04,Cancelled,C00200
PO000394,V00138,HR,Facilities,Indirect,3876.99,2024-06-26,2024-06-27,2024-07-27,2024-08-01,Open,C00205
PO000395,V00030,Finance,Raw Materials,Direct,2122.46,2025-11-15,2025-11-26,2025-12-18,2025-12-23,Closed,C00301
PO000396,V00027,Engineering,Capital Equipment,Direct,5494.87,2025-06-18,2025-06-27,2025-08-11,2025-08-19,Closed,
PO000397,V00368,Legal,IT Services,Indirect,29883.53,2024-03-07,2024-03-21,2024-03-31,2024-04-06,Open,C00366
PO000398,V00205,Manufacturing,Raw Materials,Direct,7040.01,2025-10-07,2025-10-13,2025-11-22,2025-11-25,Closed,
PO000399,V00078,Manufacturing,Professional Services,Indirect,6582.39,2024-10-13,2024-10-27,2024-12-08,2024-12-15,Closed,C00085
PO000400,V00395,Operations,Professional Services,Indirect,31766.3,2025-09-16,2025-09-19,2025-09-27,2025-09-25,Closed,
PO000401,V00125,Operations,Raw Materials,Direct,20710.85,2025-10-12,2025-10-15,2025-11-06,2025-11-10,Closed,C00015
PO000402,V00179,IT,Professional Services,Indirect,66895.22,2025-10-13,2025-10-26,2025-11-18,2025-11-19,Closed,C00619
PO000403,V00225,Manufacturing,Professional Services,Indirect,66990.04,2024-07-27,2024-08-04,2024-09-18,2024-09-07,Closed,C00565
PO000404,V00368,Finance,IT Services,Indirect,142950.41,2025-05-20,2025-05-27,2025-06-09,2025-06-09,Closed,C00365
PO000405,V00369,Operations,IT Services,Indirect,206699.88,2025-06-18,2025-06-29,2025-08-03,2025-08-10,Open,C00482
PO000406,V00243,Engineering,IT Services,Indirect,17691.18,2024-10-29,2024-11-04,2024-12-11,2024-12-11,Cancelled,C00590
PO000407,V00491,Engineering,Raw Materials,Direct,7217.2,2024-11-28,2024-12-07,2024-12-15,2024-12-13,Closed,C00037
PO000408,V00181,IT,MRO,Direct,2500.72,2025-04-07,2025-04-11,2025-04-23,2025-04-25,Open,C00161
PO000409,V00261,Finance,Facilities,Indirect,1232.95,2025-02-15,2025-02-23,2025-04-02,2025-04-01,Closed,C00669
PO000410,V00111,IT,Facilities,Indirect,1022.41,2025-11-16,2025-11-23,2025-12-06,2025-12-09,Closed,C00293
PO000411,V00434,Finance,MRO,Direct,5384.7,2025-10-07,2025-10-14,2025-11-28,2025-11-25,Open,C00188
PO000412,V00114,Legal,Marketing,Indirect,1681.04,2025-03-06,2025-03-12,2025-03-23,2025-03-29,Closed,
PO000413,V00356,R&D,Capital Equipment,Direct,94254.33,2025-09-18,2025-09-29,2025-11-08,2025-11-08,Closed,
PO000414,V00486,Manufacturing,IT Services,Indirect,41130.91,2025-04-01,2025-04-07,2025-04-23,2025-04-24,Open,C00080
PO000415,V00445,HR,IT Services,Indirect,11437.89,2025-08-07,2025-08-11,2025-09-22,2025-09-24,Closed,
PO000416,V00418,IT,Professional Services,Indirect,2699.14,2025-04-10,2025-04-20,2025-05-23,2025-06-03,Open,C00230
PO000417,V00375,HR,Raw Materials,Direct,21334.05,2025-06-25,2025-07-02,2025-07-16,2025-07-18,Closed,C00006
PO000418,V00368,HR,IT Services,Indirect,11598.4,2025-01-18,2025-01-26,2025-02-20,2025-02-22,Closed,C00365
PO000419,V00158,Engineering,Travel,Indirect,3017.87,2024-01-19,2024-01-21,2024-02-27,2024-03-01,Closed,C00317
PO000420,V00295,Finance,Marketing,Indirect,1951.51,2024-06-10,2024-06-18,2024-06-28,2024-07-07,Closed,C00531
PO000421,V00001,Sales,Logistics,Direct,49742.58,2024-11-19,2024-11-20,2024-12-11,2024-12-18,Closed,C00086
PO000422,V00254,Operations,IT Services,Indirect,20446.33,2024-03-22,2024-04-03,2024-05-03,2024-05-10,Open,C00263
PO000423,V00112,Engineering,Raw Materials,Direct,7982.06,2024-04-24,2024-04-26,2024-05-06,2024-05-07,Cancelled,C00421
PO000424,V00463,HR,IT Services,Indirect,64159.53,2025-10-27,2025-10-30,2025-12-13,2025-12-16,Closed,
PO000425,V00397,Manufacturing,IT Services,Indirect,5077.52,2024-06-06,2024-06-15,2024-07-25,2024-07-21,Closed,C00532
PO000426,V00182,Sales,Raw Materials,Direct,8778.87,2025-10-06,2025-10-08,2025-10-31,2025-10-30,Open,
PO000427,V00482,HR,MRO,Direct,3901.04,2024-09-12,2024-09-24,2024-10-05,2024-10-05,Closed,C00544
PO000428,V00041,IT,Raw Materials,Direct,9437.53,2025-10-30,2025-11-07,2025-11-20,2025-11-22,Closed,
PO000429,V00336,R&D,Marketing,Indirect,20695.52,2025-12-15,2025-12-23,2026-01-08,2026-01-17,Cancelled,
PO000430,V00368,Manufacturing,IT Services,Indirect,5363.16,2024-11-04,2024-11-17,2024-12-19,2024-12-22,Closed,C00365
PO000431,V00104,Manufacturing,Professional Services,Indirect,55660.18,2024-07-27,2024-08-04,2024-08-17,2024-08-20,Open,C00449
PO000432,V00287,Sales,Professional Services,Indirect,19903.26,2025-09-10,2025-09-15,2025-09-29,2025-09-22,Cancelled,C00417
PO000433,V00471,Marketing,IT Services,Indirect,170191.96,2025-06-10,2025-06-11,2025-07-16,2025-07-23,Closed,
PO000434,V00313,Facilities,IT Services,Indirect,54557.7,2025-02-25,2025-03-06,2025-04-20,2025-04-24,Closed,C00164
PO000435,V00375,Facilities,Raw Materials,Direct,10773.15,2025-02-03,2025-02-04,2025-02-13,2025-02-17,Closed,
PO000436,V00439,R&D,Professional Services,Indirect,31482.43,2025-09-16,2025-09-23,2025-10-25,2025-10-25,Closed,
PO000437,V00368,Finance,IT Services,Indirect,6097.59,2025-09-11,2025-09-23,2025-09-30,2025-10-05,Closed,C00366
PO000438,V00118,Legal,Raw Materials,Direct,19143.23,2025-12-02,2025-12-08,2025-12-19,2025-12-26,Closed,C00215
PO000439,V00222,Sales,Professional Services,Indirect,83939.78,2025-07-10,2025-07-11,2025-07-29,2025-07-28,Cancelled,
PO000440,V00060,Manufacturing,Capital Equipment,Direct,7643.03,2024-12-11,2024-12-19,2025-01-10,2025-01-10,Closed,C00418
PO000441,V00008,Engineering,IT Services,Indirect,36923.14,2024-07-24,2024-08-06,2024-08-19,2024-08-20,Closed,C00308
PO000442,V00490,HR,Marketing,Indirect,8857.69,2024-12-04,2024-12-09,2025-01-08,2025-01-11,Closed,C00319
PO000443,V00485,Finance,Marketing,Indirect,8487.38,2024-10-26,2024-10-28,2024-11-21,2024-11-20,Open,C00616
PO000444,V00093,Engineering,MRO,Direct,864.71,2025-03-30,2025-04-05,2025-05-13,2025-05-17,Closed,
PO000445,V00038,Marketing,Raw Materials,Direct,12625.55,2024-03-20,2024-03-31,2024-04-13,2024-04-04,Cancelled,C00315
PO000446,V00292,Facilities,Capital Equipment,Direct,16296.4,2024-10-26,2024-11-06,2024-12-05,2024-12-10,Cancelled,C00527
PO000447,V00223,Marketing,Professional Services,Indirect,15986.11,2025-03-05,2025-03-19,2025-04-02,2025-04-02,Closed,C00268
PO000448,V00038,HR,Raw Materials,Direct,13194.0,2024-07-14,2024-07-22,2024-08-07,2024-08-06,Closed,C00314
PO000449,V00228,R&D,Professional Services,Indirect,18768.79,2025-04-25,2025-04-26,2025-06-01,2025-06-04,Closed,C00229
PO000450,V00051,Legal,Professional Services,Indirect,130409.78,2025-01-01,2025-01-12,2025-01-19,2025-01-26,Closed,
PO000451,V00159,Finance,IT Services,Indirect,43049.56,2024-08-19,2024-08-31,2024-09-24,2024-09-25,Closed,C00431
PO000452,V00235,Marketing,MRO,Direct,9933.19,2025-04-12,2025-04-16,2025-05-17,2025-05-17,Closed,C00403
PO000453,V00158,Operations,Travel,Indirect,736.42,2024-08-26,2024-09-06,2024-10-03,2024-09-25,Open,C00318
PO000454,V00201,IT,IT Services,Indirect,19977.91,2025-05-01,2025-05-10,2025-05-28,2025-05-23,Closed,C00662
PO000455,V00183,Marketing,Capital Equipment,Direct,53435.26,2025-10-06,2025-10-17,2025-11-15,2025-11-23,Closed,
PO000456,V00491,Marketing,Raw Materials,Direct,13138.03,2025-11-18,2025-12-01,2026-01-03,2026-01-11,Closed,
PO000457,V00387,Finance,IT Services,Indirect,44524.02,2025-09-28,2025-09-29,2025-10-31,2025-11-02,Closed,C00508
PO000458,V00409,Sales,Logistics,Direct,48494.3,2024-12-19,2025-01-02,2025-01-15,2025-01-10,Closed,C00036
PO000459,V00461,Finance,IT Services,Indirect,11890.61,2024-02-07,2024-02-19,2024-03-10,2024-03-18,Closed,C00583
PO000460,V00214,Sales,Raw Materials,Direct,6501.85,2024-08-31,2024-09-05,2024-10-01,2024-09-25,Open,
PO000461,V00120,Sales,Facilities,Indirect,6823.09,2024-12-27,2025-01-05,2025-01-18,2025-01-21,Closed,C00387
PO000462,V00251,Engineering,IT Services,Indirect,20019.99,2025-02-10,2025-02-13,2025-03-07,2025-03-10,Cancelled,C00386
PO000463,V00116,Legal,Raw Materials,Direct,8174.99,2024-09-03,2024-09-14,2024-09-22,2024-09-21,Closed,C00560
PO000464,V00177,Facilities,Marketing,Indirect,4085.08,2025-09-29,2025-10-07,2025-11-01,2025-10-27,Closed,C00220
PO000465,V00461,Legal,IT Services,Indirect,2006.72,2025-09-26,2025-10-04,2025-11-06,2025-11-10,Open,
PO000466,V00204,Finance,IT Services,Indirect,13099.47,2025-05-20,2025-05-21,2025-06-19,2025-06-24,Cancelled,C00231
PO000467,V00018,Sales,Raw Materials,Direct,3030.75,2024-05-24,2024-05-28,2024-06-26,2024-06-22,Cancelled,C00254
PO000468,V00361,R&D,Raw Materials,Direct,3874.09,2024-05-14,2024-05-24,2024-06-21,2024-06-15,Closed,
PO000469,V00432,Manufacturing,Capital Equipment,Direct,203622.02,2025-06-23,2025-06-30,2025-08-06,2025-08-10,Closed,C00176
PO000470,V00229,R&D,IT Services,Indirect,104316.1,2025-05-21,2025-05-31,2025-06-29,2025-06-24,Closed,
PO000471,V00216,Operations,Marketing,Indirect,6869.96,2024-02-22,2024-03-04,2024-03-17,2024-03-17,Closed,
PO000472,V00001,HR,Logistics,Direct,6102.33,2024-10-05,2024-10-08,2024-11-08,2024-11-12,Open,C00086
PO000473,V00154,Operations,Raw Materials,Direct,28669.64,2025-01-22,2025-01-24,2025-02-28,2025-03-07,Open,
PO000474,V00403,Engineering,Logistics,Direct,12275.46,2024-06-17,2024-06-21,2024-07-14,2024-07-20,Closed,C00566
PO000475,V00403,IT,Logistics,Direct,3391.95,2024-10-28,2024-11-07,2024-11-15,2024-11-17,Closed,C00566
PO000476,V00383,IT,Logistics,Direct,7226.18,2025-01-18,2025-01-25,2025-03-09,2025-03-04,Closed,
PO000477,V00102,Manufacturing,IT Services,Indirect,30421.04,2024-07-28,2024-08-07,2024-09-13,2024-09-22,Closed,C00052
PO000478,V00034,R&D,Professional Services,Indirect,5342.56,2024-06-07,2024-06-21,2024-07-02,2024-07-05,Closed,C00083
PO000479,V00229,R&D,IT Services,Indirect,40561.67,2025-04-11,2025-04-20,2025-05-18,2025-05-22,Closed,
PO000480,V00216,Finance,Marketing,Indirect,1465.17,2025-09-28,2025-10-03,2025-10-14,2025-10-19,Closed,C00649
PO000481,V00466,R&D,Professional Services,Indirect,34809.15,2025-05-23,2025-06-02,2025-07-09,2025-07-09,Cancelled,C00149
PO000482,V00139,Facilities,Office Supplies,Indirect,1083.79,2025-03-29,2025-04-11,2025-04-21,2025-04-21,Closed,
PO000483,V00220,HR,Raw Materials,Direct,7840.6,2024-11-06,2024-11-08,2024-12-21,2024-12-21,Cancelled,C00516
PO000484,V00137,Engineering,MRO,Direct,2987.88,2025-06-15,2025-06-24,2025-07-31,2025-07-31,Cancelled,C00553
PO000485,V00390,Engineering,Professional Services,Indirect,1532.27,2025-04-05,2025-04-12,2025-05-19,2025-05-19,Closed,
PO000486,V00175,IT,Marketing,Indirect,1236.93,2025-10-22,2025-10-26,2025-12-06,2025-12-15,Closed,
PO000487,V00282,Facilities,Professional Services,Indirect,18608.2,2024-01-18,2024-01-25,2024-02-09,2024-02-17,Closed,
PO000488,V00038,Manufacturing,Raw Materials,Direct,5691.61,2025-09-23,2025-09-29,2025-10-28,2025-10-26,Closed,
PO000489,V00476,Engineering,Raw Materials,Direct,11121.82,2025-01-01,2025-01-14,2025-01-21,2025-01-21,Cancelled,C00055
PO000490,V00134,Engineering,Professional Services,Indirect,31665.38,2025-02-24,2025-03-02,2025-03-31,2025-04-07,Closed,
PO000491,V00185,Finance,Capital Equipment,Direct,23389.32,2025-09-20,2025-09-22,2025-10-03,2025-10-05,Closed,
PO000492,V00456,Sales,Raw Materials,Direct,7483.91,2024-12-20,2024-12-28,2025-01-23,2025-02-05,Cancelled,C00146
PO000493,V00440,Finance,Marketing,Indirect,2559.38,2025-12-10,2025-12-11,2026-01-09,2026-01-15,Cancelled,C00415
PO000494,V00434,Legal,MRO,Direct,866.65,2025-12-22,2025-12-27,2026-02-07,2026-02-09,Closed,C00188
PO000495,V00121,Manufacturing,Professional Services,Indirect,25005.53,2025-06-17,2025-06-25,2025-07-09,2025-07-10,Closed,
PO000496,V00440,Finance,Marketing,Indirect,2168.81,2025-10-29,2025-11-03,2025-12-04,2025-12-08,Closed,C00415
PO000497,V00169,Marketing,Capital Equipment,Direct,13490.39,2025-09-07,2025-09-18,2025-10-14,2025-10-11,Closed,C00346
PO000498,V00235,Engineering,MRO,Direct,1490.03,2024-05-14,2024-05-27,2024-07-10,2024-07-10,Closed,C00403
PO000499,V00399,Legal,IT Services,Indirect,12212.78,2024-09-23,2024-10-02,2024-11-02,2024-10-26,Cancelled,C00605
PO000500,V00123,Finance,Facilities,Indirect,4557.67,2024-07-16,2024-07-19,2024-08-19,2024-08-27,Closed,C00494
PO000501,V00240,IT,Office Supplies,Indirect,6773.88,2025-11-07,2025-11-09,2025-12-01,2025-11-28,Open,
PO000502,V00171,Legal,Professional Services,Indirect,192081.63,2024-05-09,2024-05-22,2024-07-06,2024-07-02,Closed,C00602
PO000503,V00173,Facilities,Professional Services,Indirect,32190.71,2025-03-07,2025-03-15,2025-03-22,2025-03-22,Closed,C00155
PO000504,V00452,Sales,Travel,Indirect,2444.15,2024-06-14,2024-06-19,2024-07-31,2024-08-07,Closed,C00117
PO000505,V00263,Manufacturing,IT Services,Indirect,24557.37,2025-07-05,2025-07-08,2025-07-18,2025-07-14,Closed,C00110
PO000506,V00174,Manufacturing,Logistics,Direct,14232.45,2024-01-22,2024-01-23,2024-02-15,2024-02-16,Cancelled,C00062
PO000507,V00368,HR,IT Services,Indirect,15543.22,2025-02-15,2025-02-17,2025-03-28,2025-03-27,Closed,C00366
PO000508,V00080,Legal,IT Services,Indirect,20810.5,2025-09-24,2025-09-29,2025-10-15,2025-10-24,Closed,
PO000509,V00160,HR,Logistics,Direct,34362.68,2024-07-07,2024-07-10,2024-08-09,2024-08-13,Closed,C00595
PO000510,V00237,Legal,Facilities,Indirect,2367.41,2024-11-05,2024-11-17,2024-12-26,2024-12-28,Open,
PO000511,V00137,IT,MRO,Direct,3879.8,2024-08-23,2024-09-05,2024-09-17,2024-09-19,Cancelled,C00554
PO000512,V00138,IT,Facilities,Indirect,5488.77,2024-09-15,2024-09-24,2024-10-08,2024-10-08,Cancelled,C00205
PO000513,V00042,Engineering,Raw Materials,Direct,4281.43,2024-08-07,2024-08-11,2024-09-23,2024-09-29,Closed,C00621
PO000514,V00287,IT,Professional Services,Indirect,6790.45,2024-03-30,2024-04-11,2024-05-03,2024-05-14,Closed,C00417
PO000515,V00168,Marketing,Facilities,Indirect,5136.33,2025-07-19,2025-07-30,2025-09-05,2025-09-09,Closed,C00460
PO000516,V00136,Marketing,Raw Materials,Direct,19632.47,2024-12-21,2024-12-30,2025-01-21,2025-01-19,Open,
PO000517,V00134,Legal,Professional Services,Indirect,16773.76,2024-11-09,2024-11-11,2024-11-23,2024-11-24,Closed,C00579
PO000518,V00247,Manufacturing,Raw Materials,Direct,12095.05,2024-10-21,2024-10-29,2024-11-05,2024-11-02,Closed,C00500
PO000519,V00223,R&D,Professional Services,Indirect,117655.89,2025-02-14,2025-02-28,2025-04-03,2025-03-26,Closed,C00268
PO000520,V00471,Operations,IT Services,Indirect,39965.48,2024-12-22,2024-12-29,2025-01-27,2025-02-03,Closed,
PO000521,V00403,IT,Logistics,Direct,6748.84,2024-12-07,2024-12-19,2024-12-28,2024-12-29,Closed,C00566
PO000522,V00256,Sales,Facilities,Indirect,1057.02,2024-10-01,2024-10-14,2024-11-20,2024-11-19,Open,C00394
PO000523,V00437,Legal,MRO,Direct,386.17,2024-01-22,2024-02-01,2024-03-16,2024-03-17,Closed,
PO000524,V00047,Marketing,Logistics,Direct,11805.47,2025-09-26,2025-10-09,2025-10-22,2025-10-24,Closed,
PO000525,V00306,Engineering,Raw Materials,Direct,23142.97,2024-08-23,2024-08-28,2024-09-24,2024-09-25,Closed,C00501
PO000526,V00039,Manufacturing,MRO,Direct,8814.91,2024-11-20,2024-11-24,2024-12-28,2024-12-28,Closed,
PO000527,V00324,Legal,Raw Materials,Direct,35025.56,2025-03-02,2025-03-10,2025-04-14,2025-04-25,Closed,C00112
PO000528,V00091,Finance,IT Services,Indirect,6383.68,2024-09-01,2024-09-05,2024-10-17,2024-10-07,Cancelled,C00158
PO000529,V00196,Engineering,MRO,Direct,19822.95,2025-12-05,2025-12-18,2026-01-06,2026-01-06,Closed,
PO000530,V00184,Engineering,Marketing,Indirect,7824.26,2025-12-06,2025-12-14,2026-01-23,2026-01-24,Closed,C00497
PO000531,V00423,Operations,Raw Materials,Direct,22064.77,2024-02-09,2024-02-14,2024-02-26,2024-02-28,Cancelled,C00547
PO000532,V00477,Facilities,Office Supplies,Indirect,6097.67,2025-01-22,2025-01-26,2025-02-06,2025-02-09,Closed,
PO000533,V00017,Finance,Raw Materials,Direct,17779.57,2024-09-02,2024-09-03,2024-10-07,2024-10-19,Closed,C00281
PO000534,V00130,R&D,MRO,Direct,14088.99,2024-09-18,2024-09-29,2024-10-08,2024-10-23,Cancelled,
PO000535,V00160,IT,Logistics,Direct,40184.44,2025-12-18,2025-12-22,2026-01-14,2026-01-14,Closed,
PO000536,V00116,Manufacturing,Raw Materials,Direct,10889.56,2025-03-20,2025-03-29,2025-04-18,2025-04-18,Closed,C00560
PO000537,V00471,R&D,IT Services,Indirect,6537.36,2025-10-09,2025-10-20,2025-12-03,2025-12-02,Closed,C00241
PO000538,V00354,R&D,Professional Services,Indirect,18415.15,2025-05-03,2025-05-08,2025-06-15,2025-06-06,Closed,
PO000539,V00376,Legal,Logistics,Direct,4141.26,2025-02-18,2025-02-25,2025-04-01,2025-03-25,Closed,C00352
PO000540,V00245,Operations,Logistics,Direct,11221.89,2024-04-30,2024-05-13,2024-06-19,2024-06-13,Cancelled,C00414
PO000541,V00169,Legal,Capital Equipment,Direct,34745.46,2025-07-28,2025-07-29,2025-09-09,2025-09-05,Open,C00347
PO000542,V00007,HR,Professional Services,Indirect,20747.73,2024-06-04,2024-06-09,2024-07-17,2024-07-19,Open,C00425
PO000543,V00104,Engineering,Professional Services,Indirect,19865.93,2025-07-24,2025-08-06,2025-08-20,2025-08-20,Cancelled,C00449
PO000544,V00383,HR,Logistics,Direct,2046.75,2025-11-18,2025-12-01,2026-01-01,2026-01-03,Closed,
PO000545,V00083,HR,MRO,Direct,722.3,2024-09-11,2024-09-17,2024-10-28,2024-10-28,Closed,C00153
PO000546,V00229,R&D,IT Services,Indirect,75074.35,2025-03-06,2025-03-12,2025-04-14,2025-04-13,Closed,
PO000547,V00341,Engineering,MRO,Direct,3923.27,2025-11-25,2025-12-04,2026-01-05,2026-01-15,Open,
PO000548,V00368,Finance,IT Services,Indirect,19961.53,2024-03-26,2024-04-09,2024-05-10,2024-05-11,Closed,C00365
PO000549,V00368,Finance,IT Services,Indirect,12349.27,2025-10-23,2025-10-24,2025-10-31,2025-11-01,Open,C00366
PO000550,V00186,Manufacturing,Raw Materials,Direct,13930.98,2024-06-17,2024-06-27,2024-07-23,2024-07-25,Open,
PO000551,V00125,Engineering,Raw Materials,Direct,15620.22,2025-02-14,2025-02-21,2025-03-18,2025-03-11,Closed,C00015
PO000552,V00393,Marketing,Professional Services,Indirect,7323.89,2025-12-11,2025-12-18,2025-12-26,2025-12-26,Cancelled,C00472
PO000553,V00093,HR,MRO,Direct,5299.08,2024-07-12,2024-07-19,2024-08-09,2024-08-07,Closed,C00363
PO000554,V00205,Operations,Raw Materials,Direct,13529.06,2025-11-01,2025-11-03,2025-12-15,2025-12-14,Closed,
PO000555,V00169,Sales,Capital Equipment,Direct,36974.93,2025-11-16,2025-11-17,2025-12-25,2025-12-31,Closed,C00347
PO000556,V00286,HR,Professional Services,Indirect,21256.5,2025-10-06,2025-10-20,2025-10-27,2025-10-29,Closed,C00572
PO000557,V00486,R&D,IT Services,Indirect,4829.7,2025-08-30,2025-09-11,2025-10-18,2025-10-21,Closed,C00080
PO000558,V00023,Operations,Capital Equipment,Direct,109494.21,2025-01-23,2025-02-01,2025-02-15,2025-02-15,Closed,C00092
PO000559,V00075,Operations,Raw Materials,Direct,6469.8,2025-03-17,2025-03-26,2025-05-03,2025-05-02,Closed,
PO000560,V00169,Marketing,Capital Equipment,Direct,16949.99,2025-05-21,2025-05-30,2025-06-26,2025-07-02,Closed,C00347
PO000561,V00068,Facilities,Professional Services,Indirect,25407.1,2025-10-16,2025-10-26,2025-11-25,2025-11-26,Closed,
PO000562,V00284,Sales,Professional Services,Indirect,16927.67,2025-10-25,2025-10-28,2025-12-07,2025-11-30,Open,C00586
PO000563,V00030,HR,Raw Materials,Direct,8900.11,2024-12-20,2025-01-01,2025-01-20,2025-02-05,Closed,C00300
PO000564,V00368,Sales,IT Services,Indirect,31393.1,2025-03-06,2025-03-12,2025-03-19,2025-03-16,Cancelled,C00365
PO000565,V00004,Marketing,Professional Services,Indirect,16446.68,2025-09-04,2025-09-13,2025-10-24,2025-10-30,Closed,C00286
PO000566,V00368,Legal,IT Services,Indirect,20769.96,2025-03-22,2025-04-04,2025-05-14,2025-05-13,Closed,C00365
PO000567,V00235,HR,MRO,Direct,3054.59,2024-09-22,2024-09-26,2024-10-13,2024-10-26,Closed,C00403
PO000568,V00391,IT,Professional Services,Indirect,18527.56,2024-02-27,2024-03-06,2024-03-13,2024-03-17,Closed,
PO000569,V00292,Engineering,Capital Equipment,Direct,26396.31,2024-06-10,2024-06-16,2024-07-12,2024-08-03,Closed,
PO000570,V00201,R&D,IT Services,Indirect,7918.05,2024-05-18,2024-05-27,2024-06-08,2024-06-11,Cancelled,C00662
PO000571,V00180,Manufacturing,Marketing,Indirect,2747.6,2024-10-18,2024-10-27,2024-12-01,2024-12-09,Closed,C00536
PO000572,V00175,Facilities,Marketing,Indirect,1611.2,2024-09-05,2024-09-06,2024-10-06,2024-10-14,Cancelled,
PO000573,V00108,HR,MRO,Direct,3035.91,2025-08-23,2025-08-30,2025-09-29,2025-09-29,Closed,C00575
PO000574,V00108,Engineering,MRO,Direct,1209.43,2025-03-13,2025-03-19,2025-04-01,2025-03-31,Cancelled,C00575
PO000575,V00339,R&D,Facilities,Indirect,2208.77,2024-01-02,2024-01-09,2024-01-18,2024-01-19,Cancelled,C00430
PO000576,V00196,Finance,MRO,Direct,628.17,2024-11-16,2024-11-28,2025-01-04,2025-01-05,Cancelled,
PO000577,V00413,Sales,Logistics,Direct,7438.47,2024-07-29,2024-08-04,2024-08-12,2024-08-15,Closed,C00631
PO000578,V00137,Manufacturing,MRO,Direct,16062.46,2025-06-27,2025-06-28,2025-08-02,2025-07-28,Closed,C00553
PO000579,V00368,Operations,IT Services,Indirect,13874.89,2024-09-18,2024-09-24,2024-10-21,2024-10-21,Cancelled,C00365
PO000580,V00368,Legal,IT Services,Indirect,5807.61,2025-09-12,2025-09-14,2025-10-03,2025-09-28,Open,C00365
PO000581,V00474,Finance,Raw Materials,Direct,17042.19,2025-03-26,2025-04-07,2025-05-16,2025-05-17,Closed,
PO000582,V00098,Engineering,Logistics,Direct,30502.32,2025-07-15,2025-07-27,2025-08-08,2025-08-13,Closed,
PO000583,V00061,Operations,Raw Materials,Direct,13239.33,2025-02-01,2025-02-11,2025-02-19,2025-03-01,Open,
PO000584,V00180,IT,Marketing,Indirect,4525.66,2025-11-03,2025-11-08,2025-11-27,2025-12-06,Open,
PO000585,V00380,Finance,MRO,Direct,14338.39,2024-02-24,2024-03-05,2024-04-01,2024-04-03,Closed,
PO000586,V00323,Finance,Marketing,Indirect,2364.18,2025-05-18,2025-05-23,2025-06-04,2025-06-16,Closed,C00191
PO000587,V00127,HR,Raw Materials,Direct,1393.67,2025-11-21,2025-11-22,2026-01-05,2026-01-06,Closed,C00233
PO000588,V00064,IT,Raw Materials,Direct,4867.49,2025-09-18,2025-09-22,2025-10-20,2025-10-19,Open,C00075
PO000589,V00290,Finance,Raw Materials,Direct,5129.87,2024-04-10,2024-04-15,2024-04-24,2024-04-20,Cancelled,
PO000590,V00017,Facilities,Raw Materials,Direct,8728.9,2025-08-01,2025-08-12,2025-09-25,2025-10-08,Cancelled,C00281
PO000591,V00145,Operations,Professional Services,Indirect,31470.19,2024-01-06,2024-01-14,2024-02-11,2024-02-12,Closed,
PO000592,V00169,Manufacturing,Capital Equipment,Direct,123106.19,2025-02-16,2025-03-01,2025-04-06,2025-04-08,Closed,C00347
PO000593,V00403,Marketing,Logistics,Direct,12337.58,2024-09-11,2024-09-16,2024-09-25,2024-09-27,Cancelled,C00567
PO000594,V00046,R&D,Capital Equipment,Direct,52081.97,2025-04-12,2025-04-19,2025-06-02,2025-06-03,Closed,
PO000595,V00038,Finance,Raw Materials,Direct,18648.0,2024-12-04,2024-12-07,2025-01-04,2025-01-12,Open,C00314
PO000596,V00045,Operations,IT Services,Indirect,6416.45,2024-07-05,2024-07-06,2024-07-22,2024-07-27,Closed,C00582
PO000597,V00335,Finance,IT Services,Indirect,18281.7,2025-02-19,2025-03-03,2025-03-25,2025-03-29,Closed,
PO000598,V00218,HR,Raw Materials,Direct,22137.27,2025-02-07,2025-02-18,2025-03-22,2025-03-16,Open,
PO000599,V00479,Facilities,Facilities,Indirect,2424.11,2025-04-28,2025-04-30,2025-05-31,2025-05-29,Closed,
PO000600,V00235,Manufacturing,MRO,Direct,20098.85,2025-04-12,2025-04-22,2025-05-24,2025-05-29,Closed,C00403
PO000601,V00007,Facilities,Professional Services,Indirect,11409.1,2024-04-07,2024-04-20,2024-05-12,2024-05-11,Closed,C00425
PO000602,V00004,Engineering,Professional Services,Indirect,46428.78,2024-12-18,2024-12-21,2025-01-28,2025-01-31,Closed,C00285
PO000603,V00117,Marketing,IT Services,Indirect,85682.61,2025-02-28,2025-03-05,2025-03-31,2025-04-11,Closed,
PO000604,V00475,Engineering,Marketing,Indirect,1808.59,2024-03-04,2024-03-13,2024-03-26,2024-04-05,Closed,C00465
PO000605,V00429,Facilities,IT Services,Indirect,4838.48,2025-11-03,2025-11-06,2025-12-19,2025-12-17,Closed,C00298
PO000606,V00160,Engineering,Logistics,Direct,4021.36,2025-10-03,2025-10-10,2025-11-02,2025-11-02,Open,
PO000607,V00470,Sales,IT Services,Indirect,6468.88,2024-10-30,2024-11-12,2024-11-30,2024-11-29,Cancelled,C00461
PO000608,V00011,Marketing,Raw Materials,Direct,16999.96,2025-01-27,2025-01-31,2025-03-11,2025-03-02,Open,C00446
PO000609,V00212,Sales,MRO,Direct,5724.99,2025-01-20,2025-01-28,2025-02-27,2025-03-03,Closed,C00051
PO000610,V00306,HR,Raw Materials,Direct,2502.6,2025-05-18,2025-05-27,2025-06-20,2025-06-25,Closed,C00501
PO000611,V00239,Engineering,Professional Services,Indirect,28256.2,2024-12-23,2025-01-04,2025-01-13,2025-01-19,Closed,C00122
PO000612,V00286,Manufacturing,Professional Services,Indirect,29208.46,2025-10-13,2025-10-21,2025-11-24,2025-12-01,Cancelled,
PO000613,V00210,Sales,Professional Services,Indirect,7661.72,2025-11-26,2025-11-27,2025-12-08,2025-12-09,Closed,C00071
PO000614,V00254,Legal,IT Services,Indirect,6217.02,2024-06-18,2024-06-24,2024-07-20,2024-07-25,Closed,C00263
PO000615,V00471,Finance,IT Services,Indirect,17527.07,2025-12-18,2025-12-31,2026-01-19,2026-01-13,Closed,C00240
PO000616,V00433,Legal,Office Supplies,Indirect,1694.11,2024-04-20,2024-04-26,2024-06-08,2024-06-10,Closed,C00539
PO000617,V00244,Marketing,MRO,Direct,4124.84,2024-03-06,2024-03-17,2024-03-26,2024-03-24,Closed,
PO000618,V00169,Facilities,Capital Equipment,Direct,83345.58,2025-10-17,2025-10-22,2025-11-15,2025-11-11,Closed,C00347
PO000619,V00421,Facilities,Marketing,Indirect,1501.21,2025-01-09,2025-01-11,2025-02-05,2025-02-06,Open,C00520
PO000620,V00010,Sales,Logistics,Direct,13801.76,2025-06-29,2025-06-30,2025-07-28,2025-08-04,Closed,C00021
PO000621,V00408,Sales,Professional Services,Indirect,58377.88,2024-07-07,2024-07-18,2024-08-18,2024-08-22,Closed,C00492
PO000622,V00447,Legal,IT Services,Indirect,19836.2,2024-05-02,2024-05-07,2024-06-01,2024-06-03,Open,C00664
PO000623,V00365,Sales,Raw Materials,Direct,8982.71,2024-03-02,2024-03-12,2024-04-15,2024-04-12,Closed,
PO000624,V00212,Finance,MRO,Direct,582.55,2025-04-23,2025-04-30,2025-06-14,2025-06-16,Cancelled,C00051
PO000625,V00346,Marketing,IT Services,Indirect,5785.5,2024-07-23,2024-08-06,2024-08-23,2024-08-23,Open,
PO000626,V00062,Marketing,Office Supplies,Indirect,3438.95,2025-04-23,2025-04-29,2025-05-29,2025-06-02,Closed,C00651
PO000627,V00198,Facilities,Logistics,Direct,17542.47,2025-07-30,2025-08-13,2025-09-14,2025-09-20,Closed,C00555
PO000628,V00290,Sales,Raw Materials,Direct,3300.92,2024-05-19,2024-06-01,2024-07-07,2024-07-10,Closed,C00522
PO000629,V00371,Operations,Logistics,Direct,10513.69,2024-06-11,2024-06-21,2024-07-12,2024-07-10,Closed,C00576
PO000630,V00250,Operations,Logistics,Direct,3731.49,2024-04-28,2024-05-08,2024-06-14,2024-06-16,Open,C00185
PO000631,V00168,Engineering,Facilities,Indirect,2784.64,2024-09-04,2024-09-18,2024-10-05,2024-10-10,Closed,C00459
PO000632,V00137,IT,MRO,Direct,26872.61,2024-12-06,2024-12-11,2024-12-22,2024-12-26,Cancelled,C00553
PO000633,V00368,Sales,IT Services,Indirect,13241.82,2025-03-28,2025-04-06,2025-04-20,2025-04-23,Open,C00366
PO000634,V00071,Manufacturing,Marketing,Indirect,4991.9,2024-01-13,2024-01-24,2024-02-26,2024-02-27,Cancelled,C00069
PO000635,V00449,Marketing,Office Supplies,Indirect,2636.73,2025-04-14,2025-04-23,2025-05-07,2025-05-10,Open,
PO000636,V00371,R&D,Logistics,Direct,14130.33,2024-01-12,2024-01-26,2024-02-04,2024-02-11,Closed,C00576
PO000637,V00020,R&D,MRO,Direct,734.61,2025-09-20,2025-10-04,2025-10-27,2025-10-30,Open,C00189
PO000638,V00118,Operations,Raw Materials,Direct,10227.7,2025-08-23,2025-09-05,2025-10-12,2025-10-18,Closed,C00215
PO000639,V00275,Facilities,IT Services,Indirect,7814.27,2024-10-19,2024-10-25,2024-11-19,2024-11-22,Open,C00407
PO000640,V00147,Sales,Professional Services,Indirect,109643.2,2024-09-22,2024-09-25,2024-11-04,2024-11-11,Closed,C00470
PO000641,V00478,HR,Professional Services,Indirect,2545.52,2024-05-20,2024-05-23,2024-07-05,2024-07-08,Closed,
PO000642,V00087,Sales,Raw Materials,Direct,4506.66,2025-11-02,2025-11-05,2025-12-20,2025-12-26,Closed,
PO000643,V00353,Facilities,Professional Services,Indirect,5093.97,2024-08-04,2024-08-05,2024-08-28,2024-08-31,Closed,C00129
PO000644,V00011,R&D,Raw Materials,Direct,6395.76,2024-03-02,2024-03-12,2024-04-20,2024-04-20,Closed,C00445
PO000645,V00439,Sales,Professional Services,Indirect,37040.68,2024-07-15,2024-07-16,2024-07-27,2024-08-05,Closed,C00182
PO000646,V00006,IT,Professional Services,Indirect,4632.88,2024-09-28,2024-10-04,2024-11-11,2024-11-11,Closed,C00274
PO000647,V00289,Engineering,Facilities,Indirect,2207.97,2024-10-05,2024-10-17,2024-11-05,2024-11-16,Closed,C00671
PO000648,V00459,Facilities,IT Services,Indirect,6109.25,2025-01-09,2025-01-18,2025-02-28,2025-02-25,Cancelled,
PO000649,V00357,Engineering,Travel,Indirect,4394.23,2025-04-14,2025-04-26,2025-05-18,2025-05-18,Closed,C00041
PO000650,V00252,Manufacturing,MRO,Direct,4770.44,2024-07-22,2024-08-03,2024-08-22,2024-08-22,Open,
PO000651,V00339,Manufacturing,Facilities,Indirect,2797.55,2025-04-11,2025-04-19,2025-05-02,2025-05-07,Closed,C00430
PO000652,V00180,HR,Marketing,Indirect,4336.48,2025-07-07,2025-07-15,2025-08-03,2025-08-01,Closed,C00536
PO000653,V00038,Legal,Raw Materials,Direct,12134.09,2024-08-16,2024-08-28,2024-10-02,2024-10-02,Open,C00314
PO000654,V00368,Facilities,IT Services,Indirect,14979.51,2025-10-12,2025-10-20,2025-11-07,2025-11-13,Closed,C00366
PO000655,V00199,Finance,Raw Materials,Direct,1676.53,2025-11-03,2025-11-08,2025-12-20,2025-12-18,Closed,C00466
PO000656,V00085,Operations,Logistics,Direct,2745.51,2025-05-09,2025-05-17,2025-06-03,2025-06-03,Closed,C00026
PO000657,V00482,Facilities,MRO,Direct,3435.23,2024-06-17,2024-06-21,2024-07-04,2024-07-12,Open,C00544
PO000658,V00399,R&D,IT Services,Indirect,43855.82,2024-07-17,2024-07-22,2024-08-11,2024-08-07,Closed,
PO000659,V00368,Manufacturing,IT Services,Indirect,53977.03,2025-03-16,2025-03-22,2025-05-01,2025-05-02,Cancelled,C00365
PO000660,V00403,Marketing,Logistics,Direct,40634.79,2024-07-22,2024-07-28,2024-08-13,2024-08-21,Closed,C00567
PO000661,V00266,HR,MRO,Direct,1298.87,2025-06-01,2025-06-14,2025-07-16,2025-07-15,Closed,C00255
PO000662,V00385,Facilities,Professional Services,Indirect,5099.82,2024-09-27,2024-10-01,2024-10-24,2024-10-30,Closed,C00076
PO000663,V00472,HR,Professional Services,Indirect,20670.85,2025-08-11,2025-08-24,2025-09-13,2025-09-08,Closed,C00303
PO000664,V00382,Finance,Raw Materials,Direct,50314.51,2025-05-04,2025-05-16,2025-06-29,2025-07-07,Closed,
PO000665,V00291,Engineering,Travel,Indirect,906.48,2025-12-19,2025-12-23,2026-01-16,2025-12-31,Cancelled,C00135
PO000666,V00468,Engineering,Raw Materials,Direct,29980.15,2024-04-04,2024-04-12,2024-05-07,2024-05-08,Closed,
PO000667,V00070,Operations,IT Services,Indirect,2556.89,2025-02-23,2025-03-05,2025-03-24,2025-03-25,Closed,C00143
PO000668,V00491,HR,Raw Materials,Direct,10423.31,2024-04-05,2024-04-17,2024-04-25,2024-04-23,Closed,C00037
PO000669,V00020,HR,MRO,Direct,1380.75,2025-10-21,2025-10-24,2025-11-20,2025-11-29,Closed,C00189
PO000670,V00423,HR,Raw Materials,Direct,6836.82,2024-04-17,2024-04-20,2024-05-04,2024-05-02,Closed,C00546
PO000671,V00405,Sales,Raw Materials,Direct,15781.73,2024-01-16,2024-01-17,2024-02-29,2024-03-07,Closed,C00335
PO000672,V00368,R&D,IT Services,Indirect,15546.19,2025-03-30,2025-04-11,2025-04-22,2025-04-24,Closed,C00365
PO000673,V00452,Operations,Travel,Indirect,5085.94,2024-10-24,2024-11-03,2024-11-22,2024-11-22,Open,C00118
PO000674,V00020,Marketing,MRO,Direct,736.05,2025-11-21,2025-11-24,2025-12-22,2025-12-29,Closed,
PO000675,V00146,HR,Logistics,Direct,19531.16,2024-12-22,2024-12-29,2025-02-10,2025-02-10,Closed,C00360
PO000676,V00001,Marketing,Logistics,Direct,9232.45,2025-05-26,2025-06-09,2025-06-30,2025-06-25,Closed,
PO000677,V00362,R&D,MRO,Direct,4957.09,2024-10-07,2024-10-19,2024-12-01,2024-12-01,Closed,C00003
PO000678,V00083,IT,MRO,Direct,3629.41,2025-08-18,2025-08-31,2025-09-15,2025-09-15,Closed,C00153
PO000679,V00138,HR,Facilities,Indirect,8187.26,2024-09-04,2024-09-07,2024-10-11,2024-10-15,Cancelled,C00205
PO000680,V00164,IT,Professional Services,Indirect,4449.66,2025-11-13,2025-11-15,2025-12-16,2025-12-24,Closed,
PO000681,V00224,IT,Capital Equipment,Direct,28691.98,2025-03-03,2025-03-13,2025-03-27,2025-04-10,Closed,
PO000682,V00368,Legal,IT Services,Indirect,32827.81,2024-02-04,2024-02-16,2024-03-14,2024-03-12,Closed,C00366
PO000683,V00368,Operations,IT Services,Indirect,43521.93,2025-02-14,2025-02-15,2025-03-18,2025-03-28,Open,C00365
PO000684,V00179,Operations,Professional Services,Indirect,17926.68,2024-11-10,2024-11-14,2024-11-26,2024-12-01,Closed,C00619
PO000685,V00096,Sales,Marketing,Indirect,762.57,2024-10-23,2024-10-29,2024-11-07,2024-11-01,Closed,
PO000686,V00282,Legal,Professional Services,Indirect,11995.59,2025-03-03,2025-03-16,2025-03-25,2025-03-20,Closed,
PO000687,V00495,Facilities,Marketing,Indirect,3865.52,2024-11-11,2024-11-14,2024-12-24,2024-12-25,Cancelled,C00108
PO000688,V00362,Facilities,MRO,Direct,13592.5,2024-01-29,2024-02-06,2024-02-26,2024-02-25,Closed,C00001
PO000689,V00403,Finance,Logistics,Direct,5036.68,2025-01-04,2025-01-16,2025-02-01,2025-01-24,Cancelled,C00566
PO000690,V00016,Marketing,IT Services,Indirect,20734.68,2025-02-10,2025-02-12,2025-03-17,2025-03-17,Cancelled,C00183
PO000691,V00369,Sales,IT Services,Indirect,47845.82,2024-06-23,2024-06-28,2024-08-04,2024-08-14,Closed,C00482
PO000692,V00149,Manufacturing,Capital Equipment,Direct,24930.68,2024-08-27,2024-09-04,2024-10-17,2024-10-20,Closed,C00103
PO000693,V00368,Manufacturing,IT Services,Indirect,227674.82,2024-10-18,2024-10-23,2024-11-05,2024-11-04,Closed,C00366
PO000694,V00033,Facilities,Professional Services,Indirect,17381.24,2024-07-06,2024-07-19,2024-08-03,2024-08-11,Closed,C00655
PO000695,V00415,Manufacturing,Professional Services,Indirect,37605.17,2024-01-18,2024-01-29,2024-02-08,2024-02-08,Open,C00162
PO000696,V00301,Engineering,Travel,Indirect,14632.37,2025-10-30,2025-11-06,2025-12-03,2025-12-09,Closed,
PO000697,V00052,HR,Raw Materials,Direct,5500.18,2024-12-09,2024-12-13,2025-01-18,2025-01-09,Closed,C00612
PO000698,V00248,Operations,Raw Materials,Direct,9418.82,2024-07-08,2024-07-11,2024-08-03,2024-08-15,Closed,C00213
PO000699,V00169,R&D,Capital Equipment,Direct,21976.02,2024-09-26,2024-10-09,2024-11-08,2024-11-14,Closed,C00346
PO000700,V00159,R&D,IT Services,Indirect,10999.49,2025-07-02,2025-07-04,2025-08-15,2025-08-17,Open,
PO000701,V00333,HR,IT Services,Indirect,30685.77,2024-02-21,2024-02-28,2024-04-07,2024-04-05,Closed,C00194
PO000702,V00095,IT,Marketing,Indirect,13680.98,2025-10-07,2025-10-17,2025-11-02,2025-11-07,Closed,
PO000703,V00308,Engineering,Raw Materials,Direct,20688.67,2025-04-14,2025-04-17,2025-05-17,2025-05-18,Closed,
PO000704,V00383,Facilities,Logistics,Direct,17626.81,2024-09-21,2024-10-05,2024-10-24,2024-10-29,Closed,C00405
PO000705,V00256,Marketing,Facilities,Indirect,1166.55,2024-12-21,2024-12-29,2025-02-03,2025-02-03,Closed,
PO000706,V00304,Finance,MRO,Direct,8109.48,2025-08-06,2025-08-10,2025-09-24,2025-09-17,Cancelled,
PO000707,V00219,Marketing,IT Services,Indirect,6362.85,2025-03-22,2025-03-26,2025-04-27,2025-04-30,Open,
PO000708,V00403,Marketing,Logistics,Direct,5834.84,2025-04-02,2025-04-09,2025-04-23,2025-04-19,Open,C00566
PO000709,V00456,Facilities,Raw Materials,Direct,33947.35,2025-09-24,2025-09-25,2025-10-09,2025-10-09,Closed,C00147
PO000710,V00142,Facilities,Raw Materials,Direct,27147.67,2025-06-18,2025-06-27,2025-08-02,2025-08-05,Closed,C00341
PO000711,V00027,HR,Capital Equipment,Direct,49845.31,2025-10-29,2025-11-09,2025-12-15,2025-12-19,Closed,C00306
PO000712,V00368,Sales,IT Services,Indirect,2636.65,2025-12-16,2025-12-20,2026-01-27,2026-01-26,Cancelled,C00366
PO000713,V00302,Marketing,Travel,Indirect,39398.82,2025-10-15,2025-10-27,2025-11-20,2025-11-18,Cancelled,
PO000714,V00098,HR,Logistics,Direct,11354.92,2024-01-31,2024-02-04,2024-03-19,2024-03-21,Closed,C00491
PO000715,V00003,Facilities,Raw Materials,Direct,36969.28,2024-11-06,2024-11-16,2024-12-26,2025-01-02,Cancelled,C00065
PO000716,V00376,Engineering,Logistics,Direct,3618.17,2024-12-17,2024-12-19,2025-01-10,2025-01-11,Closed,C00352
PO000717,V00403,Legal,Logistics,Direct,5974.56,2024-05-12,2024-05-26,2024-07-01,2024-07-02,Closed,C00567
PO000718,V00328,Marketing,Raw Materials,Direct,9013.28,2024-10-18,2024-10-22,2024-12-04,2024-12-04,Closed,C00659
PO000719,V00394,HR,Logistics,Direct,10620.42,2024-11-16,2024-11-24,2024-12-17,2024-12-18,Closed,
PO000720,V00403,HR,Logistics,Direct,8480.66,2025-01-02,2025-01-15,2025-02-01,2025-02-01,Closed,C00567
PO000721,V00140,R&D,MRO,Direct,3740.89,2024-10-11,2024-10-25,2024-12-02,2024-12-07,Cancelled,C00412
PO000722,V00384,Legal,Professional Services,Indirect,11092.05,2024-12-09,2024-12-11,2024-12-23,2025-01-01,Closed,C00592
PO000723,V00385,Sales,Professional Services,Indirect,342063.83,2024-03-22,2024-03-28,2024-04-25,2024-05-04,Open,C00076
PO000724,V00169,Manufacturing,Capital Equipment,Direct,12608.03,2025-08-17,2025-08-30,2025-10-11,2025-10-12,Closed,C00347
PO000725,V00179,Operations,Professional Services,Indirect,6630.8,2025-09-15,2025-09-29,2025-10-22,2025-10-15,Closed,C00619
PO000726,V00249,HR,Professional Services,Indirect,20122.27,2024-02-14,2024-02-24,2024-04-07,2024-04-09,Cancelled,C00359
PO000727,V00084,IT,Professional Services,Indirect,21094.35,2025-08-21,2025-08-22,2025-09-29,2025-10-04,Closed,C00371
PO000728,V00403,IT,Logistics,Direct,13315.97,2024-03-28,2024-04-01,2024-04-09,2024-04-17,Cancelled,C00567
PO000729,V00017,Sales,Raw Materials,Direct,4565.64,2024-07-31,2024-08-14,2024-09-23,2024-09-25,Closed,C00280
PO000730,V00097,Marketing,Logistics,Direct,32700.74,2024-11-03,2024-11-09,2024-12-09,2024-12-12,Cancelled,C00484
PO000731,V00120,HR,Facilities,Indirect,1305.22,2025-09-27,2025-10-11,2025-11-02,2025-11-05,Open,
PO000732,V00450,Operations,Raw Materials,Direct,5191.51,2024-07-10,2024-07-16,2024-07-29,2024-07-28,Open,C00444
PO000733,V00032,HR,Logistics,Direct,9226.1,2024-12-10,2024-12-15,2025-01-27,2025-01-21,Cancelled,
PO000734,V00337,Sales,Raw Materials,Direct,13265.43,2025-11-27,2025-12-06,2026-01-10,2026-01-14,Closed,C00058
PO000735,V00499,HR,IT Services,Indirect,16332.05,2025-05-21,2025-05-31,2025-06-23,2025-06-28,Cancelled,C00624
PO000736,V00235,Legal,MRO,Direct,3308.98,2024-12-02,2024-12-13,2025-01-17,2025-01-16,Closed,C00402
PO000737,V00317,Finance,Logistics,Direct,10532.34,2024-11-21,2024-12-05,2024-12-12,2024-12-06,Cancelled,C00034
PO000738,V00445,HR,IT Services,Indirect,14169.76,2025-01-02,2025-01-14,2025-02-02,2025-02-02,Closed,C00524
PO000739,V00403,Manufacturing,Logistics,Direct,23711.38,2024-10-09,2024-10-11,2024-11-12,2024-11-12,Closed,C00566
PO000740,V00318,Marketing,Facilities,Indirect,2609.53,2025-07-25,2025-07-28,2025-08-10,2025-08-07,Closed,C00137
PO000741,V00430,Marketing,IT Services,Indirect,60856.59,2025-05-28,2025-06-08,2025-06-20,2025-06-20,Closed,C00642
PO000742,V00436,R&D,MRO,Direct,2838.32,2024-01-17,2024-01-18,2024-02-17,2024-02-18,Closed,
PO000743,V00333,R&D,IT Services,Indirect,15247.31,2025-05-16,2025-05-26,2025-07-08,2025-07-18,Closed,
PO000744,V00343,Manufacturing,IT Services,Indirect,33085.14,2025-03-29,2025-04-12,2025-04-28,2025-05-04,Closed,C00607
PO000745,V00312,Sales,Raw Materials,Direct,7864.02,2024-03-04,2024-03-05,2024-03-14,2024-03-15,Cancelled,C00550
PO000746,V00169,Operations,Capital Equipment,Direct,45089.06,2025-05-04,2025-05-06,2025-06-13,2025-06-13,Closed,C00346
PO000747,V00074,Legal,IT Services,Indirect,62733.03,2024-08-11,2024-08-13,2024-09-24,2024-09-22,Closed,C00005
PO000748,V00210,Manufacturing,Professional Services,Indirect,4651.88,2024-03-07,2024-03-13,2024-03-23,2024-03-27,Cancelled,C00071
PO000749,V00040,Facilities,Facilities,Indirect,902.82,2024-02-06,2024-02-17,2024-03-15,2024-03-18,Cancelled,C00115
PO000750,V00221,R&D,Raw Materials,Direct,5051.08,2024-09-07,2024-09-10,2024-10-15,2024-10-13,Open,C00218
PO000751,V00225,Facilities,Professional Services,Indirect,196044.34,2025-01-30,2025-02-01,2025-02-28,2025-03-03,Closed,C00565
PO000752,V00400,Finance,Logistics,Direct,15677.11,2025-09-28,2025-10-02,2025-10-14,2025-10-14,Closed,C00398
PO000753,V00018,Legal,Raw Materials,Direct,6911.84,2024-10-17,2024-10-18,2024-11-13,2024-11-26,Closed,C00252
PO000754,V00255,R&D,Professional Services,Indirect,3412.11,2024-11-15,2024-11-24,2025-01-03,2025-01-10,Cancelled,
PO000755,V00154,Facilities,Raw Materials,Direct,12286.89,2024-01-25,2024-02-06,2024-03-04,2024-03-05,Closed,C00224
PO000756,V00194,IT,IT Services,Indirect,33451.62,2025-06-24,2025-06-29,2025-07-06,2025-07-04,Cancelled,C00100
PO000757,V00262,HR,Logistics,Direct,11242.31,2024-06-26,2024-06-27,2024-07-13,2024-07-12,Closed,C00269
PO000758,V00145,Facilities,Professional Services,Indirect,3872.74,2024-10-19,2024-10-23,2024-11-16,2024-11-16,Closed,C00328
PO000759,V00463,Marketing,IT Services,Indirect,3378.19,2025-09-29,2025-10-09,2025-10-16,2025-10-13,Closed,
PO000760,V00467,Sales,Professional Services,Indirect,10129.34,2024-01-02,2024-01-04,2024-01-21,2024-01-25,Cancelled,
PO000761,V00325,Manufacturing,Raw Materials,Direct,7922.67,2025-10-26,2025-10-31,2025-12-11,2025-12-14,Closed,C00173
PO000762,V00334,Finance,Capital Equipment,Direct,19053.25,2025-11-25,2025-11-29,2025-12-11,2025-12-20,Closed,
PO000763,V00182,Manufacturing,Raw Materials,Direct,2805.12,2025-06-30,2025-07-04,2025-07-13,2025-07-15,Open,
PO000764,V00484,Operations,IT Services,Indirect,5324.74,2025-03-09,2025-03-20,2025-04-28,2025-04-25,Open,C00113
PO000765,V00368,IT,IT Services,Indirect,25421.48,2025-03-25,2025-03-28,2025-04-26,2025-05-03,Closed,C00366
PO000766,V00169,Engineering,Capital Equipment,Direct,87989.39,2024-12-31,2025-01-06,2025-02-10,2025-02-08,Closed,C00346
PO000767,V00075,IT,Raw Materials,Direct,10492.73,2025-03-17,2025-03-18,2025-04-01,2025-03-31,Open,C00379
PO000768,V00004,R&D,Professional Services,Indirect,18987.81,2024-10-05,2024-10-11,2024-10-20,2024-10-21,Closed,
PO000769,V00232,IT,IT Services,Indirect,30432.86,2024-12-31,2025-01-13,2025-02-25,2025-03-05,Closed,
PO000770,V00395,Facilities,Professional Services,Indirect,17884.4,2025-01-19,2025-01-27,2025-03-11,2025-03-14,Closed,
PO000771,V00200,Legal,Professional Services,Indirect,49273.23,2024-04-10,2024-04-16,2024-05-22,2024-05-22,Closed,C00375
PO000772,V00169,Sales,Capital Equipment,Direct,106070.33,2025-09-01,2025-09-06,2025-09-23,2025-09-22,Closed,C00347
PO000773,V00172,Finance,IT Services,Indirect,6398.84,2025-10-04,2025-10-18,2025-11-08,2025-11-11,Cancelled,
PO000774,V00305,Facilities,IT Services,Indirect,3836.78,2025-06-16,2025-06-24,2025-07-29,2025-07-29,Cancelled,
PO000775,V00257,HR,Raw Materials,Direct,3353.79,2025-10-03,2025-10-07,2025-10-26,2025-10-30,Closed,C00634
PO000776,V00261,Facilities,Facilities,Indirect,2466.61,2025-07-15,2025-07-28,2025-08-30,2025-08-30,Closed,
PO000777,V00391,Marketing,Professional Services,Indirect,5908.79,2025-08-27,2025-09-10,2025-10-13,2025-10-20,Closed,
PO000778,V00016,R&D,IT Services,Indirect,1946.11,2024-06-03,2024-06-15,2024-07-05,2024-07-03,Closed,C00183
PO000779,V00358,Finance,Logistics,Direct,17812.21,2024-09-16,2024-09-19,2024-10-22,2024-10-24,Closed,C00283
PO000780,V00110,Manufacturing,Professional Services,Indirect,20201.63,2025-09-14,2025-09-25,2025-10-08,2025-10-03,Open,C00357
PO000781,V00070,Engineering,IT Services,Indirect,81866.63,2025-01-31,2025-02-12,2025-02-28,2025-03-02,Cancelled,C00143
PO000782,V00156,Operations,Professional Services,Indirect,161263.4,2024-08-19,2024-08-27,2024-09-24,2024-10-01,Open,C00008
PO000783,V00223,Operations,Professional Services,Indirect,2364.74,2025-11-04,2025-11-06,2025-12-17,2025-12-29,Cancelled,C00268
PO000784,V00424,R&D,Professional Services,Indirect,11114.62,2025-12-21,2025-12-23,2026-01-08,2026-01-16,Cancelled,C00206
PO000785,V00431,Engineering,IT Services,Indirect,16293.16,2025-05-24,2025-06-06,2025-06-14,2025-06-21,Closed,
PO000786,V00062,HR,Office Supplies,Indirect,1383.07,2024-03-21,2024-03-29,2024-05-11,2024-05-08,Closed,C00651
PO000787,V00255,Operations,Professional Services,Indirect,89900.46,2025-03-07,2025-03-10,2025-03-24,2025-03-24,Cancelled,C00630
PO000788,V00184,Facilities,Marketing,Indirect,29643.91,2024-05-20,2024-05-26,2024-07-10,2024-07-15,Cancelled,C00495
PO000789,V00013,Legal,Raw Materials,Direct,4450.31,2025-03-24,2025-03-28,2025-05-06,2025-05-12,Closed,C00598
PO000790,V00142,Engineering,Raw Materials,Direct,4661.24,2024-01-03,2024-01-08,2024-02-12,2024-02-08,Cancelled,C00340
PO000791,V00359,Finance,Professional Services,Indirect,1893.32,2024-06-24,2024-07-03,2024-07-12,2024-07-15,Closed,C00383
PO000792,V00452,Legal,Travel,Indirect,1685.72,2024-04-29,2024-05-07,2024-06-07,2024-06-07,Closed,
PO000793,V00403,Finance,Logistics,Direct,18993.99,2024-11-19,2024-11-26,2024-12-24,2025-01-05,Closed,C00567
PO000794,V00223,Finance,Professional Services,Indirect,20778.06,2025-04-19,2025-04-30,2025-05-12,2025-05-16,Open,C00268
PO000795,V00455,R&D,Facilities,Indirect,90705.58,2025-02-21,2025-02-25,2025-03-08,2025-03-16,Closed,C00339
PO000796,V00243,Legal,IT Services,Indirect,5389.55,2023-12-18,2024-01-01,2024-01-12,2024-01-13,Closed,C00590
PO000797,V00403,Sales,Logistics,Direct,21780.39,2024-08-29,2024-09-02,2024-09-14,2024-09-23,Closed,C00566
PO000798,V00266,Operations,MRO,Direct,1549.9,2024-03-21,2024-04-02,2024-04-14,2024-04-14,Closed,
PO000799,V00403,IT,Logistics,Direct,21950.96,2024-09-01,2024-09-06,2024-10-20,2024-10-14,Cancelled,C00567
PO000800,V00368,Manufacturing,IT Services,Indirect,22349.81,2024-04-17,2024-04-29,2024-05-13,2024-05-14,Open,C00365
PO000801,V00091,Manufacturing,IT Services,Indirect,12833.85,2025-06-17,2025-06-27,2025-07-30,2025-08-04,Closed,C00160
PO000802,V00422,Marketing,Professional Services,Indirect,23976.18,2025-03-21,2025-04-01,2025-04-24,2025-04-24,Closed,
PO000803,V00294,Engineering,IT Services,Indirect,5009.1,2025-10-07,2025-10-20,2025-11-23,2025-11-30,Closed,
PO000804,V00364,Sales,MRO,Direct,3693.57,2024-02-06,2024-02-19,2024-03-20,2024-03-20,Open,
PO000805,V00400,Operations,Logistics,Direct,3780.19,2025-05-20,2025-05-26,2025-07-03,2025-07-06,Closed,C00398
PO000806,V00112,R&D,Raw Materials,Direct,8941.98,2025-07-26,2025-08-02,2025-09-07,2025-09-11,Cancelled,C00422
PO000807,V00147,Marketing,Professional Services,Indirect,48987.48,2024-06-28,2024-07-05,2024-07-13,2024-07-06,Cancelled,C00470
PO000808,V00323,Marketing,Marketing,Indirect,3614.82,2024-05-19,2024-06-01,2024-06-19,2024-06-19,Closed,C00192
PO000809,V00168,IT,Facilities,Indirect,16290.08,2025-03-07,2025-03-11,2025-03-19,2025-03-28,Closed,
PO000810,V00143,R&D,IT Services,Indirect,108056.44,2025-09-09,2025-09-16,2025-10-20,2025-10-20,Cancelled,
PO000811,V00143,Facilities,IT Services,Indirect,20037.33,2023-12-30,2024-01-11,2024-02-17,2024-02-19,Closed,
PO000812,V00159,R&D,IT Services,Indirect,48975.75,2025-01-07,2025-01-10,2025-02-07,2025-02-06,Closed,C00433
PO000813,V00416,Marketing,Logistics,Direct,4896.66,2025-05-06,2025-05-12,2025-06-24,2025-07-04,Cancelled,C00090
PO000814,V00368,Sales,IT Services,Indirect,19215.0,2024-10-19,2024-10-30,2024-12-06,2024-12-14,Open,C00366
PO000815,V00030,Legal,Raw Materials,Direct,5512.68,2024-12-18,2024-12-31,2025-02-12,2025-02-12,Cancelled,C00300
PO000816,V00353,Legal,Professional Services,Indirect,20745.41,2024-04-18,2024-04-19,2024-05-16,2024-05-17,Closed,C00128
PO000817,V00368,Manufacturing,IT Services,Indirect,8333.65,2025-09-27,2025-09-29,2025-11-03,2025-11-04,Closed,C00366
PO000818,V00368,Finance,IT Services,Indirect,41610.89,2024-07-02,2024-07-08,2024-08-06,2024-08-04,Open,C00365
PO000819,V00018,Manufacturing,Raw Materials,Direct,12598.37,2024-07-02,2024-07-11,2024-07-30,2024-08-05,Open,C00254
PO000820,V00403,Legal,Logistics,Direct,4596.42,2025-11-13,2025-11-17,2025-12-18,2025-12-20,Closed,C00567
PO000821,V00184,Engineering,Marketing,Indirect,6482.04,2025-04-20,2025-05-01,2025-06-03,2025-06-08,Closed,C00497
PO000822,V00382,Manufacturing,Raw Materials,Direct,8064.88,2025-03-13,2025-03-15,2025-04-08,2025-04-08,Closed,C00169
PO000823,V00368,Legal,IT Services,Indirect,10487.74,2025-11-20,2025-12-04,2025-12-31,2025-12-31,Closed,C00365
PO000824,V00068,HR,Professional Services,Indirect,10811.53,2025-01-03,2025-01-14,2025-02-10,2025-02-12,Closed,
PO000825,V00110,Engineering,Professional Services,Indirect,45063.7,2025-09-20,2025-10-02,2025-10-17,2025-10-23,Closed,C00357
PO000826,V00048,Manufacturing,Facilities,Indirect,1493.59,2025-12-06,2025-12-08,2026-01-07,2026-01-16,Cancelled,
PO000827,V00435,Marketing,Professional Services,Indirect,12072.12,2025-05-24,2025-06-02,2025-07-05,2025-07-14,Closed,
PO000828,V00422,Manufacturing,Professional Services,Indirect,12044.46,2025-02-21,2025-03-06,2025-03-29,2025-04-03,Closed,C00625
PO000829,V00368,Facilities,IT Services,Indirect,36680.18,2024-03-29,2024-04-02,2024-04-23,2024-04-24,Cancelled,C00365
PO000830,V00148,Manufacturing,Facilities,Indirect,15984.23,2025-10-21,2025-10-22,2025-11-30,2025-12-07,Open,C00473
PO000831,V00259,Facilities,Raw Materials,Direct,3854.77,2025-01-03,2025-01-07,2025-01-28,2025-02-07,Closed,C00557
PO000832,V00368,Operations,IT Services,Indirect,16779.23,2024-02-27,2024-03-07,2024-03-14,2024-03-14,Cancelled,C00365
PO000833,V00482,Finance,MRO,Direct,11418.15,2025-06-14,2025-06-27,2025-08-11,2025-08-10,Closed,C00544
PO000834,V00024,Finance,IT Services,Indirect,23367.48,2025-06-17,2025-06-21,2025-07-09,2025-07-09,Closed,C00266
PO000835,V00004,Operations,Professional Services,Indirect,14335.59,2024-03-05,2024-03-19,2024-04-08,2024-04-12,Cancelled,C00286
PO000836,V00319,HR,Marketing,Indirect,5973.01,2024-04-25,2024-04-29,2024-06-07,2024-06-15,Closed,C00295
PO000837,V00368,Manufacturing,IT Services,Indirect,56594.77,2024-06-04,2024-06-11,2024-07-26,2024-08-06,Open,C00366
PO000838,V00057,Sales,Facilities,Indirect,3325.14,2025-12-26,2025-12-28,2026-01-10,2026-01-10,Cancelled,C00195
PO000839,V00448,Legal,Capital Equipment,Direct,23797.04,2025-03-27,2025-04-01,2025-05-06,2025-05-06,Closed,
PO000840,V00186,Manufacturing,Raw Materials,Direct,3876.4,2025-09-02,2025-09-14,2025-10-14,2025-10-14,Closed,
PO000841,V00401,Engineering,Professional Services,Indirect,27753.53,2025-01-28,2025-02-05,2025-02-25,2025-03-04,Closed,C00355
PO000842,V00047,Facilities,Logistics,Direct,12244.57,2024-02-21,2024-03-04,2024-03-26,2024-03-26,Closed,C00120
PO000843,V00298,R&D,Capital Equipment,Direct,417985.71,2025-07-22,2025-08-03,2025-08-19,2025-08-11,Closed,
PO000844,V00330,Marketing,Professional Services,Indirect,37184.23,2025-11-11,2025-11-14,2025-11-21,2025-11-20,Closed,
PO000845,V00176,Operations,IT Services,Indirect,36650.79,2024-10-06,2024-10-07,2024-10-31,2024-11-01,Cancelled,C00324
PO000846,V00445,Sales,IT Services,Indirect,5185.1,2025-08-21,2025-08-28,2025-10-09,2025-10-19,Cancelled,
PO000847,V00411,IT,Raw Materials,Direct,10452.98,2024-03-26,2024-04-03,2024-05-10,2024-05-20,Closed,C00098
PO000848,V00228,HR,Professional Services,Indirect,76501.63,2025-05-14,2025-05-21,2025-06-08,2025-06-08,Closed,C00229
PO000849,V00466,HR,Professional Services,Indirect,12218.18,2025-09-18,2025-09-29,2025-11-09,2025-11-09,Closed,C00149
PO000850,V00109,Operations,Travel,Indirect,4839.37,2024-05-04,2024-05-12,2024-06-16,2024-06-22,Open,C00313
PO000851,V00169,Manufacturing,Capital Equipment,Direct,14872.86,2024-11-26,2024-12-05,2024-12-22,2024-12-25,Cancelled,C00347
PO000852,V00069,IT,Raw Materials,Direct,19776.43,2025-11-27,2025-11-29,2026-01-07,2026-01-13,Closed,
PO000853,V00044,Legal,Raw Materials,Direct,9122.8,2024-08-25,2024-09-06,2024-09-27,2024-10-05,Open,
PO000854,V00150,Sales,Marketing,Indirect,3799.03,2024-11-11,2024-11-18,2024-12-28,2025-01-08,Closed,
PO000855,V00225,Legal,Professional Services,Indirect,46324.86,2025-09-23,2025-10-04,2025-11-09,2025-11-14,Closed,C00565
PO000856,V00115,IT,Logistics,Direct,16656.31,2024-11-14,2024-11-16,2024-12-12,2024-12-15,Closed,C00322
PO000857,V00466,IT,Professional Services,Indirect,63328.42,2025-10-31,2025-11-01,2025-11-26,2025-11-26,Closed,C00149
PO000858,V00113,Facilities,IT Services,Indirect,4586.9,2025-12-08,2025-12-14,2026-01-15,2026-01-18,Closed,
PO000859,V00186,HR,Raw Materials,Direct,3080.13,2025-06-08,2025-06-19,2025-08-02,2025-07-27,Closed,C00082
PO000860,V00411,Engineering,Raw Materials,Direct,9843.84,2025-04-03,2025-04-16,2025-05-27,2025-05-27,Open,C00098
PO000861,V00069,Legal,Raw Materials,Direct,1932.16,2025-12-15,2025-12-16,2026-01-16,2026-01-17,Closed,
PO000862,V00155,Operations,Raw Materials,Direct,40341.65,2025-02-16,2025-02-24,2025-03-27,2025-04-02,Open,C00152
PO000863,V00231,Sales,Professional Services,Indirect,8776.32,2025-10-20,2025-10-28,2025-11-17,2025-11-17,Closed,
PO000864,V00340,Facilities,IT Services,Indirect,11112.35,2024-10-21,2024-10-30,2024-12-04,2024-12-10,Closed,
PO000865,V00368,Finance,IT Services,Indirect,4756.01,2024-08-23,2024-09-02,2024-09-16,2024-09-14,Open,C00366
PO000866,V00203,Sales,Raw Materials,Direct,14246.65,2025-05-09,2025-05-11,2025-05-27,2025-06-04,Cancelled,C00499
PO000867,V00368,Sales,IT Services,Indirect,75561.0,2024-11-16,2024-11-29,2024-12-30,2024-12-30,Closed,C00365
PO000868,V00159,HR,IT Services,Indirect,12170.87,2025-10-24,2025-10-26,2025-11-12,2025-11-14,Closed,C00432
PO000869,V00079,Legal,MRO,Direct,1809.38,2025-05-22,2025-05-23,2025-07-02,2025-07-02,Cancelled,C00107
PO000870,V00081,R&D,Professional Services,Indirect,3320.44,2025-04-06,2025-04-18,2025-05-22,2025-05-22,Closed,
PO000871,V00232,Facilities,IT Services,Indirect,14059.97,2024-12-26,2024-12-29,2025-01-12,2025-01-13,Closed,
PO000872,V00229,Manufacturing,IT Services,Indirect,21915.92,2024-06-01,2024-06-09,2024-06-20,2024-06-19,Cancelled,
PO000873,V00376,Legal,Logistics,Direct,18545.05,2025-03-04,2025-03-05,2025-04-04,2025-04-08,Closed,C00352
PO000874,V00490,Operations,Marketing,Indirect,14306.0,2025-07-28,2025-08-10,2025-08-25,2025-08-23,Closed,
PO000875,V00037,Sales,Professional Services,Indirect,46524.36,2025-07-14,2025-07-16,2025-08-03,2025-08-11,Closed,C00408
PO000876,V00403,R&D,Logistics,Direct,11007.29,2024-10-28,2024-11-05,2024-12-14,2024-12-13,Cancelled,C00566
PO000877,V00045,Manufacturing,IT Services,Indirect,11039.45,2024-05-01,2024-05-08,2024-05-18,2024-05-22,Open,C00582
PO000878,V00368,HR,IT Services,Indirect,11103.38,2024-12-03,2024-12-13,2025-01-03,2024-12-30,Open,C00366
PO000879,V00488,Legal,IT Services,Indirect,13132.43,2025-11-17,2025-11-21,2026-01-05,2026-01-04,Closed,C00541
PO000880,V00248,Operations,Raw Materials,Direct,15603.35,2024-12-21,2025-01-03,2025-01-12,2025-01-19,Closed,C00213
PO000881,V00278,Sales,Professional Services,Indirect,44739.43,2024-05-22,2024-05-27,2024-07-03,2024-07-05,Closed,C00134
PO000882,V00141,Legal,Professional Services,Indirect,19189.34,2024-09-14,2024-09-22,2024-10-20,2024-10-14,Closed,C00243
PO000883,V00064,HR,Raw Materials,Direct,1927.19,2024-01-16,2024-01-21,2024-02-15,2024-02-20,Closed,C00074
PO000884,V00124,HR,Professional Services,Indirect,18026.19,2024-04-26,2024-05-10,2024-06-07,2024-06-07,Closed,C00479
PO000885,V00348,Finance,Professional Services,Indirect,23700.56,2024-03-07,2024-03-20,2024-04-14,2024-04-16,Closed,C00177
PO000886,V00403,R&D,Logistics,Direct,14627.53,2025-07-24,2025-08-04,2025-08-26,2025-09-02,Closed,C00567
PO000887,V00475,HR,Marketing,Indirect,3809.01,2024-06-30,2024-07-08,2024-08-01,2024-08-01,Cancelled,C00464
PO000888,V00265,HR,Raw Materials,Direct,8511.92,2024-03-30,2024-04-13,2024-05-25,2024-05-23,Cancelled,
PO000889,V00368,IT,IT Services,Indirect,11464.87,2025-12-09,2025-12-18,2026-01-30,2026-02-04,Closed,C00366
PO000890,V00222,Marketing,Professional Services,Indirect,15803.2,2025-02-08,2025-02-14,2025-02-28,2025-03-03,Closed,C00609
PO000891,V00487,Engineering,IT Services,Indirect,19465.44,2025-02-13,2025-02-18,2025-03-05,2025-02-25,Open,
PO000892,V00123,Facilities,Facilities,Indirect,4177.21,2025-09-01,2025-09-02,2025-09-16,2025-09-11,Closed,
PO000893,V00403,Finance,Logistics,Direct,24398.45,2025-09-16,2025-09-25,2025-10-24,2025-10-19,Cancelled,C00567
PO000894,V00126,R&D,IT Services,Indirect,24953.36,2025-12-04,2025-12-13,2025-12-21,2025-12-17,Cancelled,C00511
PO000895,V00368,Legal,IT Services,Indirect,10936.84,2025-02-24,2025-02-28,2025-03-22,2025-03-22,Closed,C00366
PO000896,V00368,Manufacturing,IT Services,Indirect,13578.63,2025-09-06,2025-09-14,2025-10-04,2025-10-12,Closed,C00366
PO000897,V00379,Marketing,Marketing,Indirect,7866.88,2025-10-12,2025-10-13,2025-11-23,2025-11-24,Open,C00617
PO000898,V00480,Facilities,IT Services,Indirect,26306.91,2025-05-07,2025-05-16,2025-06-16,2025-06-25,Cancelled,
PO000899,V00098,HR,Logistics,Direct,5569.61,2025-11-15,2025-11-22,2025-12-09,2025-12-14,Open,
PO000900,V00368,HR,IT Services,Indirect,25763.04,2024-12-12,2024-12-13,2025-01-25,2025-02-01,Closed,C00366
PO000901,V00403,Sales,Logistics,Direct,8906.34,2024-04-24,2024-05-01,2024-06-05,2024-06-15,Cancelled,C00567
PO000902,V00368,Finance,IT Services,Indirect,25542.01,2024-04-02,2024-04-06,2024-05-20,2024-05-20,Closed,C00365
PO000903,V00038,IT,Raw Materials,Direct,11892.42,2024-05-23,2024-05-25,2024-06-11,2024-06-11,Closed,C00314
PO000904,V00409,Engineering,Logistics,Direct,2829.04,2025-02-28,2025-03-05,2025-03-23,2025-03-25,Closed,C00036
PO000905,V00043,R&D,Professional Services,Indirect,86311.21,2024-09-08,2024-09-19,2024-10-07,2024-10-07,Closed,
PO000906,V00118,Marketing,Raw Materials,Direct,46173.84,2025-11-05,2025-11-07,2025-11-20,2025-11-22,Closed,C00215
PO000907,V00475,R&D,Marketing,Indirect,783.71,2025-10-21,2025-10-24,2025-11-09,2025-11-12,Closed,
PO000908,V00368,Engineering,IT Services,Indirect,3344.92,2025-11-10,2025-11-17,2025-12-02,2025-11-26,Closed,C00365
PO000909,V00166,Manufacturing,Raw Materials,Direct,5202.24,2024-05-21,2024-05-26,2024-07-01,2024-07-04,Closed,
PO000910,V00368,Operations,IT Services,Indirect,7242.23,2024-01-12,2024-01-13,2024-02-07,2024-02-09,Closed,C00365
PO000911,V00410,Facilities,Marketing,Indirect,6597.59,2024-10-18,2024-10-29,2024-12-08,2024-12-04,Closed,C00068
PO000912,V00174,Marketing,Logistics,Direct,4265.28,2025-07-03,2025-07-16,2025-07-25,2025-07-25,Closed,C00062
PO000913,V00425,HR,Raw Materials,Direct,3352.89,2025-12-08,2025-12-13,2026-01-12,2026-01-12,Closed,C00667
PO000914,V00013,Engineering,Raw Materials,Direct,17564.24,2024-10-02,2024-10-15,2024-10-30,2024-11-08,Closed,C00598
PO000915,V00156,IT,Professional Services,Indirect,49720.1,2024-12-01,2024-12-09,2025-01-10,2025-01-16,Closed,
PO000916,V00382,IT,Raw Materials,Direct,4575.4,2025-01-20,2025-01-31,2025-02-13,2025-02-16,Closed,C00168
PO000917,V00229,Sales,IT Services,Indirect,73579.66,2023-12-27,2024-01-10,2024-02-18,2024-02-16,Closed,C00377
PO000918,V00486,Sales,IT Services,Indirect,14324.63,2025-05-14,2025-05-17,2025-05-24,2025-05-23,Cancelled,
PO000919,V00204,R&D,IT Services,Indirect,15411.41,2025-04-11,2025-04-17,2025-04-25,2025-04-25,Closed,
PO000920,V00034,Legal,Professional Services,Indirect,5501.93,2024-03-25,2024-04-02,2024-05-10,2024-05-11,Closed,C00083
PO000921,V00365,Facilities,Raw Materials,Direct,7264.39,2024-07-20,2024-08-03,2024-09-03,2024-09-02,Closed,C00413
PO000922,V00211,Facilities,MRO,Direct,4914.55,2025-11-28,2025-12-03,2026-01-04,2026-01-01,Closed,C00345
PO000923,V00368,Engineering,IT Services,Indirect,19827.68,2024-06-20,2024-06-27,2024-08-08,2024-08-11,Closed,C00365
PO000924,V00449,IT,Office Supplies,Indirect,2511.59,2025-10-28,2025-11-09,2025-12-16,2025-12-20,Open,
PO000925,V00461,Manufacturing,IT Services,Indirect,40971.18,2025-07-23,2025-07-29,2025-08-28,2025-08-31,Cancelled,
PO000926,V00057,Finance,Facilities,Indirect,23825.15,2025-12-13,2025-12-24,2026-01-20,2026-01-20,Closed,C00195
PO000927,V00403,Legal,Logistics,Direct,7636.48,2024-12-01,2024-12-08,2025-01-14,2025-01-12,Closed,C00566
PO000928,V00138,Finance,Facilities,Indirect,11050.38,2024-06-06,2024-06-19,2024-07-12,2024-07-12,Closed,C00205
PO000929,V00368,IT,IT Services,Indirect,9277.39,2024-06-23,2024-07-05,2024-08-15,2024-08-13,Closed,C00365
PO000930,V00134,Marketing,Professional Services,Indirect,38905.32,2025-01-26,2025-02-06,2025-02-17,2025-03-03,Open,C00579
PO000931,V00289,Engineering,Facilities,Indirect,11116.7,2024-03-10,2024-03-16,2024-04-15,2024-04-23,Closed,C00671
PO000932,V00353,Sales,Professional Services,Indirect,5128.69,2025-04-09,2025-04-14,2025-05-06,2025-05-11,Closed,C00127
PO000933,V00441,Manufacturing,IT Services,Indirect,3722.36,2024-02-02,2024-02-03,2024-02-19,2024-02-15,Closed,C00061
PO000934,V00389,Operations,Raw Materials,Direct,31140.65,2024-10-04,2024-10-05,2024-11-11,2024-11-12,Closed,C00029
PO000935,V00387,HR,IT Services,Indirect,147334.52,2024-08-31,2024-09-03,2024-09-29,2024-10-04,Closed,C00506
PO000936,V00253,Legal,IT Services,Indirect,22336.85,2025-01-26,2025-01-30,2025-02-16,2025-02-16,Cancelled,
PO000937,V00336,Sales,Marketing,Indirect,4688.45,2024-09-15,2024-09-17,2024-10-12,2024-10-11,Closed,
PO000938,V00425,Finance,Raw Materials,Direct,3081.02,2024-07-04,2024-07-16,2024-08-10,2024-08-14,Closed,C00666
PO000939,V00298,Facilities,Capital Equipment,Direct,108714.62,2025-11-29,2025-12-10,2026-01-11,2026-01-11,Closed,C00468
PO000940,V00168,Finance,Facilities,Indirect,10932.15,2025-07-22,2025-07-23,2025-08-04,2025-08-03,Closed,C00460
PO000941,V00183,Manufacturing,Capital Equipment,Direct,2508.69,2025-02-26,2025-03-03,2025-03-31,2025-03-27,Open,
PO000942,V00468,Sales,Raw Materials,Direct,7641.38,2025-09-10,2025-09-22,2025-11-05,2025-11-04,Closed,C00369
PO000943,V00082,Sales,MRO,Direct,5796.63,2025-06-11,2025-06-12,2025-06-21,2025-06-27,Cancelled,C00452
PO000944,V00114,Marketing,Marketing,Indirect,6342.65,2025-08-31,2025-09-13,2025-10-10,2025-10-19,Closed,
PO000945,V00440,Marketing,Marketing,Indirect,2205.33,2024-10-27,2024-10-28,2024-11-14,2024-11-16,Cancelled,C00415
PO000946,V00165,Sales,Professional Services,Indirect,4860.02,2024-12-27,2025-01-05,2025-02-19,2025-02-20,Closed,C00551
PO000947,V00110,IT,Professional Services,Indirect,9326.52,2025-10-09,2025-10-21,2025-11-18,2025-11-22,Open,C00357
PO000948,V00049,Engineering,Professional Services,Indirect,11280.36,2024-12-03,2024-12-07,2024-12-23,2024-12-23,Closed,
PO000949,V00094,R&D,Logistics,Direct,3940.93,2025-08-09,2025-08-19,2025-09-07,2025-08-30,Closed,
PO000950,V00123,Engineering,Facilities,Indirect,3949.61,2024-08-17,2024-08-18,2024-09-12,2024-09-11,Closed,C00494
PO000951,V00153,Facilities,Professional Services,Indirect,5843.74,2025-11-06,2025-11-14,2025-12-29,2026-01-04,Closed,
PO000952,V00288,Legal,Facilities,Indirect,4274.92,2025-12-14,2025-12-28,2026-01-18,2026-01-17,Open,C00476
PO000953,V00155,Marketing,Raw Materials,Direct,14555.81,2025-01-17,2025-01-31,2025-03-07,2025-03-07,Closed,
PO000954,V00492,Engineering,IT Services,Indirect,5936.11,2025-11-11,2025-11-18,2025-11-26,2025-11-25,Closed,
PO000955,V00455,Facilities,Facilities,Indirect,1004.3,2024-09-07,2024-09-16,2024-10-28,2024-10-29,Closed,C00339
PO000956,V00368,IT,IT Services,Indirect,20994.17,2024-03-20,2024-03-21,2024-04-24,2024-04-26,Closed,C00365
PO000957,V00092,Sales,Logistics,Direct,1778.08,2025-10-06,2025-10-09,2025-11-03,2025-11-07,Open,
PO000958,V00272,Marketing,Professional Services,Indirect,39776.16,2025-02-05,2025-02-10,2025-03-23,2025-03-19,Open,
PO000959,V00381,Operations,Logistics,Direct,3555.25,2023-12-26,2024-01-08,2024-02-01,2024-02-02,Cancelled,C00447
PO000960,V00012,Sales,IT Services,Indirect,17508.47,2024-08-09,2024-08-17,2024-09-10,2024-09-12,Open,C00088
PO000961,V00225,Operations,Professional Services,Indirect,6420.51,2025-03-19,2025-03-31,2025-04-08,2025-04-19,Cancelled,C00565
PO000962,V00403,Operations,Logistics,Direct,5351.71,2025-08-15,2025-08-23,2025-09-21,2025-10-01,Closed,C00566
PO000963,V00144,Marketing,Capital Equipment,Direct,17604.45,2025-11-04,2025-11-07,2025-11-26,2025-12-04,Closed,
PO000964,V00118,Legal,Raw Materials,Direct,15821.19,2025-11-29,2025-12-08,2026-01-13,2026-01-15,Closed,C00215
PO000965,V00403,IT,Logistics,Direct,5247.94,2025-07-21,2025-08-01,2025-08-29,2025-08-27,Closed,C00567
PO000966,V00230,HR,Marketing,Indirect,7091.66,2025-11-10,2025-11-20,2025-12-05,2025-12-02,Closed,C00199
PO000967,V00337,R&D,Raw Materials,Direct,3693.5,2025-08-29,2025-09-02,2025-09-28,2025-10-05,Closed,C00058
PO000968,V00013,Engineering,Raw Materials,Direct,7673.78,2025-05-19,2025-05-31,2025-06-23,2025-06-23,Open,C00597
PO000969,V00240,Finance,Office Supplies,Indirect,3575.41,2025-01-15,2025-01-17,2025-02-24,2025-02-27,Closed,C00488
PO000970,V00147,Engineering,Professional Services,Indirect,47991.09,2025-02-17,2025-03-03,2025-03-18,2025-03-15,Cancelled,
PO000971,V00403,Operations,Logistics,Direct,6652.91,2025-05-26,2025-05-29,2025-07-11,2025-07-07,Closed,C00566
PO000972,V00055,IT,Marketing,Indirect,968.75,2025-10-16,2025-10-25,2025-11-06,2025-11-04,Open,
PO000973,V00017,Legal,Raw Materials,Direct,8827.0,2025-12-20,2025-12-22,2026-01-23,2026-02-02,Open,C00281
PO000974,V00253,Marketing,IT Services,Indirect,8471.91,2025-10-03,2025-10-05,2025-10-18,2025-10-11,Cancelled,
PO000975,V00423,Operations,Raw Materials,Direct,4001.55,2025-11-08,2025-11-13,2025-11-30,2025-11-26,Closed,C00547
PO000976,V00063,IT,Raw Materials,Direct,55591.41,2025-09-07,2025-09-19,2025-10-02,2025-10-02,Closed,
PO000977,V00368,IT,IT Services,Indirect,15041.07,2024-11-15,2024-11-22,2024-11-29,2024-11-22,Open,C00365
PO000978,V00356,Legal,Capital Equipment,Direct,19024.79,2025-07-29,2025-08-02,2025-09-02,2025-09-06,Closed,C00529
PO000979,V00405,HR,Raw Materials,Direct,14404.8,2024-06-14,2024-06-19,2024-07-13,2024-07-06,Closed,
PO000980,V00169,Operations,Capital Equipment,Direct,444558.12,2023-12-25,2024-01-04,2024-01-23,2024-01-26,Open,C00346
PO000981,V00299,Legal,Logistics,Direct,30973.37,2025-09-01,2025-09-05,2025-09-27,2025-09-22,Open,C00502
PO000982,V00341,Facilities,MRO,Direct,2966.33,2024-03-24,2024-04-04,2024-04-24,2024-05-02,Open,C00534
PO000983,V00421,Engineering,Marketing,Indirect,728.46,2025-05-22,2025-06-05,2025-07-05,2025-07-05,Closed,C00520
PO000984,V00422,Facilities,Professional Services,Indirect,25917.9,2025-09-24,2025-09-28,2025-10-29,2025-10-28,Closed,C00626
PO000985,V00185,Facilities,Capital Equipment,Direct,34640.86,2024-12-25,2025-01-01,2025-02-06,2025-02-14,Closed,
PO000986,V00216,Engineering,Marketing,Indirect,18629.28,2025-03-01,2025-03-04,2025-03-29,2025-04-01,Closed,C00650
PO000987,V00075,Engineering,Raw Materials,Direct,16734.81,2024-01-10,2024-01-15,2024-02-05,2024-02-10,Closed,C00379
PO000988,V00370,Finance,Logistics,Direct,45524.04,2025-07-14,2025-07-15,2025-08-06,2025-08-07,Closed,C00329
PO000989,V00006,R&D,Professional Services,Indirect,34271.94,2024-02-15,2024-02-24,2024-03-18,2024-03-18,Open,C00274
PO000990,V00124,Facilities,Professional Services,Indirect,22703.35,2025-06-01,2025-06-03,2025-06-25,2025-06-27,Cancelled,C00481
PO000991,V00173,IT,Professional Services,Indirect,4615.0,2024-08-09,2024-08-20,2024-09-27,2024-10-02,Cancelled,C00155
PO000992,V00031,Engineering,IT Services,Indirect,62253.03,2024-07-28,2024-08-01,2024-08-19,2024-08-22,Closed,C00033
PO000993,V00401,Marketing,Professional Services,Indirect,18148.71,2024-08-14,2024-08-21,2024-10-05,2024-10-12,Closed,
PO000994,V00278,Marketing,Professional Services,Indirect,28930.53,2025-03-27,2025-04-02,2025-05-09,2025-05-11,Open,C00133
PO000995,V00392,Sales,Raw Materials,Direct,20128.69,2023-12-24,2024-01-03,2024-01-18,2024-01-29,Closed,C00124
PO000996,V00169,IT,Capital Equipment,Direct,245355.61,2024-02-06,2024-02-18,2024-03-04,2024-03-03,Closed,C00347
PO000997,V00264,HR,IT Services,Indirect,16073.07,2025-12-12,2025-12-14,2026-01-07,2026-01-13,Closed,
PO000998,V00448,IT,Capital Equipment,Direct,55608.33,2024-08-21,2024-09-03,2024-09-26,2024-09-24,Open,
PO000999,V00465,Facilities,Raw Materials,Direct,1636.05,2025-06-28,2025-07-09,2025-07-16,2025-07-15,Cancelled,C00210
PO001000,V00417,IT,Raw Materials,Direct,14777.71,2024-02-07,2024-02-17,2024-03-12,2024-03-17,Closed,C00469
PO001001,V00001,HR,Logistics,Direct,105570.2,2025-10-10,2025-10-21,2025-11-14,2025-11-13,Closed,C00086
PO001002,V00077,IT,Marketing,Indirect,3952.38,2024-03-04,2024-03-07,2024-04-01,2024-04-03,Closed,C00043
PO001003,V00403,IT,Logistics,Direct,32646.31,2024-09-28,2024-10-12,2024-11-15,2024-11-13,Closed,C00567
PO001004,V00368,Manufacturing,IT Services,Indirect,26058.93,2025-08-20,2025-08-22,2025-09-03,2025-09-09,Open,C00366
PO001005,V00012,Manufacturing,IT Services,Indirect,14033.81,2024-03-15,2024-03-23,2024-04-09,2024-04-13,Open,C00089
PO001006,V00221,Facilities,Raw Materials,Direct,2062.43,2024-06-15,2024-06-20,2024-07-17,2024-07-26,Closed,C00218
PO001007,V00368,Engineering,IT Services,Indirect,20197.1,2024-06-20,2024-07-03,2024-07-18,2024-07-19,Cancelled,C00365
PO001008,V00353,R&D,Professional Services,Indirect,18172.07,2025-07-29,2025-07-30,2025-09-08,2025-09-08,Closed,C00127
PO001009,V00169,Manufacturing,Capital Equipment,Direct,11684.2,2024-07-25,2024-08-03,2024-09-14,2024-09-14,Closed,C00346
PO001010,V00247,Operations,Raw Materials,Direct,13748.99,2025-02-27,2025-03-06,2025-04-13,2025-04-14,Cancelled,C00500
PO001011,V00368,IT,IT Services,Indirect,27587.56,2025-06-02,2025-06-14,2025-07-11,2025-07-15,Closed,C00365
PO001012,V00097,HR,Logistics,Direct,29649.08,2024-10-14,2024-10-25,2024-11-02,2024-10-30,Cancelled,
PO001013,V00082,Operations,MRO,Direct,5007.35,2024-11-17,2024-11-19,2024-12-08,2024-11-23,Closed,C00452
PO001014,V00114,Sales,Marketing,Indirect,1604.74,2025-06-15,2025-06-26,2025-08-10,2025-08-12,Closed,
PO001015,V00322,HR,IT Services,Indirect,8184.94,2024-07-05,2024-07-10,2024-07-27,2024-07-27,Closed,C00157
PO001016,V00495,Legal,Marketing,Indirect,898.72,2025-04-14,2025-04-17,2025-05-05,2025-05-09,Open,C00108
PO001017,V00004,Legal,Professional Services,Indirect,1189.26,2025-07-09,2025-07-17,2025-07-25,2025-07-25,Closed,C00286
PO001018,V00368,Facilities,IT Services,Indirect,28447.95,2025-05-03,2025-05-12,2025-05-28,2025-06-03,Closed,C00366
PO001019,V00450,IT,Raw Materials,Direct,9712.16,2024-06-30,2024-07-11,2024-07-21,2024-07-26,Closed,C00443
PO001020,V00177,Legal,Marketing,Indirect,1823.84,2025-10-20,2025-10-21,2025-11-23,2025-11-23,Closed,C00220
PO001021,V00004,Legal,Professional Services,Indirect,25149.04,2024-09-28,2024-10-01,2024-10-12,2024-10-09,Closed,C00285
PO001022,V00234,Operations,Marketing,Indirect,2506.38,2025-08-24,2025-08-29,2025-09-21,2025-09-15,Cancelled,C00548
PO001023,V00099,R&D,Logistics,Direct,8233.07,2024-07-04,2024-07-13,2024-07-24,2024-08-05,Closed,C00646
PO001024,V00469,Facilities,Professional Services,Indirect,23848.74,2024-08-29,2024-09-10,2024-09-27,2024-10-04,Closed,
PO001025,V00374,Facilities,Logistics,Direct,50160.88,2025-04-08,2025-04-14,2025-05-24,2025-05-23,Closed,C00325
PO001026,V00229,Finance,IT Services,Indirect,30951.65,2024-10-30,2024-11-10,2024-12-11,2024-12-16,Closed,
PO001027,V00148,HR,Facilities,Indirect,3366.97,2024-01-01,2024-01-13,2024-02-12,2024-02-05,Closed,C00473
PO001028,V00374,Finance,Logistics,Direct,31504.71,2024-09-11,2024-09-16,2024-10-19,2024-10-19,Open,C00326
PO001029,V00356,R&D,Capital Equipment,Direct,25156.28,2025-12-13,2025-12-25,2026-01-07,2026-01-06,Closed,C00529
PO001030,V00118,R&D,Raw Materials,Direct,23976.1,2024-04-16,2024-04-24,2024-05-04,2024-05-03,Open,C00215
PO001031,V00005,Finance,Professional Services,Indirect,18216.9,2025-11-04,2025-11-08,2025-11-28,2025-11-28,Closed,
PO001032,V00266,HR,MRO,Direct,901.54,2025-08-22,2025-08-29,2025-09-19,2025-09-22,Open,C00255
PO001033,V00216,Operations,Marketing,Indirect,1319.31,2024-08-11,2024-08-24,2024-09-07,2024-09-09,Closed,
PO001034,V00403,IT,Logistics,Direct,20219.93,2024-06-24,2024-07-05,2024-08-01,2024-08-05,Cancelled,C00567
PO001035,V00143,Marketing,IT Services,Indirect,1193.81,2024-12-07,2024-12-20,2025-01-16,2025-01-21,Cancelled,C00604
PO001036,V00343,R&D,IT Services,Indirect,63106.06,2024-07-29,2024-08-01,2024-08-21,2024-08-21,Open,C00607
PO001037,V00240,Engineering,Office Supplies,Indirect,998.12,2025-06-15,2025-06-18,2025-08-02,2025-08-01,Closed,
PO001038,V00431,Marketing,IT Services,Indirect,28491.15,2024-07-19,2024-07-24,2024-09-07,2024-09-07,Closed,
PO001039,V00196,Marketing,MRO,Direct,29667.79,2024-10-07,2024-10-13,2024-11-11,2024-11-19,Closed,
PO001040,V00429,Finance,IT Services,Indirect,2434.76,2024-09-17,2024-09-19,2024-10-30,2024-10-29,Closed,C00298
PO001041,V00066,R&D,Professional Services,Indirect,40364.88,2024-08-21,2024-08-25,2024-09-11,2024-09-17,Open,C00584
PO001042,V00447,IT,IT Services,Indirect,45949.73,2025-07-04,2025-07-11,2025-07-22,2025-07-20,Closed,C00664
PO001043,V00256,Finance,Facilities,Indirect,5660.81,2025-11-18,2025-12-02,2026-01-01,2026-01-06,Closed,
PO001044,V00181,HR,MRO,Direct,2197.27,2024-06-17,2024-06-26,2024-07-09,2024-07-11,Closed,C00161
PO001045,V00243,Engineering,IT Services,Indirect,14190.66,2024-01-23,2024-01-29,2024-02-29,2024-02-28,Closed,C00589
PO001046,V00381,Engineering,Logistics,Direct,35908.38,2025-12-04,2025-12-07,2025-12-27,2026-01-05,Closed,C00447
PO001047,V00165,Engineering,Professional Services,Indirect,11290.3,2025-03-11,2025-03-19,2025-04-26,2025-04-30,Closed,C00551
PO001048,V00476,Manufacturing,Raw Materials,Direct,16634.07,2024-11-08,2024-11-10,2024-12-02,2024-12-04,Closed,C00055
PO001049,V00011,R&D,Raw Materials,Direct,5539.41,2024-04-24,2024-05-08,2024-06-19,2024-06-14,Open,C00446
PO001050,V00382,Marketing,Raw Materials,Direct,7366.17,2025-06-22,2025-06-24,2025-07-04,2025-07-04,Closed,
PO001051,V00084,Engineering,Professional Services,Indirect,21140.96,2025-05-06,2025-05-19,2025-06-13,2025-06-15,Closed,C00370
PO001052,V00008,Engineering,IT Services,Indirect,31740.67,2025-10-31,2025-11-13,2025-12-26,2025-12-28,Open,C00309
PO001053,V00128,Facilities,Capital Equipment,Direct,58857.54,2024-09-22,2024-09-24,2024-11-03,2024-10-30,Closed,C00570
PO001054,V00290,HR,Raw Materials,Direct,23252.59,2024-07-26,2024-08-05,2024-08-18,2024-08-18,Closed,C00522
PO001055,V00300,Finance,MRO,Direct,3071.9,2024-11-04,2024-11-06,2024-11-24,2024-11-29,Cancelled,C00391
PO001056,V00295,IT,Marketing,Indirect,6128.82,2025-12-06,2025-12-13,2025-12-21,2025-12-22,Cancelled,C00530
PO001057,V00018,Marketing,Raw Materials,Direct,8811.09,2025-06-18,2025-06-29,2025-08-03,2025-08-04,Closed,C00252
PO001058,V00012,R&D,IT Services,Indirect,67081.66,2025-04-11,2025-04-22,2025-05-14,2025-05-14,Cancelled,C00089
PO001059,V00248,Facilities,Raw Materials,Direct,4051.17,2024-11-04,2024-11-10,2024-12-13,2024-12-28,Cancelled,C00213
PO001060,V00045,Manufacturing,IT Services,Indirect,25013.53,2025-01-19,2025-01-26,2025-03-11,2025-03-13,Open,C00582
PO001061,V00425,Manufacturing,Raw Materials,Direct,19852.56,2025-10-07,2025-10-13,2025-11-15,2025-11-15,Closed,C00667
PO001062,V00120,IT,Facilities,Indirect,31431.12,2025-06-08,2025-06-22,2025-07-08,2025-07-13,Open,
PO001063,V00336,HR,Marketing,Indirect,9083.18,2024-09-25,2024-10-09,2024-10-28,2024-11-02,Open,
PO001064,V00124,Manufacturing,Professional Services,Indirect,11985.4,2024-05-06,2024-05-17,2024-05-26,2024-05-30,Cancelled,C00480
PO001065,V00410,Manufacturing,Marketing,Indirect,6542.54,2025-01-18,2025-01-28,2025-03-01,2025-03-05,Cancelled,C00068
PO001066,V00078,Engineering,Professional Services,Indirect,30944.23,2024-06-05,2024-06-07,2024-06-19,2024-06-19,Open,
PO001067,V00495,HR,Marketing,Indirect,1862.81,2024-01-24,2024-01-31,2024-03-11,2024-03-12,Closed,C00108
PO001068,V00416,Operations,Logistics,Direct,2535.06,2024-05-02,2024-05-15,2024-06-02,2024-06-16,Cancelled,C00091
PO001069,V00205,Legal,Raw Materials,Direct,2752.74,2024-08-29,2024-09-02,2024-09-26,2024-09-30,Closed,C00105
PO001070,V00169,Sales,Capital Equipment,Direct,81281.83,2025-10-03,2025-10-15,2025-11-16,2025-11-19,Open,C00347
PO001071,V00267,Manufacturing,Professional Services,Indirect,8426.42,2025-07-22,2025-08-03,2025-09-09,2025-09-11,Cancelled,C00265
PO001072,V00455,Manufacturing,Facilities,Indirect,13120.76,2024-01-24,2024-01-25,2024-02-26,2024-03-08,Cancelled,C00339
PO001073,V00065,Finance,Logistics,Direct,30051.33,2025-03-06,2025-03-08,2025-03-23,2025-03-27,Cancelled,
PO001074,V00363,Manufacturing,Professional Services,Indirect,9966.59,2024-06-07,2024-06-15,2024-06-22,2024-06-27,Closed,C00172
PO001075,V00494,Manufacturing,Office Supplies,Indirect,1686.53,2025-03-09,2025-03-13,2025-04-16,2025-04-21,Closed,C00348
PO001076,V00233,Facilities,Raw Materials,Direct,30460.02,2025-08-10,2025-08-12,2025-08-31,2025-09-01,Closed,C00559
PO001077,V00368,Facilities,IT Services,Indirect,27240.6,2024-10-05,2024-10-06,2024-10-22,2024-10-26,Cancelled,C00366
PO001078,V00419,Engineering,Professional Services,Indirect,1044.63,2025-03-25,2025-04-02,2025-04-22,2025-05-01,Open,C00514
PO001079,V00319,Marketing,Marketing,Indirect,1395.93,2025-03-02,2025-03-15,2025-04-22,2025-04-23,Open,C00296
PO001080,V00414,Manufacturing,IT Services,Indirect,58510.95,2024-09-21,2024-09-29,2024-11-12,2024-11-07,Closed,
PO001081,V00254,Facilities,IT Services,Indirect,8283.92,2024-03-06,2024-03-18,2024-04-25,2024-04-30,Open,C00264
PO001082,V00227,Sales,Logistics,Direct,8281.69,2024-11-16,2024-11-18,2024-12-27,2024-12-22,Closed,C00640
PO001083,V00403,HR,Logistics,Direct,5560.06,2024-06-16,2024-06-24,2024-08-07,2024-08-07,Closed,C00566
PO001084,V00198,Marketing,Logistics,Direct,4128.2,2025-10-09,2025-10-13,2025-11-14,2025-11-16,Closed,C00555
PO001085,V00071,Engineering,Marketing,Indirect,2868.9,2025-07-31,2025-08-03,2025-08-24,2025-08-21,Closed,C00070
PO001086,V00286,Manufacturing,Professional Services,Indirect,17678.37,2025-11-11,2025-11-12,2025-12-10,2025-11-29,Closed,
PO001087,V00361,Operations,Raw Materials,Direct,34207.26,2025-03-01,2025-03-03,2025-04-15,2025-04-08,Closed,C00428
PO001088,V00473,Sales,Raw Materials,Direct,11702.62,2024-08-14,2024-08-18,2024-09-21,2024-10-01,Closed,C00171
PO001089,V00306,R&D,Raw Materials,Direct,14955.59,2024-01-20,2024-02-02,2024-02-11,2024-02-10,Cancelled,C00501
PO001090,V00133,IT,Logistics,Direct,71160.15,2024-09-14,2024-09-23,2024-10-18,2024-10-22,Closed,C00203
PO001091,V00278,Legal,Professional Services,Indirect,7621.18,2024-07-10,2024-07-21,2024-08-02,2024-08-03,Closed,C00132
PO001092,V00491,R&D,Raw Materials,Direct,7182.79,2024-09-30,2024-10-02,2024-10-31,2024-11-04,Cancelled,C00037
PO001093,V00121,R&D,Professional Services,Indirect,10640.75,2025-03-24,2025-03-25,2025-04-29,2025-05-01,Closed,C00562
PO001094,V00402,Legal,Marketing,Indirect,1890.55,2024-12-06,2024-12-16,2025-01-26,2025-02-01,Closed,
PO001095,V00476,Legal,Raw Materials,Direct,5548.06,2025-07-14,2025-07-28,2025-08-12,2025-08-12,Closed,C00055
PO001096,V00405,Sales,Raw Materials,Direct,23204.39,2025-09-04,2025-09-11,2025-09-29,2025-09-29,Open,C00335
PO001097,V00177,HR,Marketing,Indirect,818.72,2025-01-15,2025-01-29,2025-02-28,2025-03-06,Open,
PO001098,V00272,Legal,Professional Services,Indirect,25743.68,2025-01-19,2025-01-22,2025-02-15,2025-02-18,Cancelled,C00242
PO001099,V00368,HR,IT Services,Indirect,6187.1,2025-08-11,2025-08-15,2025-08-30,2025-08-25,Closed,C00366
PO001100,V00184,Finance,Marketing,Indirect,2903.18,2025-12-10,2025-12-22,2026-02-03,2026-01-24,Cancelled,C00497
PO001101,V00336,IT,Marketing,Indirect,812.56,2025-12-20,2025-12-30,2026-01-12,2026-01-21,Closed,
PO001102,V00445,Operations,IT Services,Indirect,6033.93,2025-10-16,2025-10-24,2025-11-11,2025-11-11,Cancelled,
PO001103,V00330,Manufacturing,Professional Services,Indirect,21588.98,2025-12-02,2025-12-08,2026-01-17,2026-01-13,Closed,C00237
PO001104,V00025,Operations,Logistics,Direct,5601.2,2025-08-07,2025-08-13,2025-09-12,2025-09-15,Closed,
PO001105,V00350,R&D,Logistics,Direct,23456.53,2025-11-10,2025-11-11,2025-12-08,2025-12-02,Open,
PO001106,V00196,Finance,MRO,Direct,1672.96,2025-03-11,2025-03-21,2025-04-04,2025-04-04,Cancelled,
PO001107,V00448,Legal,Capital Equipment,Direct,247327.28,2024-12-12,2024-12-20,2025-01-06,2025-01-03,Closed,
PO001108,V00325,HR,Raw Materials,Direct,3398.66,2025-01-23,2025-01-27,2025-02-28,2025-03-01,Closed,C00174
PO001109,V00078,Sales,Professional Services,Indirect,55565.99,2024-02-24,2024-03-07,2024-03-25,2024-03-25,Closed,
PO001110,V00334,Marketing,Capital Equipment,Direct,17368.93,2025-03-31,2025-04-14,2025-05-11,2025-05-09,Closed,C00067
PO001111,V00288,Finance,Facilities,Indirect,4429.46,2025-11-21,2025-11-26,2025-12-08,2025-12-07,Closed,C00476
PO001112,V00267,Sales,Professional Services,Indirect,37569.24,2025-12-14,2025-12-23,2026-01-02,2026-01-04,Closed,C00265
PO001113,V00242,Sales,Marketing,Indirect,894.95,2025-04-08,2025-04-17,2025-05-29,2025-06-02,Cancelled,
PO001114,V00105,Manufacturing,Professional Services,Indirect,8636.37,2024-08-23,2024-08-30,2024-09-09,2024-09-09,Cancelled,C00010
PO001115,V00432,Legal,Capital Equipment,Direct,25718.97,2025-06-07,2025-06-10,2025-07-18,2025-07-11,Open,C00176
PO001116,V00337,Facilities,Raw Materials,Direct,12266.19,2024-10-01,2024-10-14,2024-11-10,2024-11-10,Open,C00058
PO001117,V00336,Finance,Marketing,Indirect,1131.65,2025-12-28,2025-12-30,2026-01-11,2026-01-04,Open,
PO001118,V00337,HR,Raw Materials,Direct,2312.36,2024-01-01,2024-01-02,2024-01-18,2024-01-15,Open,
PO001119,V00145,IT,Professional Services,Indirect,19076.48,2024-01-05,2024-01-08,2024-01-22,2024-01-31,Open,
PO001120,V00169,Operations,Capital Equipment,Direct,18314.71,2025-08-12,2025-08-21,2025-09-08,2025-09-10,Open,C00347
PO001121,V00037,Finance,Professional Services,Indirect,53504.9,2025-06-16,2025-06-19,2025-07-27,2025-08-05,Cancelled,C00409
PO001122,V00299,IT,Logistics,Direct,8531.0,2024-10-07,2024-10-10,2024-10-17,2024-10-16,Closed,C00503
PO001123,V00281,Manufacturing,Marketing,Indirect,25172.9,2025-11-20,2025-12-03,2025-12-21,2025-12-20,Open,C00040
PO001124,V00216,Operations,Marketing,Indirect,5039.83,2024-12-24,2025-01-07,2025-01-14,2025-01-28,Closed,C00649
PO001125,V00403,Engineering,Logistics,Direct,12329.07,2025-04-06,2025-04-09,2025-04-29,2025-04-25,Open,C00567
PO001126,V00361,Engineering,Raw Materials,Direct,8111.19,2024-06-12,2024-06-23,2024-07-29,2024-08-09,Closed,C00428
PO001127,V00368,HR,IT Services,Indirect,2871.92,2024-05-13,2024-05-21,2024-06-05,2024-06-11,Closed,C00366
PO001128,V00298,Engineering,Capital Equipment,Direct,33034.21,2025-10-15,2025-10-22,2025-12-03,2025-11-27,Closed,C00468
PO001129,V00368,Engineering,IT Services,Indirect,5126.93,2025-02-14,2025-02-16,2025-03-24,2025-03-22,Open,C00365
PO001130,V00251,IT,IT Services,Indirect,8424.39,2024-12-24,2024-12-30,2025-01-17,2025-01-17,Closed,C00385
PO001131,V00248,Legal,Raw Materials,Direct,9045.91,2025-06-04,2025-06-06,2025-07-10,2025-07-18,Open,
PO001132,V00098,Legal,Logistics,Direct,19289.39,2025-08-01,2025-08-05,2025-08-22,2025-08-17,Closed,
PO001133,V00422,IT,Professional Services,Indirect,21789.55,2024-08-06,2024-08-11,2024-09-13,2024-09-22,Closed,C00626
PO001134,V00434,Sales,MRO,Direct,7229.46,2024-04-21,2024-04-26,2024-05-18,2024-05-24,Cancelled,C00188
PO001135,V00375,Finance,Raw Materials,Direct,4733.55,2024-12-13,2024-12-16,2025-01-20,2025-01-20,Closed,C00006
PO001136,V00281,Legal,Marketing,Indirect,8698.06,2025-03-02,2025-03-03,2025-03-31,2025-03-28,Closed,C00040
PO001137,V00448,Sales,Capital Equipment,Direct,12720.13,2024-04-20,2024-04-23,2024-06-06,2024-06-14,Cancelled,C00475
PO001138,V00123,R&D,Facilities,Indirect,5953.01,2025-11-23,2025-11-25,2025-12-10,2025-12-10,Open,
PO001139,V00363,Engineering,Professional Services,Indirect,2107.23,2025-10-30,2025-11-09,2025-12-15,2025-12-20,Closed,C00172
PO001140,V00248,Legal,Raw Materials,Direct,8289.16,2024-10-13,2024-10-24,2024-12-02,2024-12-08,Closed,C00213
PO001141,V00007,R&D,Professional Services,Indirect,12853.61,2025-11-21,2025-11-25,2025-12-03,2025-12-09,Closed,C00427
PO001142,V00239,Marketing,Professional Services,Indirect,15659.29,2024-11-17,2024-11-19,2024-12-25,2025-01-02,Closed,C00122
PO001143,V00095,Manufacturing,Marketing,Indirect,14489.25,2024-08-29,2024-08-30,2024-09-15,2024-09-19,Closed,C00262
PO001144,V00008,Legal,IT Services,Indirect,16002.53,2025-03-08,2025-03-09,2025-03-28,2025-03-28,Cancelled,C00308
PO001145,V00345,Sales,Raw Materials,Direct,11168.34,2024-07-18,2024-07-20,2024-08-05,2024-08-08,Closed,
PO001146,V00271,Manufacturing,Logistics,Direct,2377.74,2025-11-18,2025-11-30,2026-01-05,2026-01-13,Closed,
PO001147,V00079,Manufacturing,MRO,Direct,2368.37,2024-10-01,2024-10-03,2024-10-17,2024-10-21,Closed,
PO001148,V00313,Manufacturing,IT Services,Indirect,8987.84,2023-12-24,2024-01-05,2024-02-02,2024-01-30,Closed,
PO001149,V00407,Sales,Facilities,Indirect,2095.77,2025-09-20,2025-09-24,2025-10-03,2025-09-29,Closed,
PO001150,V00219,Marketing,IT Services,Indirect,66669.21,2025-09-04,2025-09-15,2025-10-11,2025-10-06,Open,
PO001151,V00368,Finance,IT Services,Indirect,28308.04,2025-08-07,2025-08-13,2025-08-20,2025-08-29,Closed,C00365
PO001152,V00210,Manufacturing,Professional Services,Indirect,55593.52,2025-02-15,2025-02-27,2025-03-29,2025-03-27,Cancelled,C00071
PO001153,V00084,Marketing,Professional Services,Indirect,62866.68,2025-10-08,2025-10-21,2025-11-10,2025-11-12,Open,C00371
PO001154,V00325,HR,Raw Materials,Direct,3409.22,2024-06-18,2024-07-01,2024-07-14,2024-07-20,Closed,
PO001155,V00064,Manufacturing,Raw Materials,Direct,7622.23,2025-05-04,2025-05-11,2025-06-06,2025-06-05,Open,C00075
PO001156,V00368,Engineering,IT Services,Indirect,9660.12,2024-03-04,2024-03-05,2024-04-08,2024-04-17,Closed,C00366
PO001157,V00370,Sales,Logistics,Direct,18236.16,2025-08-21,2025-09-02,2025-09-14,2025-09-19,Closed,C00330
PO001158,V00169,Engineering,Capital Equipment,Direct,25143.92,2024-08-25,2024-08-31,2024-09-27,2024-09-26,Closed,C00346
PO001159,V00169,Facilities,Capital Equipment,Direct,557746.03,2024-11-01,2024-11-02,2024-11-16,2024-11-21,Closed,C00346
PO001160,V00395,Marketing,Professional Services,Indirect,17008.8,2024-10-08,2024-10-15,2024-11-10,2024-11-10,Closed,C00011
PO001161,V00395,Legal,Professional Services,Indirect,22952.26,2024-06-10,2024-06-14,2024-07-07,2024-07-10,Closed,C00011
PO001162,V00368,Finance,IT Services,Indirect,21426.92,2025-01-03,2025-01-04,2025-01-24,2025-02-01,Closed,C00365
PO001163,V00455,Marketing,Facilities,Indirect,8183.59,2025-06-17,2025-06-25,2025-07-12,2025-07-08,Closed,C00339
PO001164,V00399,Engineering,IT Services,Indirect,22100.66,2024-05-22,2024-06-05,2024-06-18,2024-06-16,Cancelled,C00605
PO001165,V00140,Sales,MRO,Direct,2777.76,2025-05-31,2025-06-04,2025-06-14,2025-06-08,Closed,
PO001166,V00156,Operations,Professional Services,Indirect,5221.18,2024-04-09,2024-04-17,2024-05-13,2024-05-14,Closed,C00009
PO001167,V00228,Operations,Professional Services,Indirect,34402.92,2025-07-28,2025-08-06,2025-09-15,2025-09-18,Open,C00229
PO001168,V00378,Marketing,Raw Materials,Direct,7734.65,2025-03-12,2025-03-18,2025-04-06,2025-04-01,Cancelled,C00012
PO001169,V00295,IT,Marketing,Indirect,5389.68,2025-11-01,2025-11-15,2025-12-19,2025-12-26,Cancelled,C00530
PO001170,V00325,Manufacturing,Raw Materials,Direct,22086.12,2024-08-24,2024-08-27,2024-10-03,2024-09-30,Closed,
PO001171,V00176,Finance,IT Services,Indirect,31297.59,2025-05-06,2025-05-19,2025-05-30,2025-05-26,Open,C00324
PO001172,V00297,Legal,IT Services,Indirect,10805.02,2024-01-14,2024-01-24,2024-02-15,2024-02-11,Closed,C00462
PO001173,V00138,Operations,Facilities,Indirect,8284.75,2024-10-13,2024-10-23,2024-10-30,2024-10-31,Closed,C00205
PO001174,V00403,Operations,Logistics,Direct,7084.45,2025-08-22,2025-09-02,2025-10-17,2025-10-29,Open,C00567
PO001175,V00455,Marketing,Facilities,Indirect,6305.7,2025-07-04,2025-07-08,2025-08-13,2025-08-13,Closed,C00339
PO001176,V00097,Marketing,Logistics,Direct,4854.62,2025-06-10,2025-06-13,2025-07-03,2025-07-03,Closed,C00483
PO001177,V00289,Sales,Facilities,Indirect,3198.8,2025-03-30,2025-04-06,2025-04-24,2025-04-26,Closed,C00671
PO001178,V00443,R&D,Logistics,Direct,39898.78,2024-12-07,2024-12-20,2024-12-27,2024-12-24,Closed,C00490
PO001179,V00095,Finance,Marketing,Indirect,888.06,2025-12-19,2025-12-22,2025-12-30,2025-12-30,Closed,
PO001180,V00045,Sales,IT Services,Indirect,9991.46,2025-01-22,2025-02-02,2025-02-10,2025-02-16,Closed,C00582
PO001181,V00098,Finance,Logistics,Direct,5407.75,2024-12-18,2024-12-31,2025-01-12,2025-01-10,Closed,
PO001182,V00146,Legal,Logistics,Direct,5819.45,2024-10-13,2024-10-15,2024-10-27,2024-10-19,Cancelled,C00360
PO001183,V00109,R&D,Travel,Indirect,905.51,2024-04-21,2024-04-22,2024-05-03,2024-05-02,Cancelled,C00313
PO001184,V00455,Finance,Facilities,Indirect,967.97,2025-10-06,2025-10-15,2025-11-23,2025-11-23,Open,C00339
PO001185,V00165,Sales,Professional Services,Indirect,23138.42,2025-12-17,2025-12-18,2025-12-26,2026-01-07,Closed,C00551
PO001186,V00471,Sales,IT Services,Indirect,4725.67,2024-02-26,2024-03-07,2024-03-19,2024-03-27,Closed,C00241
PO001187,V00124,Facilities,Professional Services,Indirect,3572.44,2024-07-02,2024-07-16,2024-08-29,2024-08-29,Closed,C00481
PO001188,V00126,Facilities,IT Services,Indirect,37260.35,2025-10-02,2025-10-13,2025-10-23,2025-10-22,Closed,C00511
PO001189,V00378,IT,Raw Materials,Direct,23516.03,2025-11-24,2025-11-26,2025-12-25,2025-12-27,Closed,C00014
PO001190,V00087,R&D,Raw Materials,Direct,6949.5,2025-04-23,2025-04-29,2025-05-30,2025-05-19,Closed,C00179
PO001191,V00079,Sales,MRO,Direct,2872.91,2024-09-18,2024-09-21,2024-10-16,2024-10-19,Closed,C00107
PO001192,V00169,Marketing,Capital Equipment,Direct,37399.97,2024-05-29,2024-06-08,2024-07-12,2024-07-08,Closed,C00347
PO001193,V00361,Finance,Raw Materials,Direct,4230.53,2025-03-04,2025-03-11,2025-03-27,2025-03-30,Closed,C00428
PO001194,V00026,Legal,Facilities,Indirect,3585.57,2024-06-17,2024-06-18,2024-07-27,2024-07-29,Cancelled,C00209
PO001195,V00158,IT,Travel,Indirect,4907.49,2025-10-01,2025-10-08,2025-10-23,2025-10-19,Cancelled,C00316
PO001196,V00019,Manufacturing,Professional Services,Indirect,4456.17,2024-06-12,2024-06-19,2024-06-27,2024-06-30,Closed,C00104
PO001197,V00486,Finance,IT Services,Indirect,31331.07,2024-02-13,2024-02-25,2024-03-18,2024-03-19,Closed,
PO001198,V00039,Legal,MRO,Direct,6781.88,2025-11-05,2025-11-07,2025-11-28,2025-11-26,Closed,C00455
PO001199,V00427,Engineering,MRO,Direct,1161.31,2023-12-31,2024-01-09,2024-02-17,2024-02-17,Closed,C00271
PO001200,V00415,Engineering,Professional Services,Indirect,13824.78,2025-12-17,2025-12-25,2026-01-10,2026-01-11,Closed,C00162
PO001201,V00498,Marketing,Logistics,Direct,6245.69,2025-03-05,2025-03-10,2025-03-18,2025-03-21,Open,
PO001202,V00006,Operations,Professional Services,Indirect,47976.5,2024-12-17,2024-12-30,2025-02-08,2025-02-11,Closed,C00274
PO001203,V00068,R&D,Professional Services,Indirect,14197.11,2025-01-06,2025-01-18,2025-01-25,2025-01-23,Cancelled,
PO001204,V00218,R&D,Raw Materials,Direct,9531.89,2025-06-05,2025-06-14,2025-06-27,2025-06-29,Open,
PO001205,V00366,Legal,Marketing,Indirect,11117.01,2025-05-30,2025-06-09,2025-07-20,2025-07-17,Closed,C00343
PO001206,V00318,Legal,Facilities,Indirect,2197.08,2024-06-20,2024-06-30,2024-07-26,2024-07-27,Open,C00137
PO001207,V00169,HR,Capital Equipment,Direct,42871.31,2025-08-25,2025-09-04,2025-09-19,2025-09-10,Open,C00346
PO001208,V00453,Engineering,Logistics,Direct,8471.26,2024-04-18,2024-04-30,2024-05-09,2024-05-10,Closed,C00581
PO001209,V00368,Operations,IT Services,Indirect,11076.84,2025-09-21,2025-09-25,2025-10-28,2025-10-28,Closed,C00366
PO001210,V00226,Facilities,Professional Services,Indirect,15561.32,2025-04-02,2025-04-12,2025-04-22,2025-04-28,Closed,
PO001211,V00159,Engineering,IT Services,Indirect,6249.97,2025-03-12,2025-03-17,2025-04-04,2025-04-14,Closed,C00433
PO001212,V00111,Marketing,Facilities,Indirect,4911.64,2025-12-21,2025-12-28,2026-02-04,2026-02-08,Closed,C00293
PO001213,V00287,Marketing,Professional Services,Indirect,4365.0,2025-11-04,2025-11-10,2025-12-14,2025-12-14,Cancelled,
PO001214,V00220,Sales,Raw Materials,Direct,29827.48,2024-08-13,2024-08-26,2024-09-22,2024-09-28,Cancelled,C00516
PO001215,V00368,R&D,IT Services,Indirect,12928.44,2025-10-30,2025-11-12,2025-12-14,2025-12-13,Cancelled,C00366
PO001216,V00323,Facilities,Marketing,Indirect,5271.72,2025-09-25,2025-10-02,2025-10-30,2025-11-07,Closed,C00190
PO001217,V00173,Engineering,Professional Services,Indirect,22401.13,2024-06-25,2024-06-28,2024-07-12,2024-07-20,Closed,
PO001218,V00141,Sales,Professional Services,Indirect,61305.4,2024-10-09,2024-10-16,2024-10-31,2024-11-10,Open,C00244
PO001219,V00209,Marketing,Logistics,Direct,3436.1,2025-04-02,2025-04-04,2025-05-04,2025-05-12,Cancelled,
PO001220,V00144,Finance,Capital Equipment,Direct,69921.65,2025-01-23,2025-01-25,2025-03-03,2025-03-02,Closed,C00485
PO001221,V00433,Sales,Office Supplies,Indirect,6860.28,2024-02-25,2024-02-28,2024-04-11,2024-04-11,Closed,C00539
PO001222,V00138,Sales,Facilities,Indirect,2207.78,2024-12-06,2024-12-09,2025-01-11,2025-01-15,Open,C00205
PO001223,V00169,Facilities,Capital Equipment,Direct,171954.01,2024-11-23,2024-12-02,2024-12-25,2024-12-30,Closed,C00346
PO001224,V00341,Sales,MRO,Direct,1862.27,2025-10-10,2025-10-24,2025-12-04,2025-12-02,Closed,C00534
PO001225,V00417,Facilities,Raw Materials,Direct,24712.41,2024-12-03,2024-12-06,2024-12-20,2024-12-19,Open,C00469
PO001226,V00246,IT,Logistics,Direct,10005.69,2025-10-26,2025-10-31,2025-11-10,2025-11-05,Closed,
PO001227,V00256,Finance,Facilities,Indirect,3559.55,2025-08-28,2025-09-11,2025-09-30,2025-10-01,Cancelled,C00392
PO001228,V00368,Manufacturing,IT Services,Indirect,12823.5,2024-06-14,2024-06-25,2024-07-07,2024-07-04,Closed,C00366
PO001229,V00169,Marketing,Capital Equipment,Direct,26922.87,2025-09-16,2025-09-24,2025-10-11,2025-10-11,Closed,C00346
PO001230,V00027,R&D,Capital Equipment,Direct,62733.42,2024-12-01,2024-12-12,2025-01-22,2025-01-15,Closed,C00306
PO001231,V00184,Legal,Marketing,Indirect,899.91,2024-10-28,2024-11-09,2024-11-28,2024-11-27,Closed,C00496
PO001232,V00403,IT,Logistics,Direct,18191.55,2024-04-23,2024-04-29,2024-05-20,2024-06-01,Cancelled,C00566
PO001233,V00397,Facilities,IT Services,Indirect,50504.32,2024-06-07,2024-06-16,2024-06-27,2024-06-30,Cancelled,C00533
PO001234,V00354,Manufacturing,Professional Services,Indirect,1156.9,2025-09-07,2025-09-12,2025-10-05,2025-10-09,Closed,
PO001235,V00490,IT,Marketing,Indirect,5634.16,2024-10-08,2024-10-16,2024-11-27,2024-12-03,Closed,C00319
PO001236,V00085,Facilities,Logistics,Direct,16401.12,2024-04-17,2024-04-20,2024-05-31,2024-05-28,Closed,C00025
PO001237,V00473,Facilities,Raw Materials,Direct,10238.1,2025-06-10,2025-06-20,2025-07-30,2025-08-03,Closed,C00171
PO001238,V00031,Legal,IT Services,Indirect,12451.7,2024-05-07,2024-05-19,2024-06-03,2024-06-03,Cancelled,
PO001239,V00368,Sales,IT Services,Indirect,5626.6,2025-11-16,2025-11-28,2025-12-21,2025-12-18,Closed,C00366
PO001240,V00197,IT,IT Services,Indirect,5107.23,2024-02-27,2024-03-08,2024-03-21,2024-03-29,Closed,C00410
PO001241,V00451,Facilities,IT Services,Indirect,30648.41,2025-11-26,2025-11-29,2026-01-08,2026-01-08,Cancelled,C00018
PO001242,V00040,Legal,Facilities,Indirect,12041.13,2025-03-01,2025-03-02,2025-03-20,2025-03-29,Closed,C00116
PO001243,V00185,Engineering,Capital Equipment,Direct,273769.26,2025-07-11,2025-07-13,2025-07-22,2025-07-27,Cancelled,
PO001244,V00375,Facilities,Raw Materials,Direct,5925.52,2024-12-10,2024-12-22,2025-01-22,2025-01-15,Closed,C00006
PO001245,V00038,Finance,Raw Materials,Direct,10803.78,2025-01-24,2025-02-02,2025-02-27,2025-02-23,Cancelled,C00314
PO001246,V00358,Facilities,Logistics,Direct,13935.68,2024-09-26,2024-10-09,2024-11-20,2024-11-21,Closed,C00284
PO001247,V00447,Finance,IT Services,Indirect,9304.17,2025-09-03,2025-09-04,2025-09-23,2025-09-23,Open,C00663
PO001248,V00449,Sales,Office Supplies,Indirect,1811.86,2025-03-06,2025-03-12,2025-04-25,2025-04-27,Closed,C00636
PO001249,V00379,HR,Marketing,Indirect,8015.55,2024-06-18,2024-06-29,2024-07-30,2024-07-21,Closed,
PO001250,V00368,Engineering,IT Services,Indirect,15367.49,2025-11-11,2025-11-23,2025-12-14,2025-12-16,Cancelled,C00365
PO001251,V00368,Sales,IT Services,Indirect,42456.12,2024-12-06,2024-12-19,2025-01-25,2025-01-29,Closed,C00366
PO001252,V00101,HR,Logistics,Direct,24629.41,2025-08-03,2025-08-10,2025-09-20,2025-09-19,Open,C00638
PO001253,V00203,Marketing,Raw Materials,Direct,5346.69,2024-10-13,2024-10-17,2024-11-27,2024-11-27,Closed,
PO001254,V00396,Facilities,Raw Materials,Direct,6510.29,2025-12-09,2025-12-22,2026-01-02,2025-12-29,Closed,C00509
PO001255,V00395,Legal,Professional Services,Indirect,80641.96,2025-11-12,2025-11-19,2025-11-27,2025-11-27,Open,C00011
PO001256,V00066,Engineering,Professional Services,Indirect,8623.64,2025-11-17,2025-11-25,2026-01-04,2025-12-30,Closed,C00584
PO001257,V00440,Manufacturing,Marketing,Indirect,1066.87,2025-01-15,2025-01-28,2025-03-12,2025-03-16,Closed,C00415
PO001258,V00368,Operations,IT Services,Indirect,9949.61,2025-11-26,2025-12-04,2026-01-09,2026-01-13,Closed,C00366
PO001259,V00368,Manufacturing,IT Services,Indirect,3112.53,2025-01-13,2025-01-18,2025-01-30,2025-01-26,Closed,C00365
PO001260,V00017,Manufacturing,Raw Materials,Direct,16777.29,2025-03-25,2025-03-31,2025-05-09,2025-05-08,Closed,C00281
PO001261,V00491,Finance,Raw Materials,Direct,16777.4,2025-11-20,2025-12-04,2026-01-15,2026-01-19,Closed,
PO001262,V00284,Sales,Professional Services,Indirect,26426.43,2025-06-16,2025-06-17,2025-07-30,2025-07-31,Closed,C00586
PO001263,V00323,HR,Marketing,Indirect,1482.15,2025-08-30,2025-08-31,2025-09-11,2025-09-12,Closed,C00192
PO001264,V00070,HR,IT Services,Indirect,2215.47,2025-03-22,2025-04-05,2025-05-12,2025-05-05,Cancelled,C00143
PO001265,V00248,R&D,Raw Materials,Direct,10270.55,2024-11-08,2024-11-09,2024-11-21,2024-11-30,Closed,C00213
PO001266,V00187,R&D,Logistics,Direct,2059.37,2024-10-06,2024-10-08,2024-10-23,2024-10-24,Cancelled,
PO001267,V00197,R&D,IT Services,Indirect,20459.02,2025-06-23,2025-07-02,2025-07-12,2025-07-02,Closed,C00411
PO001268,V00496,Engineering,Raw Materials,Direct,5356.8,2024-10-29,2024-11-04,2024-11-22,2024-11-27,Closed,C00031
PO001269,V00300,Engineering,MRO,Direct,1836.31,2025-11-18,2025-11-26,2025-12-06,2025-12-04,Open,
PO001270,V00492,Engineering,IT Services,Indirect,22389.44,2025-05-31,2025-06-11,2025-06-18,2025-06-20,Closed,
PO001271,V00063,Facilities,Raw Materials,Direct,39775.77,2025-10-06,2025-10-18,2025-11-14,2025-11-29,Open,
PO001272,V00054,Facilities,Professional Services,Indirect,5499.0,2024-07-10,2024-07-19,2024-08-31,2024-09-04,Closed,
PO001273,V00169,HR,Capital Equipment,Direct,7860.72,2025-12-23,2025-12-25,2026-01-27,2026-01-31,Cancelled,
PO001274,V00102,Legal,IT Services,Indirect,81162.64,2025-07-13,2025-07-26,2025-09-05,2025-09-07,Closed,C00052
PO001275,V00293,Operations,Capital Equipment,Direct,16511.01,2025-03-16,2025-03-25,2025-04-26,2025-05-01,Closed,
PO001276,V00368,Sales,IT Services,Indirect,11134.84,2024-11-07,2024-11-12,2024-12-22,2024-12-22,Open,C00366
PO001277,V00323,HR,Marketing,Indirect,1024.14,2025-08-04,2025-08-13,2025-09-16,2025-09-23,Closed,C00191
PO001278,V00423,IT,Raw Materials,Direct,5619.3,2025-09-30,2025-10-09,2025-11-17,2025-11-22,Closed,C00547
PO001279,V00311,Manufacturing,Professional Services,Indirect,21428.35,2025-12-19,2025-12-26,2026-01-10,2026-01-17,Closed,C00390
PO001280,V00384,Engineering,Professional Services,Indirect,40693.47,2025-03-26,2025-04-02,2025-05-02,2025-05-08,Closed,
PO001281,V00034,Operations,Professional Services,Indirect,16560.65,2025-02-24,2025-03-06,2025-03-15,2025-03-16,Closed,C00083
PO001282,V00267,HR,Professional Services,Indirect,24004.25,2025-10-23,2025-10-24,2025-12-08,2025-12-12,Closed,
PO001283,V00164,Operations,Professional Services,Indirect,4071.32,2025-07-11,2025-07-13,2025-08-27,2025-08-31,Cancelled,
PO001284,V00279,HR,IT Services,Indirect,46654.71,2025-06-19,2025-06-22,2025-06-30,2025-06-30,Closed,C00166
PO001285,V00498,IT,Logistics,Direct,11904.9,2025-12-21,2025-12-22,2026-01-03,2026-01-14,Open,C00048
PO001286,V00251,HR,IT Services,Indirect,14962.28,2025-11-17,2025-12-01,2026-01-03,2026-01-07,Open,C00385
PO001287,V00010,Engineering,Logistics,Direct,6032.27,2025-04-21,2025-04-24,2025-05-23,2025-06-01,Cancelled,
PO001288,V00097,Facilities,Logistics,Direct,43426.43,2024-05-14,2024-05-15,2024-06-22,2024-07-07,Closed,C00484
PO001289,V00052,IT,Raw Materials,Direct,21927.84,2025-08-24,2025-08-30,2025-10-13,2025-10-08,Open,
PO001290,V00209,IT,Logistics,Direct,11651.28,2025-11-29,2025-12-10,2025-12-30,2025-12-20,Cancelled,
PO001291,V00437,Engineering,MRO,Direct,947.85,2024-02-03,2024-02-09,2024-02-24,2024-02-27,Cancelled,
PO001292,V00224,Marketing,Capital Equipment,Direct,35346.58,2024-12-08,2024-12-10,2024-12-21,2024-12-23,Closed,
PO001293,V00073,Operations,Logistics,Direct,10888.02,2025-09-20,2025-09-29,2025-10-28,2025-11-02,Closed,C00095
PO001294,V00434,HR,MRO,Direct,5483.62,2025-01-12,2025-01-13,2025-01-23,2025-01-26,Closed,C00188
PO001295,V00182,Legal,Raw Materials,Direct,2338.62,2025-08-17,2025-08-31,2025-10-12,2025-10-12,Closed,
PO001296,V00328,Sales,Raw Materials,Direct,25894.25,2025-09-29,2025-10-08,2025-11-01,2025-11-07,Open,C00660
PO001297,V00486,IT,IT Services,Indirect,5230.18,2025-08-17,2025-08-31,2025-09-21,2025-09-30,Closed,C00080
PO001298,V00007,Sales,Professional Services,Indirect,27283.59,2024-03-07,2024-03-11,2024-03-28,2024-04-11,Closed,C00425
PO001299,V00475,Operations,Marketing,Indirect,2267.9,2024-05-02,2024-05-05,2024-05-30,2024-06-07,Closed,C00464
PO001300,V00332,Manufacturing,Raw Materials,Direct,30095.58,2024-09-15,2024-09-19,2024-10-10,2024-10-20,Closed,C00201
PO001301,V00060,Operations,Capital Equipment,Direct,17974.67,2024-08-14,2024-08-21,2024-08-30,2024-09-06,Closed,
PO001302,V00471,R&D,IT Services,Indirect,7198.71,2025-01-27,2025-01-29,2025-03-01,2025-02-28,Closed,C00240
PO001303,V00368,Manufacturing,IT Services,Indirect,12318.93,2024-05-24,2024-05-30,2024-07-12,2024-07-12,Closed,C00366
PO001304,V00062,Sales,Office Supplies,Indirect,680.43,2024-03-01,2024-03-06,2024-03-23,2024-03-31,Closed,C00652
PO001305,V00222,IT,Professional Services,Indirect,22059.7,2024-02-27,2024-03-01,2024-04-06,2024-04-05,Closed,C00610
PO001306,V00465,Operations,Raw Materials,Direct,16646.53,2024-11-22,2024-11-23,2024-12-28,2024-12-28,Closed,C00210
PO001307,V00495,Manufacturing,Marketing,Indirect,1850.75,2023-12-26,2024-01-07,2024-01-24,2024-01-19,Closed,C00108
PO001308,V00323,Facilities,Marketing,Indirect,2629.8,2025-12-17,2025-12-26,2026-02-07,2026-02-06,Cancelled,C00190
PO001309,V00196,Facilities,MRO,Direct,2482.37,2025-01-26,2025-02-04,2025-03-10,2025-03-10,Closed,
PO001310,V00395,R&D,Professional Services,Indirect,25581.74,2024-11-07,2024-11-19,2024-12-26,2024-12-29,Closed,C00011
PO001311,V00403,Marketing,Logistics,Direct,9145.11,2025-12-03,2025-12-11,2026-01-21,2026-01-24,Open,C00566
PO001312,V00086,IT,Logistics,Direct,39099.44,2024-08-27,2024-09-05,2024-10-19,2024-10-21,Closed,
PO001313,V00297,R&D,IT Services,Indirect,46321.9,2024-04-21,2024-05-02,2024-05-15,2024-05-23,Cancelled,
PO001314,V00368,Sales,IT Services,Indirect,24480.6,2024-09-07,2024-09-18,2024-10-09,2024-10-09,Closed,C00365
PO001315,V00040,Engineering,Facilities,Indirect,1807.14,2025-06-28,2025-07-09,2025-07-29,2025-07-29,Open,
PO001316,V00479,R&D,Facilities,Indirect,6833.09,2025-12-25,2025-12-31,2026-02-12,2026-02-08,Closed,
PO001317,V00070,Engineering,IT Services,Indirect,109126.0,2024-02-20,2024-02-21,2024-03-16,2024-03-19,Cancelled,C00143
PO001318,V00403,IT,Logistics,Direct,10507.92,2025-05-18,2025-05-30,2025-06-12,2025-06-13,Closed,C00566
PO001319,V00108,Engineering,MRO,Direct,1233.33,2024-07-13,2024-07-14,2024-08-16,2024-08-16,Closed,C00575
PO001320,V00368,Facilities,IT Services,Indirect,5410.23,2024-09-22,2024-09-30,2024-11-05,2024-11-08,Closed,C00366
PO001321,V00169,Operations,Capital Equipment,Direct,26692.89,2024-10-11,2024-10-21,2024-11-02,2024-11-03,Closed,C00346
PO001322,V00169,Facilities,Capital Equipment,Direct,611536.72,2025-10-23,2025-11-02,2025-12-12,2025-12-12,Closed,C00347
PO001323,V00148,Engineering,Facilities,Indirect,4982.86,2024-10-25,2024-10-27,2024-11-27,2024-12-02,Closed,C00473
PO001324,V00368,Operations,IT Services,Indirect,10884.69,2025-07-11,2025-07-17,2025-08-18,2025-08-18,Closed,C00365
PO001325,V00066,Marketing,Professional Services,Indirect,2279.78,2024-07-18,2024-07-25,2024-08-15,2024-08-16,Open,C00584
PO001326,V00289,Operations,Facilities,Indirect,9749.51,2024-04-22,2024-05-02,2024-05-27,2024-05-31,Open,C00671
PO001327,V00071,Finance,Marketing,Indirect,2842.99,2025-05-28,2025-06-07,2025-06-26,2025-06-16,Open,C00070
PO001328,V00312,HR,Raw Materials,Direct,47432.91,2024-06-11,2024-06-15,2024-06-30,2024-06-27,Cancelled,
PO001329,V00415,Marketing,Professional Services,Indirect,4494.97,2025-05-01,2025-05-05,2025-06-07,2025-06-11,Closed,C00162
PO001330,V00120,HR,Facilities,Indirect,3750.9,2024-05-20,2024-05-22,2024-06-30,2024-07-01,Cancelled,C00387
PO001331,V00358,Engineering,Logistics,Direct,13103.41,2024-12-08,2024-12-20,2025-01-22,2025-01-22,Closed,C00283
PO001332,V00393,Finance,Professional Services,Indirect,35466.25,2024-09-14,2024-09-19,2024-10-10,2024-10-12,Closed,C00472
PO001333,V00200,IT,Professional Services,Indirect,214399.72,2024-12-07,2024-12-10,2025-01-09,2025-01-14,Open,C00376
PO001334,V00019,IT,Professional Services,Indirect,14985.37,2025-03-26,2025-03-27,2025-04-18,2025-04-22,Closed,
PO001335,V00181,HR,MRO,Direct,3585.94,2025-06-06,2025-06-12,2025-07-18,2025-07-14,Open,C00161
PO001336,V00348,Legal,Professional Services,Indirect,6985.58,2025-11-01,2025-11-13,2025-12-11,2025-12-19,Cancelled,C00178
PO001337,V00278,IT,Professional Services,Indirect,14551.51,2024-12-02,2024-12-09,2025-01-23,2025-01-26,Open,C00133
PO001338,V00272,Operations,Professional Services,Indirect,15227.28,2024-02-01,2024-02-06,2024-03-07,2024-03-11,Closed,C00242
PO001339,V00227,Engineering,Logistics,Direct,5274.87,2024-11-26,2024-12-10,2025-01-07,2025-01-10,Closed,C00640
PO001340,V00287,Manufacturing,Professional Services,Indirect,18371.4,2024-07-30,2024-08-13,2024-09-17,2024-09-17,Closed,C00417
PO001341,V00432,IT,Capital Equipment,Direct,55486.05,2024-04-02,2024-04-08,2024-05-22,2024-05-24,Cancelled,
PO001342,V00105,Marketing,Professional Services,Indirect,6859.51,2024-01-17,2024-01-22,2024-03-03,2024-03-05,Closed,
PO001343,V00408,Manufacturing,Professional Services,Indirect,13118.21,2024-05-07,2024-05-11,2024-05-21,2024-05-21,Closed,C00492
PO001344,V00084,Facilities,Professional Services,Indirect,3365.02,2025-12-21,2025-12-22,2026-02-01,2026-02-05,Closed,C00371
PO001345,V00437,Sales,MRO,Direct,635.57,2024-12-03,2024-12-05,2025-01-04,2025-01-12,Open,C00424
PO001346,V00214,R&D,Raw Materials,Direct,23304.19,2025-05-17,2025-05-22,2025-06-09,2025-06-10,Closed,
PO001347,V00193,Sales,Capital Equipment,Direct,6771.71,2024-08-25,2024-09-02,2024-09-21,2024-09-22,Closed,C00247
PO001348,V00172,Facilities,IT Services,Indirect,5533.38,2024-06-07,2024-06-11,2024-07-16,2024-07-11,Closed,C00645
PO001349,V00368,Marketing,IT Services,Indirect,14319.81,2025-07-03,2025-07-04,2025-07-13,2025-07-21,Cancelled,C00366
PO001350,V00370,HR,Logistics,Direct,14406.07,2024-01-24,2024-01-30,2024-03-10,2024-03-19,Closed,C00330
PO001351,V00204,Engineering,IT Services,Indirect,8992.15,2024-09-30,2024-10-03,2024-10-30,2024-10-29,Closed,C00232
PO001352,V00421,IT,Marketing,Indirect,49303.24,2025-05-21,2025-05-31,2025-06-14,2025-06-17,Open,
PO001353,V00263,Marketing,IT Services,Indirect,19417.05,2025-12-26,2025-12-30,2026-01-13,2026-01-13,Closed,C00110
PO001354,V00187,HR,Logistics,Direct,6913.08,2025-11-21,2025-12-01,2026-01-08,2026-01-11,Open,C00591
PO001355,V00171,HR,Professional Services,Indirect,13474.26,2025-12-11,2025-12-22,2026-01-11,2026-01-12,Cancelled,
PO001356,V00335,Manufacturing,IT Services,Indirect,25951.38,2025-10-06,2025-10-07,2025-11-01,2025-10-23,Closed,C00054
PO001357,V00476,IT,Raw Materials,Direct,10021.9,2025-04-05,2025-04-14,2025-05-13,2025-05-09,Cancelled,C00055
PO001358,V00238,Operations,Raw Materials,Direct,15195.78,2024-07-10,2024-07-17,2024-08-31,2024-08-28,Closed,C00214
PO001359,V00339,R&D,Facilities,Indirect,13968.6,2024-03-01,2024-03-02,2024-04-09,2024-04-06,Closed,C00430
PO001360,V00171,HR,Professional Services,Indirect,87998.39,2024-11-26,2024-12-08,2024-12-20,2024-12-23,Cancelled,C00602
PO001361,V00259,Facilities,Raw Materials,Direct,11420.09,2024-04-15,2024-04-28,2024-05-30,2024-06-09,Closed,C00556
PO001362,V00226,Finance,Professional Services,Indirect,10224.38,2025-11-25,2025-12-07,2025-12-23,2026-01-03,Closed,
PO001363,V00294,R&D,IT Services,Indirect,19198.88,2025-09-06,2025-09-09,2025-10-08,2025-10-09,Closed,
PO001364,V00283,Legal,Logistics,Direct,7321.72,2024-08-25,2024-09-06,2024-10-05,2024-10-08,Closed,C00628
PO001365,V00084,Legal,Professional Services,Indirect,10218.1,2025-05-29,2025-06-02,2025-07-09,2025-07-04,Cancelled,C00371
PO001366,V00104,Facilities,Professional Services,Indirect,2550.37,2025-06-18,2025-06-26,2025-07-20,2025-07-16,Closed,
PO001367,V00171,Sales,Professional Services,Indirect,15960.57,2025-07-28,2025-08-10,2025-08-24,2025-08-24,Closed,
PO001368,V00105,Engineering,Professional Services,Indirect,12397.93,2025-09-25,2025-10-06,2025-10-16,2025-10-23,Closed,C00010
PO001369,V00278,Marketing,Professional Services,Indirect,11171.09,2024-07-05,2024-07-12,2024-07-23,2024-07-18,Closed,
PO001370,V00179,Sales,Professional Services,Indirect,53900.26,2025-08-23,2025-08-26,2025-09-06,2025-09-07,Closed,
PO001371,V00142,Finance,Raw Materials,Direct,7605.24,2024-12-05,2024-12-11,2025-01-14,2025-01-12,Closed,
PO001372,V00087,Facilities,Raw Materials,Direct,20460.82,2024-08-28,2024-09-07,2024-10-04,2024-10-13,Closed,
PO001373,V00125,Manufacturing,Raw Materials,Direct,9836.31,2024-10-27,2024-11-01,2024-11-18,2024-11-19,Closed,
PO001374,V00074,Engineering,IT Services,Indirect,57079.59,2024-06-23,2024-07-05,2024-07-17,2024-07-24,Closed,
PO001375,V00080,IT,IT Services,Indirect,222769.3,2025-12-05,2025-12-13,2026-01-23,2026-01-19,Closed,
PO001376,V00036,Engineering,Raw Materials,Direct,31506.01,2025-03-30,2025-04-06,2025-05-14,2025-05-24,Cancelled,
PO001377,V00408,Legal,Professional Services,Indirect,33264.81,2025-06-05,2025-06-13,2025-07-11,2025-07-13,Open,C00492
PO001378,V00357,R&D,Travel,Indirect,38335.18,2024-05-28,2024-06-08,2024-07-21,2024-07-29,Cancelled,C00041
PO001379,V00047,Finance,Logistics,Direct,35493.03,2024-06-09,2024-06-10,2024-07-19,2024-07-25,Open,C00119
PO001380,V00184,Facilities,Marketing,Indirect,2138.14,2025-02-24,2025-03-06,2025-03-17,2025-03-17,Closed,C00495
PO001381,V00368,HR,IT Services,Indirect,58261.81,2024-08-07,2024-08-15,2024-08-22,2024-08-18,Open,C00366
PO001382,V00488,Marketing,IT Services,Indirect,10818.64,2025-08-17,2025-08-25,2025-09-26,2025-09-27,Closed,C00542
PO001383,V00125,Sales,Raw Materials,Direct,15611.54,2024-02-23,2024-02-27,2024-03-29,2024-03-29,Cancelled,
PO001384,V00473,Engineering,Raw Materials,Direct,50151.07,2025-01-02,2025-01-08,2025-01-29,2025-02-03,Closed,C00171
PO001385,V00263,Marketing,IT Services,Indirect,9141.76,2024-12-13,2024-12-15,2025-01-27,2025-01-25,Closed,C00110
PO001386,V00162,Marketing,IT Services,Indirect,10483.12,2025-10-11,2025-10-19,2025-10-26,2025-11-04,Closed,
PO001387,V00267,Manufacturing,Professional Services,Indirect,19912.53,2025-09-10,2025-09-14,2025-09-26,2025-09-23,Cancelled,C00265
PO001388,V00241,R&D,Logistics,Direct,6006.45,2024-05-08,2024-05-13,2024-06-15,2024-06-19,Closed,C00614
PO001389,V00006,HR,Professional Services,Indirect,15526.36,2024-12-05,2024-12-10,2025-01-02,2025-01-03,Open,C00274
PO001390,V00410,Finance,Marketing,Indirect,26432.03,2025-12-06,2025-12-19,2026-02-02,2026-02-06,Closed,C00068
PO001391,V00079,Finance,MRO,Direct,10495.45,2025-04-22,2025-04-29,2025-05-22,2025-05-25,Closed,C00107
PO001392,V00130,Facilities,MRO,Direct,8605.6,2025-04-10,2025-04-19,2025-05-22,2025-05-23,Closed,C00518
PO001393,V00181,IT,MRO,Direct,15734.64,2024-08-23,2024-08-25,2024-09-16,2024-09-17,Closed,C00161
PO001394,V00302,Legal,Travel,Indirect,331.74,2025-03-15,2025-03-28,2025-04-06,2025-04-07,Closed,C00198
PO001395,V00500,R&D,Professional Services,Indirect,78449.37,2025-10-08,2025-10-14,2025-11-11,2025-11-09,Closed,
PO001396,V00221,Manufacturing,Raw Materials,Direct,4327.43,2025-05-12,2025-05-19,2025-06-14,2025-06-18,Closed,
PO001397,V00368,Legal,IT Services,Indirect,3018.05,2025-12-26,2025-12-28,2026-01-12,2026-01-15,Open,C00366
PO001398,V00368,Sales,IT Services,Indirect,17317.13,2025-10-07,2025-10-13,2025-11-26,2025-11-28,Closed,C00365
PO001399,V00394,Sales,Logistics,Direct,8239.98,2025-11-28,2025-11-30,2025-12-23,2025-12-24,Open,C00440
PO001400,V00337,IT,Raw Materials,Direct,1459.18,2025-05-30,2025-06-03,2025-07-14,2025-07-16,Closed,C00058
PO001401,V00368,IT,IT Services,Indirect,20511.49,2024-03-21,2024-03-22,2024-04-13,2024-04-14,Closed,C00365
PO001402,V00468,Manufacturing,Raw Materials,Direct,9545.2,2025-01-30,2025-02-10,2025-03-17,2025-03-19,Open,C00367
PO001403,V00282,Facilities,Professional Services,Indirect,15977.75,2025-11-26,2025-11-27,2026-01-08,2026-01-08,Open,C00211
PO001404,V00494,Facilities,Office Supplies,Indirect,2121.08,2024-03-21,2024-03-28,2024-05-11,2024-05-20,Cancelled,C00350
PO001405,V00008,Facilities,IT Services,Indirect,3223.82,2024-07-24,2024-07-29,2024-08-09,2024-08-05,Closed,
PO001406,V00159,Engineering,IT Services,Indirect,95284.66,2025-04-25,2025-04-26,2025-05-13,2025-05-09,Closed,C00432
PO001407,V00166,Finance,Raw Materials,Direct,8013.42,2025-06-07,2025-06-11,2025-06-30,2025-06-26,Closed,C00373
PO001408,V00494,Legal,Office Supplies,Indirect,3833.77,2025-01-01,2025-01-11,2025-01-24,2025-01-27,Closed,C00349
PO001409,V00100,IT,Capital Equipment,Direct,9771.55,2025-06-13,2025-06-15,2025-06-29,2025-07-05,Open,
PO001410,V00328,Sales,Raw Materials,Direct,44323.87,2024-06-01,2024-06-14,2024-07-21,2024-07-23,Closed,C00659
PO001411,V00354,HR,Professional Services,Indirect,36705.83,2024-03-17,2024-03-21,2024-03-31,2024-04-01,Closed,C00401
PO001412,V00377,IT,Capital Equipment,Direct,8281.72,2025-07-04,2025-07-08,2025-08-01,2025-08-02,Open,C00525
PO001413,V00237,Manufacturing,Facilities,Indirect,14556.2,2025-07-18,2025-07-31,2025-09-13,2025-09-15,Open,
PO001414,V00236,Engineering,Marketing,Indirect,681.8,2024-12-09,2024-12-22,2025-01-06,2025-01-02,Closed,
PO001415,V00029,Engineering,Capital Equipment,Direct,56051.55,2025-11-13,2025-11-22,2025-12-28,2026-01-04,Open,
PO001416,V00138,Sales,Facilities,Indirect,4574.76,2024-05-07,2024-05-09,2024-06-23,2024-06-30,Cancelled,C00205
PO001417,V00264,Finance,IT Services,Indirect,14856.4,2025-08-04,2025-08-18,2025-09-22,2025-09-30,Closed,
PO001418,V00025,Facilities,Logistics,Direct,11824.14,2025-12-03,2025-12-06,2026-01-02,2026-01-07,Closed,
PO001419,V00410,Legal,Marketing,Indirect,365.71,2025-06-06,2025-06-18,2025-07-11,2025-07-06,Cancelled,C00068
PO001420,V00212,Manufacturing,MRO,Direct,2885.85,2025-09-02,2025-09-15,2025-10-03,2025-10-12,Closed,C00051
PO001421,V00461,Engineering,IT Services,Indirect,21634.84,2025-06-26,2025-07-08,2025-08-06,2025-08-13,Cancelled,
PO001422,V00154,Legal,Raw Materials,Direct,36905.32,2024-11-25,2024-12-03,2024-12-13,2024-12-18,Cancelled,
PO001423,V00061,Engineering,Raw Materials,Direct,3976.15,2024-09-10,2024-09-12,2024-10-26,2024-10-22,Cancelled,
PO001424,V00403,HR,Logistics,Direct,28365.9,2024-10-13,2024-10-16,2024-11-03,2024-10-31,Closed,C00566
PO001425,V00491,Marketing,Raw Materials,Direct,7104.55,2025-08-03,2025-08-06,2025-08-14,2025-08-15,Closed,
PO001426,V00165,Manufacturing,Professional Services,Indirect,19748.31,2025-09-09,2025-09-22,2025-10-15,2025-10-14,Closed,
PO001427,V00073,IT,Logistics,Direct,9365.19,2025-08-02,2025-08-07,2025-09-01,2025-09-05,Closed,C00095
PO001428,V00355,Engineering,Capital Equipment,Direct,25612.94,2025-09-29,2025-09-30,2025-10-24,2025-10-24,Closed,C00396
PO001429,V00077,Engineering,Marketing,Indirect,8334.66,2024-06-15,2024-06-17,2024-07-14,2024-07-14,Closed,C00044
PO001430,V00403,Sales,Logistics,Direct,27654.89,2025-06-19,2025-06-22,2025-08-06,2025-08-09,Open,C00566
PO001431,V00422,Finance,Professional Services,Indirect,25315.0,2024-07-23,2024-07-26,2024-08-24,2024-08-22,Closed,C00625
PO001432,V00368,Operations,IT Services,Indirect,29521.59,2025-10-25,2025-11-05,2025-12-05,2025-12-13,Closed,C00365
PO001433,V00148,Manufacturing,Facilities,Indirect,1395.31,2025-05-24,2025-05-28,2025-06-06,2025-06-03,Closed,C00473
PO001434,V00121,Facilities,Professional Services,Indirect,23219.32,2025-06-04,2025-06-15,2025-07-18,2025-07-18,Closed,C00562
PO001435,V00453,Finance,Logistics,Direct,40005.53,2025-06-01,2025-06-11,2025-07-20,2025-07-25,Closed,C00581
PO001436,V00299,HR,Logistics,Direct,12625.15,2025-02-12,2025-02-21,2025-03-02,2025-03-05,Closed,
PO001437,V00450,IT,Raw Materials,Direct,3269.42,2025-10-20,2025-11-03,2025-11-19,2025-11-22,Closed,C00442
PO001438,V00071,Operations,Marketing,Indirect,3927.09,2025-09-17,2025-09-29,2025-10-29,2025-11-07,Closed,C00070
PO001439,V00046,R&D,Capital Equipment,Direct,8397.97,2025-11-21,2025-12-04,2026-01-17,2026-01-21,Closed,
PO001440,V00462,R&D,Professional Services,Indirect,32111.88,2025-12-11,2025-12-25,2026-01-01,2026-01-06,Closed,C00047
PO001441,V00286,Legal,Professional Services,Indirect,44929.21,2024-07-17,2024-07-21,2024-08-17,2024-08-18,Closed,C00572
PO001442,V00362,Marketing,MRO,Direct,2708.01,2025-11-11,2025-11-24,2025-12-08,2025-12-16,Closed,C00003
PO001443,V00434,IT,MRO,Direct,10047.61,2025-09-10,2025-09-23,2025-10-09,2025-10-08,Closed,C00188
PO001444,V00368,Engineering,IT Services,Indirect,7149.95,2025-09-05,2025-09-18,2025-10-02,2025-10-06,Closed,C00365
PO001445,V00325,R&D,Raw Materials,Direct,10597.69,2024-11-26,2024-11-28,2025-01-04,2025-01-10,Cancelled,C00173
PO001446,V00325,Marketing,Raw Materials,Direct,3771.18,2024-09-08,2024-09-19,2024-10-06,2024-10-16,Closed,C00173
PO001447,V00397,R&D,IT Services,Indirect,48955.9,2025-06-13,2025-06-14,2025-07-01,2025-06-28,Open,
PO001448,V00056,HR,IT Services,Indirect,3574.04,2025-02-27,2025-03-13,2025-03-26,2025-03-31,Closed,C00101
PO001449,V00403,HR,Logistics,Direct,6297.84,2024-12-12,2024-12-18,2025-01-29,2025-02-02,Open,C00566
PO001450,V00479,Legal,Facilities,Indirect,6028.44,2024-09-24,2024-10-02,2024-11-03,2024-11-09,Closed,C00380
PO001451,V00450,Sales,Raw Materials,Direct,5270.53,2024-11-02,2024-11-06,2024-12-15,2024-12-18,Closed,C00444
PO001452,V00282,IT,Professional Services,Indirect,15281.41,2025-11-22,2025-12-03,2025-12-17,2025-12-17,Cancelled,C00211
PO001453,V00302,Marketing,Travel,Indirect,3691.65,2025-04-13,2025-04-18,2025-05-01,2025-04-29,Closed,
PO001454,V00126,Manufacturing,IT Services,Indirect,18083.16,2025-04-18,2025-04-20,2025-05-31,2025-06-05,Cancelled,C00511
PO001455,V00039,IT,MRO,Direct,4049.48,2025-10-15,2025-10-24,2025-11-30,2025-11-30,Closed,C00454
PO001456,V00289,Engineering,Facilities,Indirect,5234.09,2024-06-27,2024-07-04,2024-08-03,2024-08-04,Open,C00671
PO001457,V00333,Facilities,IT Services,Indirect,4167.45,2025-08-27,2025-09-09,2025-09-20,2025-09-20,Closed,C00193
PO001458,V00069,Sales,Raw Materials,Direct,2203.43,2025-12-21,2025-12-23,2026-01-21,2026-01-24,Cancelled,
PO001459,V00272,R&D,Professional Services,Indirect,31657.97,2025-05-19,2025-05-22,2025-05-30,2025-06-05,Cancelled,C00242
PO001460,V00495,Manufacturing,Marketing,Indirect,680.9,2025-10-18,2025-10-27,2025-11-27,2025-11-28,Open,C00108
PO001461,V00403,HR,Logistics,Direct,6980.72,2025-03-14,2025-03-20,2025-04-16,2025-04-15,Closed,C00566
PO001462,V00084,Marketing,Professional Services,Indirect,64842.11,2025-05-31,2025-06-10,2025-07-25,2025-07-28,Closed,C00370
PO001463,V00424,Sales,Professional Services,Indirect,114882.15,2024-06-08,2024-06-10,2024-07-15,2024-07-26,Closed,
PO001464,V00145,Engineering,Professional Services,Indirect,26135.57,2024-09-05,2024-09-10,2024-10-22,2024-10-29,Closed,C00328
PO001465,V00403,Legal,Logistics,Direct,13702.68,2024-03-18,2024-03-20,2024-04-22,2024-04-17,Closed,C00567
PO001466,V00255,Sales,Professional Services,Indirect,6681.99,2024-03-17,2024-03-24,2024-04-18,2024-04-19,Open,C00630
PO001467,V00238,Finance,Raw Materials,Direct,9576.67,2025-09-11,2025-09-22,2025-10-31,2025-10-21,Open,
PO001468,V00169,HR,Capital Equipment,Direct,71044.76,2024-01-05,2024-01-13,2024-01-22,2024-01-30,Closed,C00346
PO001469,V00173,Legal,Professional Services,Indirect,33259.83,2025-08-03,2025-08-09,2025-09-18,2025-09-19,Closed,C00155
PO001470,V00354,R&D,Professional Services,Indirect,16080.29,2024-03-16,2024-03-22,2024-04-28,2024-05-01,Closed,C00401
PO001471,V00216,R&D,Marketing,Indirect,8127.63,2024-07-13,2024-07-27,2024-08-09,2024-08-06,Closed,
PO001472,V00007,IT,Professional Services,Indirect,13438.58,2024-06-11,2024-06-12,2024-06-22,2024-06-23,Closed,
PO001473,V00275,HR,IT Services,Indirect,17812.29,2025-09-17,2025-09-28,2025-10-18,2025-10-20,Closed,C00407
PO001474,V00357,HR,Travel,Indirect,2644.17,2025-04-05,2025-04-19,2025-05-24,2025-05-20,Cancelled,C00041
PO001475,V00099,Finance,Logistics,Direct,19201.35,2025-07-13,2025-07-24,2025-08-07,2025-08-13,Closed,C00647
PO001476,V00368,Facilities,IT Services,Indirect,87394.12,2024-03-11,2024-03-12,2024-04-02,2024-04-01,Closed,C00365
PO001477,V00424,Finance,Professional Services,Indirect,6539.2,2024-01-11,2024-01-16,2024-02-13,2024-02-16,Cancelled,
PO001478,V00233,Marketing,Raw Materials,Direct,8783.17,2025-04-29,2025-05-02,2025-05-17,2025-05-17,Closed,C00559
PO001479,V00148,Legal,Facilities,Indirect,739.77,2024-03-17,2024-03-30,2024-04-17,2024-04-21,Closed,C00473
PO001480,V00169,Operations,Capital Equipment,Direct,221732.93,2025-09-14,2025-09-22,2025-09-30,2025-10-01,Closed,C00347
PO001481,V00249,Marketing,Professional Services,Indirect,16942.7,2025-10-02,2025-10-12,2025-11-02,2025-11-07,Closed,
PO001482,V00226,Operations,Professional Services,Indirect,273297.66,2024-08-03,2024-08-11,2024-08-23,2024-08-16,Cancelled,C00399
PO001483,V00415,HR,Professional Services,Indirect,46561.7,2025-11-28,2025-11-29,2025-12-21,2025-12-24,Closed,C00162
PO001484,V00403,Operations,Logistics,Direct,4823.49,2024-07-19,2024-07-30,2024-09-04,2024-09-11,Closed,C00566
PO001485,V00454,Finance,Raw Materials,Direct,11551.78,2025-03-31,2025-04-12,2025-05-09,2025-05-13,Closed,C00310
PO001486,V00368,Legal,IT Services,Indirect,10644.1,2024-03-26,2024-03-28,2024-04-29,2024-05-06,Closed,C00366
PO001487,V00473,Sales,Raw Materials,Direct,6677.47,2025-01-02,2025-01-11,2025-01-21,2025-01-26,Closed,C00171
PO001488,V00013,Finance,Raw Materials,Direct,20869.02,2025-07-14,2025-07-25,2025-08-14,2025-08-18,Closed,C00598
PO001489,V00322,Sales,IT Services,Indirect,23103.03,2024-05-25,2024-05-27,2024-06-25,2024-07-03,Closed,C00157
PO001490,V00108,Legal,MRO,Direct,6494.52,2025-11-19,2025-11-20,2025-12-18,2025-12-18,Closed,C00575
PO001491,V00450,Engineering,Raw Materials,Direct,25893.8,2025-03-22,2025-04-03,2025-04-22,2025-04-23,Closed,C00442
PO001492,V00370,Legal,Logistics,Direct,3782.66,2025-07-05,2025-07-18,2025-08-29,2025-08-31,Closed,C00329
PO001493,V00336,Sales,Marketing,Indirect,2582.86,2025-04-11,2025-04-18,2025-05-06,2025-05-10,Closed,
PO001494,V00254,Manufacturing,IT Services,Indirect,4370.13,2024-06-16,2024-06-27,2024-07-17,2024-07-13,Cancelled,
PO001495,V00341,Sales,MRO,Direct,5172.01,2024-01-11,2024-01-17,2024-02-20,2024-02-28,Open,C00534
PO001496,V00119,Finance,IT Services,Indirect,17166.15,2024-06-03,2024-06-13,2024-07-15,2024-07-15,Closed,C00320
PO001497,V00441,Finance,IT Services,Indirect,3875.09,2025-08-29,2025-09-09,2025-10-13,2025-10-05,Closed,C00060
PO001498,V00292,Engineering,Capital Equipment,Direct,7416.49,2024-09-25,2024-10-04,2024-11-18,2024-11-18,Closed,C00527
PO001499,V00199,Legal,Raw Materials,Direct,18632.64,2024-11-10,2024-11-22,2024-12-20,2024-12-24,Closed,
PO001500,V00362,R&D,MRO,Direct,2596.99,2024-04-29,2024-05-10,2024-06-04,2024-06-04,Closed,C00001
PO001501,V00181,R&D,MRO,Direct,300.43,2025-10-19,2025-10-29,2025-11-28,2025-11-27,Closed,C00161
PO001502,V00269,HR,Raw Materials,Direct,2691.11,2024-05-10,2024-05-23,2024-07-02,2024-07-02,Closed,C00142
PO001503,V00396,Operations,Raw Materials,Direct,10240.53,2025-03-03,2025-03-15,2025-04-25,2025-05-04,Closed,C00509
PO001504,V00023,Facilities,Capital Equipment,Direct,45958.01,2025-08-19,2025-08-21,2025-09-26,2025-09-30,Closed,C00092
PO001505,V00210,Legal,Professional Services,Indirect,8952.46,2024-03-29,2024-04-11,2024-05-05,2024-05-03,Open,C00071
PO001506,V00368,Sales,IT Services,Indirect,105577.24,2024-12-01,2024-12-04,2024-12-24,2024-12-31,Closed,C00365
PO001507,V00117,R&D,IT Services,Indirect,4101.7,2025-08-23,2025-08-25,2025-10-07,2025-10-13,Closed,
PO001508,V00494,Sales,Office Supplies,Indirect,1394.64,2025-12-10,2025-12-11,2025-12-19,2025-12-20,Open,C00350
PO001509,V00403,Legal,Logistics,Direct,15584.35,2025-06-26,2025-07-02,2025-07-18,2025-07-18,Closed,C00567
PO001510,V00064,Marketing,Raw Materials,Direct,5430.76,2025-09-21,2025-10-03,2025-11-11,2025-11-16,Closed,C00075
PO001511,V00368,Sales,IT Services,Indirect,6906.19,2024-05-04,2024-05-05,2024-05-19,2024-05-22,Closed,C00366
PO001512,V00006,Legal,Professional Services,Indirect,14881.47,2025-10-22,2025-11-05,2025-12-18,2025-12-26,Cancelled,
PO001513,V00173,Facilities,Professional Services,Indirect,12397.39,2025-04-04,2025-04-14,2025-04-24,2025-04-24,Open,C00155
PO001514,V00105,R&D,Professional Services,Indirect,11928.76,2024-09-26,2024-10-02,2024-10-12,2024-10-10,Cancelled,C00010
PO001515,V00408,Sales,Professional Services,Indirect,24635.7,2025-05-19,2025-05-23,2025-06-23,2025-06-28,Open,C00492
PO001516,V00113,Sales,IT Services,Indirect,22974.65,2024-07-13,2024-07-20,2024-09-01,2024-09-06,Closed,
PO001517,V00200,Legal,Professional Services,Indirect,4690.02,2025-04-27,2025-05-11,2025-06-14,2025-06-13,Closed,
PO001518,V00403,Finance,Logistics,Direct,12352.5,2024-11-23,2024-11-27,2025-01-10,2025-01-17,Closed,C00567
PO001519,V00368,HR,IT Services,Indirect,12976.51,2025-04-11,2025-04-22,2025-05-07,2025-05-05,Cancelled,C00365
PO001520,V00288,Sales,Facilities,Indirect,25728.44,2025-11-05,2025-11-18,2025-12-19,2025-12-15,Closed,C00478
PO001521,V00415,IT,Professional Services,Indirect,9347.32,2025-06-07,2025-06-09,2025-07-12,2025-07-14,Closed,C00162
PO001522,V00356,Legal,Capital Equipment,Direct,38938.89,2024-08-29,2024-09-07,2024-10-03,2024-10-04,Closed,C00529
PO001523,V00134,HR,Professional Services,Indirect,16165.91,2025-09-15,2025-09-18,2025-10-26,2025-10-28,Cancelled,C00578
PO001524,V00368,Manufacturing,IT Services,Indirect,3147.89,2025-11-23,2025-11-28,2025-12-21,2025-12-13,Open,C00365
PO001525,V00238,R&D,Raw Materials,Direct,9065.7,2025-04-27,2025-05-07,2025-06-09,2025-06-17,Closed,C00214
PO001526,V00471,Sales,IT Services,Indirect,21455.87,2024-09-10,2024-09-20,2024-10-08,2024-10-10,Closed,C00240
PO001527,V00308,Finance,Raw Materials,Direct,4577.1,2025-10-22,2025-10-28,2025-11-26,2025-11-26,Closed,
PO001528,V00347,HR,MRO,Direct,2778.29,2024-03-08,2024-03-16,2024-04-09,2024-04-09,Cancelled,C00429
PO001529,V00056,Marketing,IT Services,Indirect,21512.67,2024-10-11,2024-10-25,2024-11-18,2024-11-21,Open,C00102
PO001530,V00434,Engineering,MRO,Direct,10499.17,2024-09-16,2024-09-25,2024-11-02,2024-11-02,Closed,C00188
PO001531,V00365,Facilities,Raw Materials,Direct,48592.8,2024-04-01,2024-04-08,2024-05-03,2024-05-03,Open,C00413
PO001532,V00491,Finance,Raw Materials,Direct,27487.68,2024-09-18,2024-09-20,2024-10-19,2024-10-19,Closed,
PO001533,V00485,Marketing,Marketing,Indirect,3149.81,2025-01-31,2025-02-05,2025-02-22,2025-02-17,Cancelled,C00616
PO001534,V00407,Operations,Facilities,Indirect,4568.91,2025-11-27,2025-11-29,2025-12-08,2025-12-04,Open,
PO001535,V00439,Sales,Professional Services,Indirect,25884.58,2025-03-31,2025-04-01,2025-05-09,2025-05-10,Open,
PO001536,V00485,Finance,Marketing,Indirect,9344.88,2025-04-21,2025-04-25,2025-06-06,2025-06-04,Closed,
PO001537,V00368,Sales,IT Services,Indirect,8947.36,2024-11-26,2024-12-05,2025-01-10,2025-01-12,Closed,C00366
PO001538,V00342,R&D,MRO,Direct,1501.22,2024-12-24,2024-12-28,2025-01-15,2025-01-16,Closed,C00131
PO001539,V00484,Sales,IT Services,Indirect,74505.66,2025-01-24,2025-01-27,2025-03-01,2025-03-05,Closed,C00113
PO001540,V00332,Legal,Raw Materials,Direct,4714.79,2025-06-12,2025-06-14,2025-07-15,2025-07-14,Closed,
PO001541,V00042,Manufacturing,Raw Materials,Direct,11457.73,2025-08-30,2025-09-02,2025-09-11,2025-09-17,Closed,
PO001542,V00210,IT,Professional Services,Indirect,45822.45,2024-09-29,2024-10-03,2024-11-05,2024-11-12,Cancelled,C00071
PO001543,V00017,Engineering,Raw Materials,Direct,5727.48,2025-04-24,2025-05-02,2025-05-24,2025-05-31,Closed,C00280
PO001544,V00288,Legal,Facilities,Indirect,27064.83,2025-07-18,2025-07-20,2025-08-08,2025-08-14,Open,C00478
PO001545,V00368,Sales,IT Services,Indirect,7118.42,2025-11-07,2025-11-19,2025-12-28,2025-12-23,Closed,C00365
PO001546,V00368,Marketing,IT Services,Indirect,78670.53,2025-10-30,2025-11-11,2025-12-14,2025-12-04,Open,C00366
PO001547,V00433,Operations,Office Supplies,Indirect,10687.01,2025-11-19,2025-12-03,2025-12-10,2025-12-14,Closed,C00539
PO001548,V00372,Marketing,Professional Services,Indirect,30005.2,2024-11-20,2024-11-25,2024-12-20,2024-12-28,Cancelled,
PO001549,V00288,Manufacturing,Facilities,Indirect,2184.81,2025-08-26,2025-09-01,2025-09-19,2025-09-19,Closed,C00476
PO001550,V00041,Operations,Raw Materials,Direct,8135.78,2024-12-23,2024-12-24,2025-02-06,2025-02-06,Closed,
PO001551,V00341,Sales,MRO,Direct,1251.98,2025-03-16,2025-03-20,2025-04-07,2025-04-08,Closed,C00534
PO001552,V00245,HR,Logistics,Direct,19415.12,2024-06-22,2024-07-03,2024-08-08,2024-08-13,Closed,
PO001553,V00329,R&D,Professional Services,Indirect,8700.65,2024-03-25,2024-03-31,2024-04-29,2024-04-28,Closed,
PO001554,V00311,Marketing,Professional Services,Indirect,21610.31,2025-07-29,2025-08-04,2025-09-14,2025-09-10,Closed,
PO001555,V00490,Manufacturing,Marketing,Indirect,3284.59,2025-06-13,2025-06-25,2025-07-20,2025-07-21,Open,
PO001556,V00184,Marketing,Marketing,Indirect,3070.14,2024-11-21,2024-11-30,2025-01-02,2024-12-31,Closed,
PO001557,V00075,Engineering,Raw Materials,Direct,2176.04,2025-04-14,2025-04-15,2025-05-24,2025-06-04,Open,C00379
PO001558,V00450,Facilities,Raw Materials,Direct,4302.1,2025-08-11,2025-08-19,2025-09-13,2025-09-24,Closed,C00442
PO001559,V00324,Operations,Raw Materials,Direct,13942.27,2025-06-17,2025-06-24,2025-08-08,2025-08-01,Cancelled,C00112
PO001560,V00299,IT,Logistics,Direct,24502.7,2025-04-06,2025-04-14,2025-04-23,2025-04-21,Closed,C00503
PO001561,V00451,Legal,IT Services,Indirect,34545.7,2025-03-20,2025-03-23,2025-04-03,2025-04-05,Cancelled,C00018
PO001562,V00024,Sales,IT Services,Indirect,22585.91,2024-05-07,2024-05-11,2024-05-31,2024-05-31,Closed,C00266
PO001563,V00368,R&D,IT Services,Indirect,11936.91,2025-10-09,2025-10-13,2025-11-26,2025-11-30,Closed,C00366
PO001564,V00451,R&D,IT Services,Indirect,61254.78,2024-02-02,2024-02-09,2024-02-16,2024-02-21,Closed,C00018
PO001565,V00261,Operations,Facilities,Indirect,17090.77,2024-09-24,2024-09-27,2024-11-04,2024-11-01,Closed,C00669
PO001566,V00151,Legal,Raw Materials,Direct,49058.71,2024-08-08,2024-08-15,2024-08-22,2024-08-17,Closed,C00434
PO001567,V00341,Finance,MRO,Direct,1006.52,2024-02-20,2024-02-28,2024-03-22,2024-03-22,Closed,C00534
PO001568,V00126,Engineering,IT Services,Indirect,14543.73,2024-07-18,2024-07-22,2024-08-25,2024-09-02,Closed,C00511
PO001569,V00368,IT,IT Services,Indirect,12567.18,2025-10-31,2025-11-11,2025-12-26,2025-12-25,Closed,C00365
PO001570,V00037,Finance,Professional Services,Indirect,39869.51,2025-08-23,2025-08-26,2025-09-03,2025-09-04,Closed,C00409
PO001571,V00110,Facilities,Professional Services,Indirect,22662.8,2025-05-03,2025-05-08,2025-06-10,2025-06-08,Closed,
PO001572,V00306,Marketing,Raw Materials,Direct,5374.55,2024-04-05,2024-04-19,2024-05-21,2024-05-26,Closed,C00501
PO001573,V00053,Engineering,IT Services,Indirect,20025.6,2024-04-09,2024-04-21,2024-04-29,2024-04-30,Open,
PO001574,V00235,R&D,MRO,Direct,1129.01,2024-02-25,2024-03-05,2024-04-09,2024-04-05,Closed,C00402
PO001575,V00235,Engineering,MRO,Direct,7397.9,2024-03-11,2024-03-17,2024-04-25,2024-04-23,Cancelled,
PO001576,V00361,HR,Raw Materials,Direct,6317.02,2025-10-05,2025-10-12,2025-11-07,2025-11-08,Closed,C00428
PO001577,V00479,HR,Facilities,Indirect,2189.74,2025-04-26,2025-05-06,2025-05-19,2025-05-26,Cancelled,
PO001578,V00069,Manufacturing,Raw Materials,Direct,8026.19,2025-08-15,2025-08-22,2025-09-02,2025-09-04,Closed,
PO001579,V00281,HR,Marketing,Indirect,4503.06,2025-09-27,2025-09-29,2025-10-08,2025-10-07,Closed,C00040
PO001580,V00086,IT,Logistics,Direct,542.87,2024-12-31,2025-01-03,2025-02-14,2025-02-14,Closed,
PO001581,V00178,Operations,IT Services,Indirect,17131.34,2024-10-02,2024-10-06,2024-10-21,2024-10-16,Closed,
PO001582,V00494,Facilities,Office Supplies,Indirect,2102.68,2025-02-12,2025-02-21,2025-03-23,2025-03-18,Closed,C00349
PO001583,V00482,Marketing,MRO,Direct,3331.57,2025-11-24,2025-11-29,2025-12-30,2026-01-01,Open,C00545
PO001584,V00158,Finance,Travel,Indirect,3469.33,2024-11-30,2024-12-14,2025-01-09,2025-01-13,Closed,C00316
PO001585,V00452,Operations,Travel,Indirect,2979.04,2025-01-04,2025-01-16,2025-02-11,2025-02-05,Closed,C00117
PO001586,V00429,IT,IT Services,Indirect,12372.95,2025-12-15,2025-12-18,2026-01-14,2026-01-10,Open,C00297
PO001587,V00300,Manufacturing,MRO,Direct,3890.88,2024-03-06,2024-03-15,2024-04-16,2024-04-14,Cancelled,C00391
PO001588,V00196,Marketing,MRO,Direct,11190.84,2024-10-28,2024-10-31,2024-11-15,2024-11-19,Closed,
PO001589,V00471,Legal,IT Services,Indirect,24804.52,2025-08-04,2025-08-17,2025-09-11,2025-09-09,Closed,C00241
PO001590,V00281,Facilities,Marketing,Indirect,7055.99,2025-02-22,2025-03-01,2025-03-14,2025-03-14,Open,C00040
PO001591,V00171,Legal,Professional Services,Indirect,22633.46,2025-02-22,2025-03-08,2025-04-01,2025-04-01,Open,C00602
PO001592,V00372,Finance,Professional Services,Indirect,99808.02,2024-10-16,2024-10-18,2024-11-03,2024-11-03,Closed,C00027
PO001593,V00096,Marketing,Marketing,Indirect,6795.68,2024-09-30,2024-10-06,2024-10-29,2024-11-01,Closed,
PO001594,V00368,Marketing,IT Services,Indirect,15786.96,2025-11-23,2025-11-25,2026-01-02,2025-12-30,Open,C00365
PO001595,V00233,Operations,Raw Materials,Direct,15237.74,2025-01-18,2025-01-22,2025-02-17,2025-02-22,Closed,C00559
PO001596,V00025,Finance,Logistics,Direct,9537.77,2024-10-07,2024-10-17,2024-11-19,2024-11-18,Closed,C00251
PO001597,V00170,Marketing,Office Supplies,Indirect,4532.52,2024-04-20,2024-05-04,2024-05-17,2024-05-25,Cancelled,
PO001598,V00368,Manufacturing,IT Services,Indirect,30710.84,2025-09-29,2025-10-03,2025-10-11,2025-10-10,Closed,C00365
PO001599,V00393,Finance,Professional Services,Indirect,6738.61,2024-06-19,2024-06-27,2024-07-13,2024-07-15,Closed,C00472
PO001600,V00434,R&D,MRO,Direct,2194.36,2024-02-29,2024-03-02,2024-04-16,2024-04-16,Closed,C00188
PO001601,V00114,Legal,Marketing,Indirect,3885.45,2024-02-25,2024-02-26,2024-03-04,2024-03-09,Closed,C00239
PO001602,V00407,Sales,Facilities,Indirect,6071.95,2025-10-04,2025-10-16,2025-10-29,2025-10-31,Closed,
PO001603,V00247,Facilities,Raw Materials,Direct,7782.34,2025-10-18,2025-10-29,2025-11-29,2025-11-30,Cancelled,
PO001604,V00024,HR,IT Services,Indirect,19949.14,2024-01-12,2024-01-17,2024-01-30,2024-01-27,Closed,
PO001605,V00231,Facilities,Professional Services,Indirect,14317.81,2025-11-29,2025-11-30,2025-12-14,2025-12-18,Closed,
PO001606,V00318,HR,Facilities,Indirect,1080.33,2025-09-28,2025-10-01,2025-11-12,2025-11-13,Closed,C00137
PO001607,V00169,Sales,Capital Equipment,Direct,158749.98,2025-07-13,2025-07-25,2025-08-15,2025-08-21,Closed,C00346
PO001608,V00123,Operations,Facilities,Indirect,1164.56,2024-07-11,2024-07-25,2024-08-10,2024-08-13,Closed,C00494
PO001609,V00113,Legal,IT Services,Indirect,6549.0,2024-04-07,2024-04-16,2024-05-05,2024-05-05,Closed,C00535
PO001610,V00071,Engineering,Marketing,Indirect,545.08,2025-11-26,2025-11-29,2025-12-24,2025-12-26,Closed,C00070
PO001611,V00403,R&D,Logistics,Direct,7561.13,2024-06-20,2024-07-01,2024-07-24,2024-07-19,Open,C00566
PO001612,V00385,Manufacturing,Professional Services,Indirect,45934.3,2025-03-20,2025-03-27,2025-05-10,2025-05-09,Closed,C00076
PO001613,V00076,Legal,Office Supplies,Indirect,4403.46,2025-05-10,2025-05-15,2025-06-16,2025-06-12,Closed,
PO001614,V00368,Sales,IT Services,Indirect,33877.81,2025-09-26,2025-10-08,2025-10-24,2025-11-05,Closed,C00366
PO001615,V00463,Operations,IT Services,Indirect,49868.76,2024-05-31,2024-06-01,2024-06-21,2024-06-29,Closed,C00282
PO001616,V00368,Facilities,IT Services,Indirect,20521.34,2024-03-28,2024-04-07,2024-05-18,2024-05-22,Cancelled,C00365
PO001617,V00214,Finance,Raw Materials,Direct,25605.45,2024-12-27,2025-01-01,2025-01-14,2025-01-12,Open,C00643
PO001618,V00403,Operations,Logistics,Direct,2071.0,2025-03-05,2025-03-12,2025-04-18,2025-04-24,Open,C00566
PO001619,V00140,R&D,MRO,Direct,14379.47,2024-06-22,2024-06-26,2024-07-24,2024-07-28,Closed,C00412
PO001620,V00496,Operations,Raw Materials,Direct,12323.47,2025-02-20,2025-02-25,2025-04-04,2025-04-04,Closed,
PO001621,V00082,Manufacturing,MRO,Direct,7699.9,2024-08-08,2024-08-14,2024-09-20,2024-09-24,Closed,C00452
PO001622,V00478,Operations,Professional Services,Indirect,79863.91,2024-12-22,2024-12-30,2025-01-27,2025-01-31,Open,
PO001623,V00387,Legal,IT Services,Indirect,102556.39,2025-05-02,2025-05-09,2025-05-18,2025-05-18,Open,C00506
PO001624,V00177,Sales,Marketing,Indirect,17459.62,2024-01-03,2024-01-10,2024-02-09,2024-02-12,Open,C00220
PO001625,V00205,Sales,Raw Materials,Direct,17006.23,2025-01-03,2025-01-04,2025-02-09,2025-02-12,Closed,
PO001626,V00485,Sales,Marketing,Indirect,933.52,2025-04-13,2025-04-21,2025-06-01,2025-06-07,Cancelled,
PO001627,V00437,Sales,MRO,Direct,3597.49,2025-02-07,2025-02-11,2025-03-23,2025-03-27,Closed,C00424
PO001628,V00368,Sales,IT Services,Indirect,15109.47,2025-11-12,2025-11-23,2025-12-11,2025-12-12,Closed,C00366
PO001629,V00470,Manufacturing,IT Services,Indirect,12089.04,2025-08-02,2025-08-05,2025-09-16,2025-09-22,Closed,C00461
PO001630,V00418,Engineering,Professional Services,Indirect,3864.42,2025-03-04,2025-03-15,2025-04-04,2025-04-05,Closed,C00230
PO001631,V00455,IT,Facilities,Indirect,3409.99,2025-08-22,2025-08-30,2025-10-02,2025-10-01,Open,C00339
PO001632,V00462,Manufacturing,Professional Services,Indirect,16315.49,2025-10-17,2025-10-27,2025-11-06,2025-11-13,Closed,C00047
PO001633,V00025,Engineering,Logistics,Direct,9313.55,2024-12-16,2024-12-19,2024-12-29,2025-01-04,Open,C00250
PO001634,V00440,IT,Marketing,Indirect,4334.83,2025-01-09,2025-01-17,2025-02-05,2025-02-05,Closed,C00415
PO001635,V00434,HR,MRO,Direct,13056.31,2025-12-19,2025-12-25,2026-01-13,2026-01-16,Open,C00188
PO001636,V00347,Marketing,MRO,Direct,5833.24,2024-07-21,2024-07-29,2024-08-26,2024-09-01,Closed,C00429
PO001637,V00399,Operations,IT Services,Indirect,37889.48,2025-09-25,2025-10-09,2025-10-27,2025-10-29,Closed,C00605
PO001638,V00169,Manufacturing,Capital Equipment,Direct,1490.36,2025-03-23,2025-03-31,2025-04-13,2025-04-13,Closed,C00346
PO001639,V00499,Sales,IT Services,Indirect,60263.05,2025-09-09,2025-09-16,2025-10-03,2025-10-09,Closed,C00623
PO001640,V00084,Legal,Professional Services,Indirect,10484.18,2025-04-17,2025-04-27,2025-06-08,2025-06-07,Closed,C00371
PO001641,V00424,Operations,Professional Services,Indirect,22137.24,2024-01-16,2024-01-19,2024-01-27,2024-02-07,Cancelled,C00206
PO001642,V00083,Legal,MRO,Direct,1761.99,2025-12-26,2025-12-29,2026-01-30,2026-02-06,Closed,C00153
PO001643,V00096,Engineering,Marketing,Indirect,11616.27,2025-01-02,2025-01-15,2025-01-23,2025-01-27,Cancelled,
PO001644,V00490,Operations,Marketing,Indirect,615.43,2025-10-27,2025-11-02,2025-11-09,2025-11-21,Cancelled,
PO001645,V00034,IT,Professional Services,Indirect,2522.16,2025-07-02,2025-07-09,2025-08-21,2025-08-18,Closed,C00083
PO001646,V00368,Sales,IT Services,Indirect,32146.37,2025-12-21,2025-12-30,2026-01-20,2026-01-29,Cancelled,C00365
PO001647,V00368,Marketing,IT Services,Indirect,7935.92,2025-11-18,2025-11-20,2026-01-04,2026-01-13,Closed,C00366
PO001648,V00403,Manufacturing,Logistics,Direct,11272.26,2024-03-25,2024-03-28,2024-05-10,2024-05-11,Closed,C00566
PO001649,V00311,HR,Professional Services,Indirect,13436.67,2025-10-26,2025-10-27,2025-11-11,2025-11-14,Open,C00390
PO001650,V00181,Sales,MRO,Direct,1053.09,2025-03-19,2025-03-28,2025-04-23,2025-05-02,Closed,C00161
PO001651,V00024,Sales,IT Services,Indirect,3859.31,2024-01-23,2024-01-24,2024-03-03,2024-03-03,Cancelled,
PO001652,V00248,Engineering,Raw Materials,Direct,15550.59,2025-05-11,2025-05-14,2025-05-23,2025-05-28,Closed,C00213
PO001653,V00246,Operations,Logistics,Direct,16240.3,2024-12-31,2025-01-06,2025-02-01,2025-01-25,Cancelled,C00372
PO001654,V00272,Engineering,Professional Services,Indirect,10106.1,2025-12-15,2025-12-19,2026-01-06,2026-01-06,Cancelled,
PO001655,V00104,IT,Professional Services,Indirect,2836.77,2025-12-06,2025-12-08,2025-12-17,2025-12-14,Closed,C00449
PO001656,V00225,Facilities,Professional Services,Indirect,20649.9,2025-11-28,2025-12-04,2025-12-29,2025-12-26,Closed,C00565
PO001657,V00083,Engineering,MRO,Direct,5520.41,2025-07-06,2025-07-18,2025-08-07,2025-08-13,Closed,C00153
PO001658,V00266,IT,MRO,Direct,3288.24,2025-11-03,2025-11-13,2025-12-17,2025-12-25,Closed,C00255
PO001659,V00410,Engineering,Marketing,Indirect,2127.27,2024-08-19,2024-08-21,2024-09-05,2024-09-05,Open,C00068
PO001660,V00122,Finance,Marketing,Indirect,1118.64,2024-01-19,2024-01-25,2024-03-10,2024-03-14,Closed,
PO001661,V00169,Legal,Capital Equipment,Direct,17574.89,2025-03-24,2025-03-31,2025-04-19,2025-04-17,Closed,C00347
PO001662,V00186,Legal,Raw Materials,Direct,5746.02,2025-12-03,2025-12-13,2026-01-06,2025-12-29,Closed,C00081
PO001663,V00392,Sales,Raw Materials,Direct,20093.17,2024-01-29,2024-02-05,2024-03-11,2024-03-12,Closed,C00124
PO001664,V00419,Sales,Professional Services,Indirect,176803.12,2024-01-31,2024-02-14,2024-03-09,2024-03-15,Closed,
PO001665,V00368,R&D,IT Services,Indirect,74029.46,2025-11-25,2025-12-05,2026-01-08,2026-01-01,Closed,C00365
PO001666,V00352,IT,Marketing,Indirect,23280.88,2024-03-15,2024-03-24,2024-04-17,2024-04-21,Closed,
PO001667,V00445,Engineering,IT Services,Indirect,12103.58,2025-10-22,2025-10-28,2025-11-26,2025-11-24,Closed,
PO001668,V00368,IT,IT Services,Indirect,10016.89,2024-01-30,2024-02-08,2024-03-14,2024-03-13,Closed,C00365
PO001669,V00015,Facilities,Raw Materials,Direct,3677.83,2025-11-30,2025-12-12,2026-01-04,2025-12-26,Cancelled,
PO001670,V00368,Operations,IT Services,Indirect,10384.59,2024-09-10,2024-09-22,2024-11-02,2024-11-02,Open,C00366
PO001671,V00203,Engineering,Raw Materials,Direct,15418.32,2025-07-03,2025-07-14,2025-08-14,2025-08-01,Open,C00499
PO001672,V00369,IT,IT Services,Indirect,63305.22,2024-12-12,2024-12-14,2025-01-12,2025-01-22,Cancelled,C00482
PO001673,V00326,Manufacturing,Facilities,Indirect,2507.94,2024-09-13,2024-09-14,2024-10-24,2024-10-25,Closed,C00577
PO001674,V00332,HR,Raw Materials,Direct,18014.63,2025-11-15,2025-11-18,2025-12-15,2025-12-14,Open,
PO001675,V00427,Sales,MRO,Direct,2812.25,2024-01-12,2024-01-17,2024-02-18,2024-02-17,Closed,
PO001676,V00086,Manufacturing,Logistics,Direct,33177.69,2024-09-09,2024-09-11,2024-10-25,2024-10-26,Closed,C00588
PO001677,V00468,Manufacturing,Raw Materials,Direct,11392.86,2025-10-12,2025-10-18,2025-11-19,2025-11-25,Closed,C00367
PO001678,V00060,Finance,Capital Equipment,Direct,20698.46,2025-10-18,2025-10-29,2025-11-05,2025-11-09,Closed,C00418
PO001679,V00040,Manufacturing,Facilities,Indirect,10638.47,2025-04-09,2025-04-19,2025-04-26,2025-05-05,Open,C00116
PO001680,V00403,Facilities,Logistics,Direct,14372.5,2024-01-13,2024-01-14,2024-02-06,2024-02-09,Cancelled,C00567
PO001681,V00169,Engineering,Capital Equipment,Direct,53924.96,2025-01-16,2025-01-27,2025-02-05,2025-02-01,Closed,C00347
PO001682,V00225,Operations,Professional Services,Indirect,56123.15,2024-08-02,2024-08-08,2024-08-27,2024-08-27,Closed,
PO001683,V00195,Manufacturing,IT Services,Indirect,3940.66,2025-09-01,2025-09-13,2025-09-22,2025-10-05,Closed,C00023
PO001684,V00486,R&D,IT Services,Indirect,3022.98,2025-01-08,2025-01-13,2025-02-14,2025-02-20,Closed,
PO001685,V00403,Marketing,Logistics,Direct,78375.72,2024-11-09,2024-11-13,2024-12-23,2024-12-23,Open,C00567
PO001686,V00286,Engineering,Professional Services,Indirect,16889.34,2025-03-07,2025-03-09,2025-04-13,2025-04-15,Open,C00572
PO001687,V00403,IT,Logistics,Direct,43478.28,2024-03-13,2024-03-14,2024-04-06,2024-04-03,Closed,C00567
PO001688,V00253,Marketing,IT Services,Indirect,7699.04,2024-10-07,2024-10-13,2024-11-06,2024-11-08,Cancelled,
PO001689,V00393,IT,Professional Services,Indirect,25013.08,2025-09-05,2025-09-13,2025-10-16,2025-10-13,Cancelled,C00472
PO001690,V00079,Marketing,MRO,Direct,6061.32,2025-03-31,2025-04-10,2025-04-19,2025-04-16,Open,C00107
PO001691,V00193,Operations,Capital Equipment,Direct,19540.53,2025-07-18,2025-08-01,2025-09-08,2025-09-10,Closed,C00248
PO001692,V00257,Manufacturing,Raw Materials,Direct,807.71,2025-11-02,2025-11-10,2025-12-06,2025-12-07,Closed,C00634
PO001693,V00284,Sales,Professional Services,Indirect,6503.95,2025-06-02,2025-06-11,2025-07-12,2025-07-15,Closed,C00586
PO001694,V00290,Engineering,Raw Materials,Direct,55978.35,2024-10-05,2024-10-12,2024-10-27,2024-10-30,Closed,C00522
PO001695,V00030,Finance,Raw Materials,Direct,8109.53,2025-07-22,2025-07-24,2025-07-31,2025-08-03,Cancelled,C00301
PO001696,V00178,HR,IT Services,Indirect,10747.37,2024-05-21,2024-05-24,2024-06-05,2024-06-09,Closed,C00437
PO001697,V00037,HR,Professional Services,Indirect,22266.7,2024-10-25,2024-11-02,2024-12-13,2024-12-13,Closed,C00408
PO001698,V00085,Engineering,Logistics,Direct,26526.34,2024-10-02,2024-10-10,2024-11-18,2024-11-14,Cancelled,C00025
PO001699,V00473,Finance,Raw Materials,Direct,1105.6,2025-09-19,2025-10-03,2025-11-01,2025-11-07,Cancelled,C00171
PO001700,V00006,Marketing,Professional Services,Indirect,18787.56,2025-11-18,2025-11-25,2026-01-06,2026-01-06,Cancelled,C00274
PO001701,V00169,Operations,Capital Equipment,Direct,15876.41,2024-07-26,2024-07-27,2024-08-12,2024-08-19,Closed,C00346
PO001702,V00455,Manufacturing,Facilities,Indirect,5421.59,2025-10-09,2025-10-10,2025-11-15,2025-11-15,Closed,C00339
PO001703,V00157,Marketing,Marketing,Indirect,20112.91,2024-05-18,2024-05-25,2024-06-03,2024-06-01,Closed,
PO001704,V00008,IT,IT Services,Indirect,50319.06,2024-03-24,2024-04-01,2024-05-06,2024-05-12,Closed,C00309
PO001705,V00254,Marketing,IT Services,Indirect,5291.01,2024-07-24,2024-08-05,2024-08-23,2024-08-25,Closed,C00263
PO001706,V00298,Sales,Capital Equipment,Direct,30726.61,2024-09-16,2024-09-25,2024-11-03,2024-11-04,Closed,C00468
PO001707,V00279,HR,IT Services,Indirect,6850.83,2025-07-03,2025-07-07,2025-08-02,2025-08-07,Open,C00167
PO001708,V00486,R&D,IT Services,Indirect,5005.55,2025-07-01,2025-07-13,2025-08-09,2025-08-14,Open,C00079
PO001709,V00174,Engineering,Logistics,Direct,19733.68,2024-03-03,2024-03-04,2024-03-27,2024-03-26,Closed,C00063
PO001710,V00036,Operations,Raw Materials,Direct,21931.79,2025-09-24,2025-10-01,2025-11-02,2025-10-29,Closed,
PO001711,V00336,Operations,Marketing,Indirect,6529.28,2025-12-21,2025-12-22,2026-01-28,2026-02-09,Closed,
PO001712,V00295,Legal,Marketing,Indirect,5539.82,2024-10-26,2024-11-03,2024-11-17,2024-11-28,Closed,C00530
PO001713,V00267,HR,Professional Services,Indirect,2132.13,2024-10-06,2024-10-08,2024-11-13,2024-11-10,Open,C00265
PO001714,V00455,R&D,Facilities,Indirect,4201.51,2024-08-27,2024-09-06,2024-10-01,2024-10-03,Closed,C00339
PO001715,V00441,Legal,IT Services,Indirect,12444.11,2025-11-16,2025-11-22,2025-12-18,2025-12-24,Open,C00059
PO001716,V00001,Engineering,Logistics,Direct,8163.74,2025-08-06,2025-08-14,2025-08-22,2025-08-23,Cancelled,
PO001717,V00325,Operations,Raw Materials,Direct,5057.02,2024-05-27,2024-06-01,2024-07-16,2024-07-12,Closed,C00174
PO001718,V00479,Finance,Facilities,Indirect,407.58,2024-09-26,2024-10-09,2024-10-19,2024-10-22,Open,C00380
PO001719,V00421,Facilities,Marketing,Indirect,493.21,2025-09-26,2025-10-04,2025-11-12,2025-11-11,Cancelled,C00521
PO001720,V00430,Facilities,IT Services,Indirect,4635.06,2024-09-09,2024-09-11,2024-10-12,2024-10-22,Closed,C00641
PO001721,V00173,Legal,Professional Services,Indirect,8137.61,2024-12-15,2024-12-21,2024-12-28,2025-01-01,Closed,C00155
PO001722,V00345,Engineering,Raw Materials,Direct,4538.7,2025-08-29,2025-09-05,2025-10-01,2025-10-01,Closed,
PO001723,V00355,IT,Capital Equipment,Direct,26596.93,2024-01-07,2024-01-21,2024-02-01,2024-02-03,Closed,
PO001724,V00395,R&D,Professional Services,Indirect,80377.63,2024-08-07,2024-08-21,2024-09-15,2024-09-16,Open,
PO001725,V00234,HR,Marketing,Indirect,10859.09,2025-11-06,2025-11-15,2025-12-24,2026-01-03,Closed,C00548
PO001726,V00158,Legal,Travel,Indirect,2307.2,2024-08-27,2024-09-03,2024-10-14,2024-10-20,Closed,C00316
PO001727,V00407,Facilities,Facilities,Indirect,13870.17,2024-12-26,2024-12-28,2025-01-14,2025-01-07,Open,
PO001728,V00200,Manufacturing,Professional Services,Indirect,73919.22,2025-02-25,2025-03-01,2025-03-15,2025-03-13,Closed,
PO001729,V00198,Manufacturing,Logistics,Direct,19223.17,2024-11-05,2024-11-09,2024-12-06,2024-12-04,Open,C00555
PO001730,V00408,Facilities,Professional Services,Indirect,15180.14,2025-12-21,2025-12-22,2026-01-03,2026-01-04,Closed,C00492
PO001731,V00181,Finance,MRO,Direct,1102.86,2024-02-24,2024-03-06,2024-04-05,2024-04-12,Closed,
PO001732,V00050,Legal,Raw Materials,Direct,717.79,2024-12-09,2024-12-15,2025-01-06,2024-12-29,Closed,
PO001733,V00411,Finance,Raw Materials,Direct,25170.75,2025-11-19,2025-11-23,2025-12-24,2025-12-27,Closed,C00098
PO001734,V00116,Manufacturing,Raw Materials,Direct,12279.98,2025-06-04,2025-06-05,2025-07-04,2025-07-02,Closed,C00561
PO001735,V00032,Marketing,Logistics,Direct,12641.62,2024-10-19,2024-10-27,2024-11-26,2024-12-07,Open,
PO001736,V00372,Engineering,Professional Services,Indirect,9519.11,2024-11-07,2024-11-09,2024-12-08,2024-12-08,Cancelled,C00027
PO001737,V00166,Sales,Raw Materials,Direct,5100.3,2025-12-10,2025-12-13,2026-01-01,2025-12-28,Cancelled,C00373
PO001738,V00173,Engineering,Professional Services,Indirect,4591.22,2024-09-15,2024-09-20,2024-11-03,2024-11-03,Closed,C00155
PO001739,V00424,Finance,Professional Services,Indirect,88500.26,2025-12-26,2025-12-29,2026-01-08,2026-01-11,Cancelled,C00206
PO001740,V00368,R&D,IT Services,Indirect,13591.05,2025-08-25,2025-09-01,2025-10-03,2025-10-05,Closed,C00366
PO001741,V00396,Legal,Raw Materials,Direct,5798.47,2025-12-03,2025-12-13,2026-01-27,2026-01-22,Open,C00509
PO001742,V00137,IT,MRO,Direct,1171.27,2024-10-19,2024-10-28,2024-12-06,2024-12-06,Closed,C00554
PO001743,V00036,Legal,Raw Materials,Direct,30631.5,2024-06-06,2024-06-10,2024-07-03,2024-06-30,Closed,C00599
PO001744,V00012,Finance,IT Services,Indirect,29051.07,2025-03-04,2025-03-17,2025-05-01,2025-05-04,Closed,C00088
PO001745,V00076,Marketing,Office Supplies,Indirect,8975.77,2025-01-09,2025-01-10,2025-02-15,2025-02-14,Cancelled,
PO001746,V00461,Legal,IT Services,Indirect,5853.05,2024-05-07,2024-05-21,2024-05-30,2024-06-02,Cancelled,C00583
PO001747,V00427,Legal,MRO,Direct,1651.76,2025-01-04,2025-01-17,2025-03-01,2025-03-02,Closed,
PO001748,V00204,Facilities,IT Services,Indirect,19492.45,2025-08-31,2025-09-14,2025-10-15,2025-10-16,Closed,C00231
PO001749,V00212,Facilities,MRO,Direct,4165.74,2025-12-10,2025-12-11,2026-01-20,2026-01-21,Closed,C00051
PO001750,V00267,IT,Professional Services,Indirect,18917.77,2024-12-04,2024-12-14,2024-12-27,2024-12-28,Closed,
PO001751,V00005,Legal,Professional Services,Indirect,7728.61,2024-08-16,2024-08-27,2024-09-26,2024-09-21,Closed,C00633
PO001752,V00172,Engineering,IT Services,Indirect,86912.95,2024-04-29,2024-04-30,2024-06-04,2024-06-13,Closed,
PO001753,V00145,R&D,Professional Services,Indirect,5396.6,2025-07-11,2025-07-25,2025-08-01,2025-08-03,Closed,C00328
PO001754,V00177,Finance,Marketing,Indirect,27107.83,2025-02-25,2025-03-08,2025-03-27,2025-03-22,Closed,C00219
PO001755,V00376,Marketing,Logistics,Direct,2842.64,2025-06-26,2025-07-07,2025-07-24,2025-07-25,Closed,
PO001756,V00273,HR,Office Supplies,Indirect,1038.97,2025-10-14,2025-10-25,2025-11-12,2025-11-11,Cancelled,
PO001757,V00461,HR,IT Services,Indirect,26901.6,2024-10-10,2024-10-19,2024-11-25,2024-11-25,Closed,C00583
PO001758,V00268,IT,Raw Materials,Direct,5446.36,2025-04-26,2025-05-10,2025-06-14,2025-06-19,Closed,C00657
PO001759,V00403,Finance,Logistics,Direct,21942.6,2024-08-15,2024-08-28,2024-09-18,2024-09-18,Closed,C00566
PO001760,V00486,Engineering,IT Services,Indirect,53332.52,2025-10-07,2025-10-20,2025-11-26,2025-11-25,Closed,C00079
PO001761,V00158,R&D,Travel,Indirect,1085.9,2024-02-12,2024-02-23,2024-03-11,2024-03-11,Cancelled,C00317
PO001762,V00011,Operations,Raw Materials,Direct,1487.66,2025-11-23,2025-12-02,2025-12-31,2026-01-01,Closed,C00445
PO001763,V00462,R&D,Professional Services,Indirect,6393.24,2024-11-06,2024-11-11,2024-12-05,2024-12-14,Open,C00046
PO001764,V00067,Facilities,Logistics,Direct,30050.09,2025-06-07,2025-06-21,2025-07-28,2025-07-29,Closed,C00259
PO001765,V00287,Legal,Professional Services,Indirect,23118.15,2024-01-05,2024-01-10,2024-01-24,2024-01-28,Closed,C00417
PO001766,V00273,IT,Office Supplies,Indirect,15385.76,2024-07-24,2024-08-06,2024-09-16,2024-09-18,Closed,C00356
PO001767,V00368,Marketing,IT Services,Indirect,37109.31,2024-09-24,2024-10-08,2024-11-18,2024-11-24,Closed,C00366
PO001768,V00160,Finance,Logistics,Direct,9998.18,2025-06-15,2025-06-18,2025-07-20,2025-07-25,Closed,C00595
PO001769,V00065,HR,Logistics,Direct,10225.5,2024-04-02,2024-04-14,2024-05-29,2024-06-02,Closed,
PO001770,V00484,IT,IT Services,Indirect,35408.94,2025-12-12,2025-12-20,2026-01-15,2026-01-22,Closed,
PO001771,V00305,R&D,IT Services,Indirect,27604.4,2024-07-05,2024-07-17,2024-08-31,2024-08-31,Closed,
PO001772,V00240,Engineering,Office Supplies,Indirect,6115.9,2025-08-25,2025-09-04,2025-09-16,2025-09-13,Closed,
PO001773,V00082,Facilities,MRO,Direct,925.3,2025-03-23,2025-04-03,2025-04-19,2025-04-21,Open,C00452
PO001774,V00478,Operations,Professional Services,Indirect,21881.63,2025-04-26,2025-05-02,2025-05-19,2025-05-27,Open,
PO001775,V00033,Facilities,Professional Services,Indirect,26479.64,2024-06-02,2024-06-10,2024-06-27,2024-06-27,Closed,
PO001776,V00401,Legal,Professional Services,Indirect,15889.0,2024-07-25,2024-07-31,2024-08-24,2024-08-24,Closed,C00355
PO001777,V00266,Engineering,MRO,Direct,15810.54,2024-09-01,2024-09-05,2024-09-17,2024-09-13,Closed,C00257
PO001778,V00132,Marketing,IT Services,Indirect,33126.89,2024-10-12,2024-10-19,2024-11-26,2024-11-25,Open,C00097
PO001779,V00240,Manufacturing,Office Supplies,Indirect,3512.39,2025-05-15,2025-05-25,2025-06-25,2025-07-01,Cancelled,
PO001780,V00385,Engineering,Professional Services,Indirect,21075.61,2025-10-09,2025-10-10,2025-10-25,2025-11-07,Closed,
PO001781,V00475,Sales,Marketing,Indirect,2062.52,2024-06-26,2024-07-02,2024-07-12,2024-07-12,Closed,
PO001782,V00258,Marketing,IT Services,Indirect,42563.64,2024-05-24,2024-06-05,2024-07-15,2024-07-10,Cancelled,
PO001783,V00275,Facilities,IT Services,Indirect,5771.61,2024-07-22,2024-08-01,2024-08-10,2024-08-04,Closed,C00406
PO001784,V00433,Engineering,Office Supplies,Indirect,2725.92,2025-01-11,2025-01-12,2025-02-26,2025-02-27,Closed,C00539
PO001785,V00463,IT,IT Services,Indirect,28971.98,2025-07-14,2025-07-20,2025-08-10,2025-08-21,Cancelled,
PO001786,V00396,Manufacturing,Raw Materials,Direct,13922.49,2025-09-17,2025-09-18,2025-10-03,2025-10-05,Cancelled,C00509
PO001787,V00375,Sales,Raw Materials,Direct,34219.26,2024-04-08,2024-04-09,2024-05-06,2024-05-04,Closed,C00006
PO001788,V00205,Legal,Raw Materials,Direct,8591.7,2025-05-15,2025-05-17,2025-05-31,2025-06-02,Closed,
PO001789,V00227,Operations,Logistics,Direct,23447.91,2025-04-23,2025-05-07,2025-06-01,2025-06-02,Open,C00640
PO001790,V00408,Marketing,Professional Services,Indirect,25722.67,2025-11-09,2025-11-12,2025-11-26,2025-11-27,Closed,
PO001791,V00417,HR,Raw Materials,Direct,21460.7,2025-04-24,2025-04-26,2025-05-29,2025-05-30,Cancelled,C00469
PO001792,V00466,Marketing,Professional Services,Indirect,60730.59,2025-06-18,2025-06-21,2025-07-24,2025-08-01,Cancelled,
PO001793,V00354,Manufacturing,Professional Services,Indirect,107963.24,2024-01-16,2024-01-17,2024-01-28,2024-02-02,Closed,C00401
PO001794,V00191,Engineering,IT Services,Indirect,7245.82,2025-10-29,2025-10-31,2025-12-04,2025-12-10,Closed,
PO001795,V00297,Marketing,IT Services,Indirect,14284.24,2025-08-09,2025-08-12,2025-08-30,2025-08-31,Closed,
PO001796,V00368,IT,IT Services,Indirect,20446.61,2024-01-01,2024-01-13,2024-02-12,2024-02-12,Closed,C00366
PO001797,V00303,HR,Logistics,Direct,15265.44,2025-01-22,2025-01-24,2025-03-08,2025-03-07,Cancelled,C00512
PO001798,V00499,Facilities,IT Services,Indirect,1434.25,2025-06-10,2025-06-24,2025-07-26,2025-07-27,Closed,C00624
PO001799,V00142,Marketing,Raw Materials,Direct,8353.12,2024-03-06,2024-03-11,2024-04-22,2024-04-28,Closed,C00340
PO001800,V00290,Engineering,Raw Materials,Direct,60811.35,2025-09-24,2025-10-08,2025-11-14,2025-11-17,Open,C00522
PO001801,V00368,Finance,IT Services,Indirect,133323.01,2024-07-27,2024-08-06,2024-09-05,2024-09-11,Closed,C00365
PO001802,V00415,IT,Professional Services,Indirect,8372.07,2025-10-19,2025-10-23,2025-11-07,2025-11-14,Closed,C00162
PO001803,V00477,Marketing,Office Supplies,Indirect,3120.97,2025-11-27,2025-11-30,2025-12-27,2025-12-29,Closed,
PO001804,V00305,Marketing,IT Services,Indirect,36579.02,2025-09-08,2025-09-19,2025-10-07,2025-10-06,Closed,
PO001805,V00151,IT,Raw Materials,Direct,7780.61,2024-04-07,2024-04-18,2024-05-04,2024-05-13,Closed,C00435
PO001806,V00426,Manufacturing,Professional Services,Indirect,590.17,2025-09-29,2025-10-01,2025-11-04,2025-11-02,Closed,
PO001807,V00164,Manufacturing,Professional Services,Indirect,4679.06,2025-04-02,2025-04-10,2025-04-21,2025-05-01,Closed,
PO001808,V00306,Legal,Raw Materials,Direct,7679.63,2024-04-27,2024-05-11,2024-05-23,2024-05-23,Closed,
PO001809,V00372,HR,Professional Services,Indirect,1645.66,2025-12-09,2025-12-15,2026-01-18,2026-01-16,Closed,
PO001810,V00085,Operations,Logistics,Direct,10568.13,2025-01-14,2025-01-27,2025-02-21,2025-02-24,Cancelled,C00026
PO001811,V00430,Manufacturing,IT Services,Indirect,44543.89,2024-09-27,2024-10-05,2024-11-09,2024-11-17,Closed,C00641
PO001812,V00461,Operations,IT Services,Indirect,172256.51,2024-01-08,2024-01-13,2024-02-19,2024-02-29,Closed,C00583
PO001813,V00114,Engineering,Marketing,Indirect,2281.55,2025-04-20,2025-04-26,2025-05-23,2025-05-25,Closed,C00239
PO001814,V00382,Finance,Raw Materials,Direct,9445.4,2025-09-21,2025-10-02,2025-11-08,2025-11-11,Open,
PO001815,V00311,Engineering,Professional Services,Indirect,31577.49,2025-01-07,2025-01-21,2025-02-24,2025-03-05,Closed,
PO001816,V00427,R&D,MRO,Direct,5045.55,2025-03-18,2025-03-19,2025-04-22,2025-04-24,Open,
PO001817,V00243,Engineering,IT Services,Indirect,75001.79,2024-08-30,2024-09-12,2024-10-05,2024-10-08,Cancelled,C00590
PO001818,V00181,Finance,MRO,Direct,1250.78,2025-09-19,2025-09-21,2025-10-31,2025-11-05,Cancelled,C00161
PO001819,V00076,Legal,Office Supplies,Indirect,2533.31,2024-11-09,2024-11-23,2025-01-07,2025-01-09,Open,C00181
PO001820,V00401,R&D,Professional Services,Indirect,9485.45,2024-09-10,2024-09-11,2024-10-06,2024-10-01,Closed,C00355
PO001821,V00242,IT,Marketing,Indirect,936.5,2025-11-06,2025-11-10,2025-11-25,2025-12-01,Closed,
PO001822,V00037,Legal,Professional Services,Indirect,24052.0,2025-02-23,2025-03-06,2025-03-19,2025-03-13,Closed,C00408
PO001823,V00267,HR,Professional Services,Indirect,25258.39,2025-09-29,2025-10-06,2025-10-23,2025-10-21,Closed,C00265
PO001824,V00322,Legal,IT Services,Indirect,6113.48,2025-06-30,2025-07-06,2025-08-07,2025-08-16,Open,C00156
PO001825,V00274,Sales,MRO,Direct,1479.32,2025-07-02,2025-07-05,2025-07-25,2025-07-26,Closed,
PO001826,V00403,Facilities,Logistics,Direct,12671.56,2025-10-25,2025-11-03,2025-11-13,2025-11-15,Closed,C00567
PO001827,V00368,IT,IT Services,Indirect,23434.38,2024-06-08,2024-06-15,2024-06-23,2024-06-24,Open,C00366
PO001828,V00222,Marketing,Professional Services,Indirect,26100.83,2024-08-22,2024-08-26,2024-10-06,2024-10-04,Closed,C00609
PO001829,V00398,Legal,IT Services,Indirect,117958.91,2025-10-23,2025-11-02,2025-11-18,2025-11-23,Closed,C00568
PO001830,V00223,Manufacturing,Professional Services,Indirect,4977.45,2025-04-29,2025-05-11,2025-06-15,2025-06-21,Open,
PO001831,V00033,Finance,Professional Services,Indirect,10679.92,2024-08-07,2024-08-13,2024-09-11,2024-09-05,Cancelled,C00655
PO001832,V00164,Manufacturing,Professional Services,Indirect,8873.21,2024-12-24,2025-01-02,2025-02-06,2025-02-15,Closed,C00374
PO001833,V00230,Marketing,Marketing,Indirect,1986.88,2024-04-30,2024-05-02,2024-06-04,2024-06-12,Closed,C00200
PO001834,V00066,Operations,Professional Services,Indirect,71535.92,2024-10-27,2024-11-09,2024-12-18,2024-12-23,Closed,C00584
PO001835,V00392,Finance,Raw Materials,Direct,11966.35,2024-10-29,2024-11-07,2024-12-10,2024-12-11,Cancelled,
PO001836,V00062,Engineering,Office Supplies,Indirect,6925.48,2025-05-04,2025-05-16,2025-05-27,2025-06-02,Closed,C00651
PO001837,V00288,Marketing,Facilities,Indirect,1873.51,2024-05-25,2024-05-30,2024-06-15,2024-06-13,Cancelled,
PO001838,V00203,Marketing,Raw Materials,Direct,4274.69,2025-10-23,2025-10-24,2025-12-04,2025-11-22,Closed,
PO001839,V00142,Engineering,Raw Materials,Direct,2605.35,2024-03-29,2024-04-03,2024-05-17,2024-05-18,Closed,C00340
PO001840,V00380,Facilities,MRO,Direct,2538.56,2024-09-14,2024-09-28,2024-11-10,2024-11-09,Cancelled,
PO001841,V00368,Finance,IT Services,Indirect,28555.31,2025-03-04,2025-03-13,2025-03-20,2025-03-23,Closed,C00366
PO001842,V00168,Sales,Facilities,Indirect,3790.41,2024-06-18,2024-06-23,2024-08-01,2024-08-01,Cancelled,C00460
PO001843,V00229,HR,IT Services,Indirect,42936.0,2025-03-26,2025-04-01,2025-05-15,2025-05-15,Open,
PO001844,V00362,Engineering,MRO,Direct,1100.17,2024-01-13,2024-01-23,2024-02-15,2024-02-09,Closed,
PO001845,V00383,Engineering,Logistics,Direct,17010.7,2025-08-22,2025-08-25,2025-09-22,2025-09-23,Closed,
PO001846,V00010,Engineering,Logistics,Direct,20824.17,2025-04-11,2025-04-19,2025-05-25,2025-05-24,Closed,C00021
PO001847,V00308,Sales,Raw Materials,Direct,7150.92,2025-12-17,2025-12-22,2026-01-02,2026-01-01,Closed,
PO001848,V00166,Finance,Raw Materials,Direct,2899.79,2024-09-28,2024-10-07,2024-11-16,2024-11-23,Open,C00373
PO001849,V00143,Legal,IT Services,Indirect,7812.17,2024-10-24,2024-10-26,2024-12-08,2024-12-09,Closed,C00604
PO001850,V00110,IT,Professional Services,Indirect,2329.97,2024-01-09,2024-01-21,2024-03-03,2024-03-03,Closed,C00357
PO001851,V00032,Finance,Logistics,Direct,7966.47,2025-12-05,2025-12-07,2026-01-11,2026-01-18,Closed,
PO001852,V00232,Marketing,IT Services,Indirect,7648.82,2024-09-10,2024-09-21,2024-10-03,2024-09-30,Closed,
PO001853,V00494,R&D,Office Supplies,Indirect,11641.69,2024-02-13,2024-02-18,2024-03-05,2024-03-11,Cancelled,C00348
PO001854,V00071,HR,Marketing,Indirect,1014.84,2025-08-20,2025-08-27,2025-09-12,2025-09-12,Closed,C00070
PO001855,V00454,Manufacturing,Raw Materials,Direct,35892.31,2025-07-14,2025-07-17,2025-08-03,2025-08-03,Closed,C00310
PO001856,V00299,Legal,Logistics,Direct,1998.72,2024-11-08,2024-11-14,2024-12-08,2024-12-09,Cancelled,
PO001857,V00039,Facilities,MRO,Direct,685.96,2025-11-01,2025-11-09,2025-12-23,2025-12-18,Closed,C00455
PO001858,V00267,Facilities,Professional Services,Indirect,69217.09,2025-04-23,2025-05-07,2025-06-17,2025-06-18,Closed,C00265
PO001859,V00032,Sales,Logistics,Direct,11011.88,2025-08-03,2025-08-11,2025-09-25,2025-09-20,Closed,
PO001860,V00268,HR,Raw Materials,Direct,9088.71,2024-10-06,2024-10-13,2024-11-24,2024-12-01,Closed,C00657
PO001861,V00121,R&D,Professional Services,Indirect,46605.92,2024-12-25,2025-01-05,2025-02-11,2025-02-19,Closed,C00562
PO001862,V00368,Legal,IT Services,Indirect,8238.83,2025-09-11,2025-09-22,2025-10-20,2025-10-21,Open,C00365
PO001863,V00454,R&D,Raw Materials,Direct,6753.38,2024-09-09,2024-09-18,2024-10-19,2024-10-18,Cancelled,
PO001864,V00319,Operations,Marketing,Indirect,1770.82,2025-11-20,2025-11-21,2025-12-23,2025-12-24,Closed,C00295
PO001865,V00083,Legal,MRO,Direct,6364.44,2025-07-01,2025-07-05,2025-08-11,2025-08-07,Open,
PO001866,V00337,Manufacturing,Raw Materials,Direct,15554.64,2024-03-29,2024-04-09,2024-05-05,2024-05-03,Closed,C00058
PO001867,V00476,Engineering,Raw Materials,Direct,13914.96,2025-06-02,2025-06-11,2025-07-14,2025-07-20,Cancelled,C00056
PO001868,V00234,IT,Marketing,Indirect,1299.89,2025-05-02,2025-05-15,2025-06-22,2025-06-23,Closed,C00548
PO001869,V00235,Manufacturing,MRO,Direct,4220.05,2024-10-29,2024-11-04,2024-12-02,2024-12-02,Closed,C00403
PO001870,V00001,HR,Logistics,Direct,20232.84,2025-09-07,2025-09-17,2025-11-01,2025-11-01,Open,C00087
PO001871,V00364,R&D,MRO,Direct,6830.93,2024-04-04,2024-04-10,2024-05-19,2024-05-13,Closed,
PO001872,V00368,Operations,IT Services,Indirect,17453.68,2025-01-17,2025-01-30,2025-02-15,2025-02-14,Cancelled,C00365
PO001873,V00452,HR,Travel,Indirect,6165.18,2025-08-09,2025-08-15,2025-09-16,2025-09-16,Open,C00117
PO001874,V00108,Legal,MRO,Direct,9459.1,2025-09-15,2025-09-29,2025-11-03,2025-11-04,Closed,
PO001875,V00013,Manufacturing,Raw Materials,Direct,15972.58,2024-11-15,2024-11-21,2024-12-25,2024-12-25,Closed,C00597
PO001876,V00033,Sales,Professional Services,Indirect,25960.97,2025-11-26,2025-12-08,2026-01-11,2026-01-11,Cancelled,C00655
PO001877,V00336,Operations,Marketing,Indirect,713.21,2024-09-12,2024-09-16,2024-10-24,2024-10-29,Closed,
PO001878,V00486,Operations,IT Services,Indirect,14677.44,2025-09-25,2025-10-06,2025-11-10,2025-11-20,Closed,C00079
PO001879,V00396,R&D,Raw Materials,Direct,12547.14,2025-01-13,2025-01-19,2025-03-02,2025-02-27,Closed,C00509
PO001880,V00130,Finance,MRO,Direct,2225.92,2024-04-04,2024-04-06,2024-05-07,2024-05-11,Cancelled,C00519
PO001881,V00140,Operations,MRO,Direct,1796.29,2024-03-26,2024-04-08,2024-05-09,2024-05-04,Closed,C00412
PO001882,V00389,IT,Raw Materials,Direct,15176.6,2024-11-16,2024-11-23,2024-12-11,2024-12-12,Open,C00029
PO001883,V00359,Facilities,Professional Services,Indirect,7376.33,2025-09-25,2025-09-30,2025-10-14,2025-10-10,Closed,C00384
PO001884,V00205,HR,Raw Materials,Direct,4834.7,2025-03-06,2025-03-17,2025-03-30,2025-04-02,Closed,
PO001885,V00075,Facilities,Raw Materials,Direct,28304.64,2025-11-24,2025-12-08,2026-01-01,2025-12-28,Open,C00379
PO001886,V00037,Engineering,Professional Services,Indirect,7687.14,2025-08-10,2025-08-23,2025-09-27,2025-09-23,Closed,C00409
PO001887,V00093,Manufacturing,MRO,Direct,1511.72,2024-02-02,2024-02-13,2024-03-06,2024-03-10,Cancelled,C00362
PO001888,V00266,Engineering,MRO,Direct,780.56,2025-11-02,2025-11-12,2025-12-26,2026-01-01,Closed,C00255
PO001889,V00336,Operations,Marketing,Indirect,11886.32,2025-06-13,2025-06-15,2025-07-30,2025-08-01,Open,
PO001890,V00240,Marketing,Office Supplies,Indirect,1484.22,2025-02-27,2025-03-11,2025-04-12,2025-04-21,Cancelled,
PO001891,V00408,Engineering,Professional Services,Indirect,6558.18,2024-02-10,2024-02-22,2024-03-14,2024-03-15,Closed,
PO001892,V00396,Engineering,Raw Materials,Direct,18749.96,2024-10-05,2024-10-14,2024-11-04,2024-11-03,Cancelled,
PO001893,V00468,Legal,Raw Materials,Direct,3164.64,2025-11-14,2025-11-20,2025-12-06,2025-12-13,Closed,C00367
PO001894,V00231,Marketing,Professional Services,Indirect,47964.55,2025-09-03,2025-09-07,2025-10-06,2025-10-16,Closed,
PO001895,V00066,Marketing,Professional Services,Indirect,32193.93,2025-05-14,2025-05-28,2025-06-07,2025-06-11,Closed,C00584
PO001896,V00422,Sales,Professional Services,Indirect,1853.35,2025-01-07,2025-01-19,2025-02-19,2025-02-16,Cancelled,C00626
PO001897,V00403,HR,Logistics,Direct,9314.95,2025-09-30,2025-10-13,2025-10-25,2025-11-01,Closed,C00567
PO001898,V00399,IT,IT Services,Indirect,60507.62,2024-07-20,2024-08-01,2024-08-29,2024-08-25,Closed,C00605
PO001899,V00108,IT,MRO,Direct,7912.99,2024-03-30,2024-04-10,2024-05-03,2024-05-04,Cancelled,
PO001900,V00019,Manufacturing,Professional Services,Indirect,17123.94,2024-03-24,2024-04-01,2024-04-23,2024-04-24,Cancelled,C00104
PO001901,V00031,HR,IT Services,Indirect,98849.92,2024-06-06,2024-06-16,2024-07-05,2024-07-02,Closed,C00033
PO001902,V00488,Finance,IT Services,Indirect,20639.35,2025-07-23,2025-07-27,2025-08-07,2025-08-17,Closed,C00542
PO001903,V00213,Finance,Logistics,Direct,21553.36,2025-04-05,2025-04-16,2025-05-20,2025-05-14,Closed,
PO001904,V00052,Engineering,Raw Materials,Direct,36995.11,2024-06-20,2024-07-02,2024-08-12,2024-08-20,Closed,C00612
PO001905,V00066,Finance,Professional Services,Indirect,40457.69,2025-01-30,2025-02-03,2025-03-09,2025-03-04,Closed,C00584
PO001906,V00006,Facilities,Professional Services,Indirect,10287.32,2024-07-16,2024-07-18,2024-08-29,2024-08-27,Closed,
PO001907,V00117,Facilities,IT Services,Indirect,41490.47,2025-02-11,2025-02-25,2025-03-07,2025-03-04,Closed,C00277
PO001908,V00063,Engineering,Raw Materials,Direct,71809.48,2025-08-03,2025-08-07,2025-08-18,2025-08-18,Closed,
PO001909,V00078,IT,Professional Services,Indirect,13033.06,2025-02-27,2025-03-02,2025-04-10,2025-04-09,Closed,
PO001910,V00034,Facilities,Professional Services,Indirect,27136.45,2025-10-08,2025-10-22,2025-11-06,2025-11-03,Closed,C00083
PO001911,V00093,Operations,MRO,Direct,3979.93,2025-06-14,2025-06-16,2025-07-13,2025-07-14,Closed,C00363
PO001912,V00124,Legal,Professional Services,Indirect,2670.85,2025-12-09,2025-12-13,2026-01-02,2025-12-28,Cancelled,C00481
PO001913,V00127,Manufacturing,Raw Materials,Direct,12106.68,2025-01-07,2025-01-11,2025-02-24,2025-02-28,Closed,
PO001914,V00403,Engineering,Logistics,Direct,5462.02,2025-12-10,2025-12-24,2026-01-04,2026-01-03,Closed,C00566
PO001915,V00172,R&D,IT Services,Indirect,11536.21,2025-01-28,2025-02-08,2025-02-26,2025-02-15,Closed,
PO001916,V00233,Operations,Raw Materials,Direct,10346.7,2025-09-25,2025-10-09,2025-11-11,2025-11-13,Open,C00559
PO001917,V00348,IT,Professional Services,Indirect,24209.1,2025-05-16,2025-05-26,2025-06-30,2025-07-07,Closed,C00178
PO001918,V00315,Finance,IT Services,Indirect,14388.99,2025-02-17,2025-03-02,2025-04-15,2025-04-04,Cancelled,C00458
PO001919,V00385,Sales,Professional Services,Indirect,28085.85,2025-12-22,2025-12-27,2026-02-08,2026-02-18,Closed,C00076
PO001920,V00416,Manufacturing,Logistics,Direct,17221.6,2025-10-22,2025-11-03,2025-11-21,2025-11-19,Cancelled,C00090
PO001921,V00449,Marketing,Office Supplies,Indirect,5591.04,2025-11-01,2025-11-09,2025-12-10,2025-12-10,Cancelled,
PO001922,V00084,IT,Professional Services,Indirect,8521.12,2025-09-09,2025-09-14,2025-09-27,2025-09-27,Closed,C00371
PO001923,V00180,HR,Marketing,Indirect,1976.04,2025-08-09,2025-08-12,2025-09-06,2025-09-12,Cancelled,
PO001924,V00020,Finance,MRO,Direct,2289.64,2025-10-16,2025-10-22,2025-11-11,2025-11-20,Closed,C00189
PO001925,V00350,Marketing,Logistics,Direct,9417.84,2024-10-12,2024-10-18,2024-11-09,2024-11-06,Closed,
PO001926,V00074,Marketing,IT Services,Indirect,8072.16,2025-04-22,2025-05-03,2025-06-08,2025-06-02,Cancelled,C00004
PO001927,V00381,Marketing,Logistics,Direct,11296.66,2025-03-29,2025-04-09,2025-05-04,2025-05-11,Closed,C00447
PO001928,V00412,Marketing,Professional Services,Indirect,46754.43,2024-05-28,2024-06-04,2024-07-15,2024-07-15,Closed,
PO001929,V00151,Legal,Raw Materials,Direct,16001.11,2024-10-18,2024-10-25,2024-11-07,2024-11-10,Closed,C00434
PO001930,V00223,R&D,Professional Services,Indirect,17556.1,2025-10-17,2025-10-21,2025-11-26,2025-11-28,Closed,
PO001931,V00105,Sales,Professional Services,Indirect,27790.93,2025-06-03,2025-06-16,2025-06-23,2025-06-27,Cancelled,C00010
PO001932,V00222,Legal,Professional Services,Indirect,14310.75,2025-08-14,2025-08-23,2025-09-07,2025-09-21,Closed,C00608
PO001933,V00223,IT,Professional Services,Indirect,9525.11,2024-11-30,2024-12-13,2025-01-01,2025-01-01,Closed,
PO001934,V00385,Sales,Professional Services,Indirect,26837.28,2025-03-29,2025-04-05,2025-04-30,2025-04-30,Closed,C00076
PO001935,V00359,IT,Professional Services,Indirect,1535.45,2025-10-18,2025-10-19,2025-11-08,2025-11-11,Closed,C00384
PO001936,V00269,R&D,Raw Materials,Direct,13971.0,2025-08-25,2025-09-06,2025-10-07,2025-10-09,Open,C00141
PO001937,V00127,Operations,Raw Materials,Direct,27414.11,2025-09-05,2025-09-14,2025-10-05,2025-10-05,Closed,C00235
PO001938,V00353,Operations,Professional Services,Indirect,31464.98,2024-01-30,2024-02-12,2024-03-26,2024-04-03,Closed,
PO001939,V00359,IT,Professional Services,Indirect,37285.22,2025-08-21,2025-08-25,2025-09-15,2025-09-17,Closed,C00382
PO001940,V00357,IT,Travel,Indirect,6392.61,2024-11-11,2024-11-22,2024-12-16,2024-12-26,Closed,C00041
PO001941,V00480,Engineering,IT Services,Indirect,18637.46,2024-01-19,2024-02-02,2024-03-07,2024-03-09,Closed,C00261
PO001942,V00368,Operations,IT Services,Indirect,44967.56,2025-05-28,2025-06-10,2025-06-18,2025-06-22,Closed,C00365
PO001943,V00124,Manufacturing,Professional Services,Indirect,252276.04,2025-08-13,2025-08-27,2025-09-29,2025-09-29,Cancelled,C00480
PO001944,V00401,R&D,Professional Services,Indirect,10093.65,2024-01-16,2024-01-20,2024-02-14,2024-02-14,Closed,C00354
PO001945,V00326,IT,Facilities,Indirect,26529.19,2024-12-07,2024-12-10,2024-12-20,2024-12-24,Closed,C00577
PO001946,V00285,Marketing,IT Services,Indirect,60893.75,2025-11-26,2025-12-04,2026-01-17,2026-01-18,Closed,
PO001947,V00261,Marketing,Facilities,Indirect,74307.43,2025-07-16,2025-07-28,2025-08-09,2025-08-11,Open,
PO001948,V00368,Manufacturing,IT Services,Indirect,28149.4,2024-12-24,2024-12-27,2025-01-22,2025-01-29,Cancelled,C00365
PO001949,V00067,Engineering,Logistics,Direct,4417.25,2024-09-08,2024-09-10,2024-09-25,2024-09-29,Cancelled,C00258
PO001950,V00417,Facilities,Raw Materials,Direct,9103.75,2025-07-10,2025-07-23,2025-09-06,2025-09-11,Closed,C00469
PO001951,V00473,R&D,Raw Materials,Direct,8628.55,2025-11-03,2025-11-07,2025-12-19,2025-12-20,Open,C00171
PO001952,V00429,Facilities,IT Services,Indirect,7688.63,2025-12-01,2025-12-04,2025-12-26,2025-12-23,Closed,C00298
PO001953,V00368,Finance,IT Services,Indirect,34520.55,2025-12-06,2025-12-07,2026-01-09,2026-01-20,Closed,C00366
PO001954,V00042,Facilities,Raw Materials,Direct,5627.22,2025-08-21,2025-08-27,2025-09-24,2025-09-30,Closed,
PO001955,V00311,Facilities,Professional Services,Indirect,11282.84,2024-12-31,2025-01-05,2025-02-12,2025-02-12,Open,C00390
PO001956,V00285,Sales,IT Services,Indirect,15818.02,2024-08-23,2024-08-30,2024-09-30,2024-09-29,Closed,C00510
PO001957,V00248,Legal,Raw Materials,Direct,6418.09,2025-05-12,2025-05-19,2025-06-23,2025-06-22,Closed,C00213
PO001958,V00262,Marketing,Logistics,Direct,20850.92,2025-07-26,2025-07-29,2025-08-16,2025-08-22,Closed,
PO001959,V00082,Sales,MRO,Direct,5432.79,2025-10-06,2025-10-12,2025-10-20,2025-10-18,Closed,C00452
PO001960,V00355,Sales,Capital Equipment,Direct,10011.22,2025-05-16,2025-05-21,2025-06-04,2025-06-01,Cancelled,
PO001961,V00315,Marketing,IT Services,Indirect,10380.34,2025-02-21,2025-03-02,2025-04-06,2025-04-11,Open,C00458
PO001962,V00399,Engineering,IT Services,Indirect,23983.13,2024-11-05,2024-11-14,2024-12-29,2025-01-09,Closed,
PO001963,V00078,Operations,Professional Services,Indirect,31500.26,2025-01-10,2025-01-14,2025-02-22,2025-03-01,Open,C00084
PO001964,V00368,Facilities,IT Services,Indirect,4506.93,2024-03-13,2024-03-18,2024-03-25,2024-03-17,Closed,C00365
PO001965,V00186,Manufacturing,Raw Materials,Direct,5742.15,2025-09-19,2025-09-20,2025-09-27,2025-09-27,Closed,C00081
PO001966,V00338,R&D,IT Services,Indirect,16181.2,2024-01-30,2024-02-12,2024-02-25,2024-03-07,Open,
PO001967,V00288,HR,Facilities,Indirect,7308.68,2024-12-05,2024-12-11,2025-01-15,2025-01-21,Cancelled,C00476
PO001968,V00368,Facilities,IT Services,Indirect,5484.91,2024-11-12,2024-11-14,2024-12-14,2024-12-12,Cancelled,C00366
PO001969,V00207,Engineering,Raw Materials,Direct,41349.38,2025-03-22,2025-04-05,2025-04-16,2025-04-24,Closed,C00627
PO001970,V00311,Legal,Professional Services,Indirect,34854.4,2024-12-06,2024-12-08,2025-01-05,2025-01-10,Cancelled,C00390
PO001971,V00368,R&D,IT Services,Indirect,59548.4,2024-04-05,2024-04-18,2024-05-24,2024-05-30,Closed,C00366
PO001972,V00169,Manufacturing,Capital Equipment,Direct,111153.56,2024-09-29,2024-09-30,2024-10-31,2024-10-27,Closed,C00346
PO001973,V00110,R&D,Professional Services,Indirect,25029.85,2024-08-30,2024-09-08,2024-10-22,2024-10-20,Open,C00357
PO001974,V00250,Operations,Logistics,Direct,8871.13,2024-09-25,2024-10-09,2024-11-10,2024-11-23,Closed,C00185
PO001975,V00397,HR,IT Services,Indirect,34933.39,2024-10-07,2024-10-19,2024-10-27,2024-11-05,Closed,C00533
PO001976,V00141,Legal,Professional Services,Indirect,74501.72,2025-06-02,2025-06-14,2025-07-10,2025-07-09,Closed,C00244
PO001977,V00172,Legal,IT Services,Indirect,14191.69,2025-10-07,2025-10-13,2025-11-15,2025-11-15,Closed,
PO001978,V00412,Finance,Professional Services,Indirect,29548.56,2024-02-03,2024-02-11,2024-03-15,2024-03-23,Closed,C00573
PO001979,V00231,Facilities,Professional Services,Indirect,33006.09,2025-11-29,2025-12-02,2025-12-31,2025-12-30,Closed,
PO001980,V00333,Finance,IT Services,Indirect,27327.77,2024-03-15,2024-03-20,2024-04-13,2024-04-16,Closed,C00194
PO001981,V00196,Sales,MRO,Direct,7252.48,2025-11-25,2025-11-26,2026-01-06,2026-01-08,Closed,
PO001982,V00368,Manufacturing,IT Services,Indirect,15891.86,2024-12-31,2025-01-02,2025-02-07,2025-02-07,Open,C00366
PO001983,V00134,HR,Professional Services,Indirect,6080.08,2024-05-26,2024-06-04,2024-07-02,2024-07-02,Closed,C00579
PO001984,V00412,Legal,Professional Services,Indirect,11371.43,2025-11-18,2025-11-19,2025-12-06,2025-12-09,Closed,C00574
PO001985,V00278,Engineering,Professional Services,Indirect,12871.41,2024-03-25,2024-04-05,2024-05-20,2024-05-19,Closed,C00134
PO001986,V00368,IT,IT Services,Indirect,19890.0,2025-11-13,2025-11-17,2025-11-26,2025-11-20,Closed,C00366
PO001987,V00289,Manufacturing,Facilities,Indirect,9775.04,2025-12-13,2025-12-23,2026-02-06,2026-02-08,Closed,
PO001988,V00368,Sales,IT Services,Indirect,25409.89,2025-03-03,2025-03-10,2025-04-15,2025-04-18,Closed,C00365
PO001989,V00212,Operations,MRO,Direct,1233.38,2025-03-03,2025-03-13,2025-04-02,2025-03-27,Closed,C00051
PO001990,V00273,Engineering,Office Supplies,Indirect,3499.69,2024-11-21,2024-11-25,2024-12-09,2024-12-14,Cancelled,C00356
PO001991,V00375,R&D,Raw Materials,Direct,7920.25,2025-12-11,2025-12-12,2025-12-30,2026-01-01,Closed,
PO001992,V00179,Facilities,Professional Services,Indirect,17334.33,2025-04-02,2025-04-08,2025-04-29,2025-04-30,Closed,C00619
PO001993,V00069,Legal,Raw Materials,Direct,12367.31,2025-01-13,2025-01-23,2025-02-20,2025-02-16,Closed,
PO001994,V00239,Manufacturing,Professional Services,Indirect,8257.46,2025-10-07,2025-10-09,2025-11-17,2025-11-20,Open,C00123
PO001995,V00393,Legal,Professional Services,Indirect,4107.05,2024-08-16,2024-08-20,2024-08-27,2024-08-31,Closed,C00472
PO001996,V00039,IT,MRO,Direct,6695.58,2025-12-10,2025-12-21,2026-01-26,2026-01-27,Closed,
PO001997,V00323,Operations,Marketing,Indirect,2154.72,2025-06-02,2025-06-10,2025-06-17,2025-06-16,Open,C00190
PO001998,V00368,Finance,IT Services,Indirect,13492.49,2024-09-23,2024-10-04,2024-11-08,2024-11-18,Cancelled,C00365
PO001999,V00069,Marketing,Raw Materials,Direct,8352.7,2025-05-11,2025-05-22,2025-06-24,2025-06-28,Closed,C00016
PO002000,V00368,Legal,IT Services,Indirect,20560.99,2024-05-11,2024-05-18,2024-05-29,2024-06-01,Open,C00365
PO002001,V00327,Manufacturing,Logistics,Direct,2421.51,2025-02-05,2025-02-16,2025-03-30,2025-04-01,Open,
PO002002,V00013,Marketing,Raw Materials,Direct,18043.93,2025-06-08,2025-06-11,2025-06-27,2025-07-06,Closed,C00597
PO002003,V00389,R&D,Raw Materials,Direct,27866.23,2025-11-02,2025-11-13,2025-12-22,2025-12-23,Closed,C00029
PO002004,V00019,Sales,Professional Services,Indirect,24068.26,2025-03-06,2025-03-10,2025-03-18,2025-03-13,Closed,
PO002005,V00120,IT,Facilities,Indirect,5405.2,2025-12-06,2025-12-19,2026-01-29,2026-02-02,Closed,
PO002006,V00403,IT,Logistics,Direct,11455.04,2025-06-13,2025-06-20,2025-07-10,2025-07-14,Closed,C00567
PO002007,V00450,R&D,Raw Materials,Direct,30767.95,2025-08-31,2025-09-07,2025-10-05,2025-10-15,Closed,C00442
PO002008,V00060,HR,Capital Equipment,Direct,182566.65,2025-02-14,2025-02-25,2025-03-05,2025-03-11,Open,C00419
PO002009,V00180,Manufacturing,Marketing,Indirect,2184.39,2025-03-01,2025-03-15,2025-04-14,2025-04-15,Closed,C00536
PO002010,V00368,Manufacturing,IT Services,Indirect,29434.77,2025-12-22,2025-12-30,2026-01-29,2026-02-02,Open,C00365
PO002011,V00282,Marketing,Professional Services,Indirect,1550.67,2024-04-06,2024-04-15,2024-05-10,2024-05-20,Closed,
PO002012,V00397,Finance,IT Services,Indirect,39183.47,2024-10-25,2024-11-01,2024-11-16,2024-11-22,Closed,C00533
PO002013,V00120,Legal,Facilities,Indirect,2287.23,2024-05-12,2024-05-18,2024-06-01,2024-06-03,Closed,
PO002014,V00094,Marketing,Logistics,Direct,7672.17,2024-09-24,2024-10-06,2024-11-02,2024-10-26,Open,C00077
PO002015,V00403,Legal,Logistics,Direct,5953.01,2024-10-24,2024-11-03,2024-11-17,2024-11-10,Closed,C00566
PO002016,V00169,Facilities,Capital Equipment,Direct,84811.65,2025-03-21,2025-03-29,2025-05-10,2025-05-11,Cancelled,C00347
PO002017,V00403,Facilities,Logistics,Direct,54437.86,2024-12-10,2024-12-24,2025-01-08,2025-01-03,Closed,C00567
PO002018,V00169,Finance,Capital Equipment,Direct,11877.79,2025-04-18,2025-04-20,2025-05-15,2025-05-16,Closed,C00346
PO002019,V00403,Manufacturing,Logistics,Direct,5336.56,2024-11-13,2024-11-23,2024-12-17,2024-12-16,Closed,C00566
PO002020,V00108,Marketing,MRO,Direct,1708.53,2024-06-09,2024-06-13,2024-07-16,2024-07-17,Closed,
PO002021,V00403,R&D,Logistics,Direct,23736.48,2025-03-25,2025-03-26,2025-04-05,2025-04-18,Cancelled,C00566
PO002022,V00274,R&D,MRO,Direct,7318.94,2024-02-22,2024-02-27,2024-04-08,2024-04-08,Closed,
PO002023,V00273,IT,Office Supplies,Indirect,10762.05,2025-07-20,2025-08-01,2025-09-11,2025-09-13,Closed,C00356
PO002024,V00425,Facilities,Raw Materials,Direct,912.94,2024-12-31,2025-01-11,2025-02-03,2025-02-14,Closed,
PO002025,V00422,Marketing,Professional Services,Indirect,30978.8,2024-01-07,2024-01-12,2024-02-24,2024-02-24,Open,C00626
PO002026,V00143,IT,IT Services,Indirect,42793.82,2024-09-23,2024-10-03,2024-10-23,2024-10-31,Closed,
PO002027,V00077,Engineering,Marketing,Indirect,4022.53,2024-04-26,2024-05-04,2024-06-02,2024-05-26,Open,
PO002028,V00238,Facilities,Raw Materials,Direct,99200.39,2024-04-05,2024-04-17,2024-05-26,2024-05-26,Closed,
PO002029,V00342,Engineering,MRO,Direct,2673.69,2023-12-29,2024-01-02,2024-01-13,2024-01-15,Closed,C00130
PO002030,V00088,R&D,Professional Services,Indirect,15780.26,2024-10-29,2024-11-07,2024-11-20,2024-11-22,Closed,
PO002031,V00403,Sales,Logistics,Direct,17736.46,2025-03-18,2025-03-20,2025-04-21,2025-04-26,Closed,C00566
PO002032,V00249,Finance,Professional Services,Indirect,13674.71,2025-11-17,2025-11-18,2025-11-30,2025-12-01,Cancelled,C00359
PO002033,V00025,Manufacturing,Logistics,Direct,8234.83,2024-06-12,2024-06-20,2024-07-03,2024-07-04,Closed,C00250
PO002034,V00441,R&D,IT Services,Indirect,7253.41,2024-11-24,2024-12-04,2025-01-16,2025-01-24,Closed,C00059
PO002035,V00071,Sales,Marketing,Indirect,1032.9,2024-08-19,2024-08-22,2024-09-24,2024-09-23,Closed,C00070
PO002036,V00169,HR,Capital Equipment,Direct,20599.72,2024-03-01,2024-03-07,2024-04-17,2024-04-17,Closed,C00347
PO002037,V00068,HR,Professional Services,Indirect,10023.78,2025-05-08,2025-05-12,2025-06-03,2025-06-05,Closed,
PO002038,V00069,R&D,Raw Materials,Direct,9813.12,2025-06-03,2025-06-05,2025-07-11,2025-07-18,Cancelled,
PO002039,V00362,HR,MRO,Direct,1310.1,2025-05-20,2025-05-27,2025-06-30,2025-06-30,Closed,C00003
PO002040,V00094,IT,Logistics,Direct,20787.0,2024-02-21,2024-03-05,2024-04-13,2024-04-21,Closed,
PO002041,V00091,Sales,IT Services,Indirect,179416.57,2025-08-16,2025-08-21,2025-09-17,2025-09-14,Closed,C00159
PO002042,V00363,Engineering,Professional Services,Indirect,31766.88,2025-07-24,2025-07-31,2025-08-13,2025-08-16,Cancelled,C00172
PO002043,V00368,R&D,IT Services,Indirect,7196.34,2024-08-16,2024-08-19,2024-08-26,2024-08-26,Closed,C00366
PO002044,V00130,IT,MRO,Direct,1603.97,2024-03-08,2024-03-16,2024-04-21,2024-04-14,Cancelled,C00518
PO002045,V00344,Operations,Facilities,Indirect,2589.34,2024-05-08,2024-05-11,2024-06-17,2024-06-28,Closed,
PO002046,V00289,IT,Facilities,Indirect,1235.17,2024-01-28,2024-01-30,2024-02-15,2024-02-19,Closed,
PO002047,V00352,Finance,Marketing,Indirect,434.07,2025-04-26,2025-05-07,2025-05-17,2025-05-18,Closed,
PO002048,V00250,Facilities,Logistics,Direct,26222.18,2024-11-19,2024-11-26,2024-12-10,2024-12-14,Open,C00187
PO002049,V00382,Sales,Raw Materials,Direct,37019.79,2025-08-30,2025-09-12,2025-10-14,2025-10-22,Closed,
PO002050,V00044,Finance,Raw Materials,Direct,10628.14,2024-10-03,2024-10-17,2024-11-08,2024-11-12,Closed,
PO002051,V00434,Engineering,MRO,Direct,31483.1,2024-03-16,2024-03-30,2024-04-24,2024-04-24,Cancelled,
PO002052,V00273,Marketing,Office Supplies,Indirect,3671.8,2025-10-16,2025-10-20,2025-11-07,2025-11-15,Closed,
PO002053,V00368,Operations,IT Services,Indirect,210506.81,2023-12-20,2024-01-01,2024-01-26,2024-01-20,Closed,C00366
PO002054,V00330,Engineering,Professional Services,Indirect,41263.38,2025-10-17,2025-10-19,2025-11-16,2025-11-22,Closed,C00237
PO002055,V00274,Engineering,MRO,Direct,14471.77,2024-12-13,2024-12-14,2024-12-22,2024-12-28,Closed,
PO002056,V00056,HR,IT Services,Indirect,9332.87,2024-11-20,2024-11-30,2025-01-05,2025-01-06,Cancelled,C00102
PO002057,V00123,IT,Facilities,Indirect,2226.81,2025-07-01,2025-07-07,2025-08-14,2025-08-22,Cancelled,
PO002058,V00406,Operations,Logistics,Direct,710.31,2024-11-01,2024-11-13,2024-12-22,2024-12-28,Cancelled,C00289
PO002059,V00240,Marketing,Office Supplies,Indirect,7988.62,2024-04-01,2024-04-05,2024-04-17,2024-04-19,Cancelled,C00487
PO002060,V00057,Manufacturing,Facilities,Indirect,1351.56,2025-05-20,2025-05-25,2025-06-26,2025-06-20,Closed,C00195
PO002061,V00391,Legal,Professional Services,Indirect,40562.87,2024-07-04,2024-07-05,2024-07-14,2024-07-08,Open,C00333
PO002062,V00403,Facilities,Logistics,Direct,10319.86,2024-12-28,2025-01-10,2025-01-18,2025-01-21,Closed,C00567
PO002063,V00155,R&D,Raw Materials,Direct,4156.83,2025-11-09,2025-11-16,2025-12-05,2025-12-08,Open,C00152
PO002064,V00169,IT,Capital Equipment,Direct,43968.33,2025-08-28,2025-09-07,2025-09-26,2025-09-25,Open,C00347
PO002065,V00279,Engineering,IT Services,Indirect,10866.63,2025-01-17,2025-01-27,2025-03-12,2025-03-18,Closed,
PO002066,V00337,R&D,Raw Materials,Direct,55371.22,2025-12-14,2025-12-28,2026-02-07,2026-02-17,Cancelled,
PO002067,V00368,Facilities,IT Services,Indirect,34365.7,2024-04-01,2024-04-11,2024-04-21,2024-04-23,Closed,C00365
PO002068,V00472,Finance,Professional Services,Indirect,20684.4,2024-05-21,2024-06-03,2024-07-06,2024-07-12,Closed,C00303
PO002069,V00189,Facilities,Raw Materials,Direct,24691.99,2024-01-25,2024-02-05,2024-03-10,2024-03-16,Closed,
PO002070,V00043,Legal,Professional Services,Indirect,32167.87,2025-09-25,2025-10-09,2025-10-16,2025-10-17,Cancelled,C00216
PO002071,V00237,IT,Facilities,Indirect,5436.32,2024-11-26,2024-12-02,2025-01-13,2025-01-16,Cancelled,
PO002072,V00409,IT,Logistics,Direct,11384.55,2024-06-27,2024-07-07,2024-08-11,2024-08-09,Closed,
PO002073,V00314,Manufacturing,Professional Services,Indirect,12928.04,2024-02-07,2024-02-10,2024-03-15,2024-03-21,Closed,
PO002074,V00017,Marketing,Raw Materials,Direct,4044.14,2025-01-17,2025-01-24,2025-03-03,2025-02-26,Closed,C00280
PO002075,V00187,Operations,Logistics,Direct,12328.96,2024-02-10,2024-02-17,2024-03-10,2024-03-13,Closed,C00591
PO002076,V00454,Facilities,Raw Materials,Direct,7303.75,2025-10-05,2025-10-13,2025-11-14,2025-11-26,Closed,C00310
PO002077,V00143,Marketing,IT Services,Indirect,32567.21,2024-07-11,2024-07-19,2024-08-20,2024-08-20,Closed,C00603
PO002078,V00415,HR,Professional Services,Indirect,2356.5,2024-09-14,2024-09-22,2024-10-17,2024-10-27,Closed,C00162
PO002079,V00372,HR,Professional Services,Indirect,15329.25,2025-05-12,2025-05-20,2025-06-25,2025-07-02,Closed,C00028
PO002080,V00287,Legal,Professional Services,Indirect,6495.13,2025-01-18,2025-01-27,2025-02-26,2025-02-26,Cancelled,C00417
PO002081,V00456,HR,Raw Materials,Direct,16710.82,2025-10-25,2025-10-30,2025-11-13,2025-11-06,Open,
PO002082,V00080,Marketing,IT Services,Indirect,17098.49,2024-02-18,2024-03-03,2024-03-18,2024-03-18,Closed,
PO002083,V00123,HR,Facilities,Indirect,2645.5,2025-02-10,2025-02-18,2025-03-02,2025-03-03,Closed,
PO002084,V00366,Finance,Marketing,Indirect,3212.83,2025-11-11,2025-11-12,2025-12-27,2025-12-25,Closed,C00342
PO002085,V00418,Facilities,Professional Services,Indirect,11731.7,2024-08-23,2024-08-29,2024-10-04,2024-10-01,Cancelled,C00230
PO002086,V00187,Facilities,Logistics,Direct,42358.28,2025-03-02,2025-03-04,2025-03-20,2025-03-18,Closed,
PO002087,V00204,Facilities,IT Services,Indirect,39402.37,2025-04-12,2025-04-19,2025-06-03,2025-06-05,Closed,C00231
PO002088,V00062,Manufacturing,Office Supplies,Indirect,3594.75,2025-09-16,2025-09-27,2025-11-08,2025-11-11,Closed,C00651
PO002089,V00486,Engineering,IT Services,Indirect,13993.85,2024-08-29,2024-09-01,2024-09-24,2024-10-01,Open,
PO002090,V00169,Facilities,Capital Equipment,Direct,45382.83,2024-08-04,2024-08-12,2024-09-06,2024-09-11,Cancelled,C00346
PO002091,V00370,HR,Logistics,Direct,4528.35,2025-09-02,2025-09-09,2025-10-24,2025-10-24,Closed,C00330
PO002092,V00363,Sales,Professional Services,Indirect,12851.47,2024-08-10,2024-08-16,2024-09-11,2024-09-10,Closed,C00172
PO002093,V00222,Finance,Professional Services,Indirect,13635.61,2025-06-08,2025-06-14,2025-07-23,2025-07-23,Closed,C00610
PO002094,V00342,Finance,MRO,Direct,1855.58,2024-08-17,2024-08-28,2024-09-26,2024-09-26,Closed,C00131
PO002095,V00407,Facilities,Facilities,Indirect,7742.27,2025-07-07,2025-07-14,2025-08-09,2025-08-13,Closed,
PO002096,V00171,Engineering,Professional Services,Indirect,15262.62,2024-07-16,2024-07-17,2024-08-25,2024-09-06,Cancelled,C00602
PO002097,V00267,Manufacturing,Professional Services,Indirect,1956.55,2024-10-09,2024-10-20,2024-11-12,2024-11-11,Closed,C00265
PO002098,V00321,Marketing,Capital Equipment,Direct,86590.47,2023-12-19,2024-01-01,2024-01-27,2024-02-02,Closed,C00223
PO002099,V00429,Engineering,IT Services,Indirect,15769.33,2025-03-26,2025-03-27,2025-05-02,2025-05-06,Closed,C00297
PO002100,V00204,Legal,IT Services,Indirect,17194.8,2024-06-27,2024-06-30,2024-08-13,2024-08-18,Closed,C00232
PO002101,V00010,HR,Logistics,Direct,8966.65,2025-07-25,2025-08-01,2025-08-16,2025-08-23,Closed,C00019
PO002102,V00494,Operations,Office Supplies,Indirect,814.18,2024-10-16,2024-10-21,2024-11-18,2024-11-20,Closed,C00348
PO002103,V00387,R&D,IT Services,Indirect,6137.44,2025-03-31,2025-04-03,2025-05-09,2025-05-09,Closed,
PO002104,V00211,Facilities,MRO,Direct,20508.71,2025-04-12,2025-04-16,2025-04-28,2025-05-03,Open,C00345
PO002105,V00274,Operations,MRO,Direct,11460.78,2025-04-26,2025-05-01,2025-05-18,2025-05-22,Closed,
PO002106,V00368,Sales,IT Services,Indirect,9181.82,2025-09-16,2025-09-29,2025-10-28,2025-11-06,Closed,C00365
PO002107,V00430,HR,IT Services,Indirect,31669.54,2024-09-06,2024-09-12,2024-09-24,2024-09-25,Closed,C00642
PO002108,V00181,Engineering,MRO,Direct,1521.66,2024-09-13,2024-09-19,2024-10-02,2024-10-09,Closed,C00161
PO002109,V00403,Finance,Logistics,Direct,11665.44,2024-04-02,2024-04-15,2024-05-18,2024-05-19,Closed,C00566
PO002110,V00368,Operations,IT Services,Indirect,13397.11,2025-06-13,2025-06-27,2025-07-09,2025-07-10,Open,C00365
PO002111,V00295,HR,Marketing,Indirect,3817.73,2024-10-11,2024-10-24,2024-11-27,2024-11-23,Closed,C00530
PO002112,V00398,Marketing,IT Services,Indirect,2913.27,2025-02-15,2025-02-26,2025-04-02,2025-04-02,Closed,
PO002113,V00463,Legal,IT Services,Indirect,33067.36,2025-09-10,2025-09-14,2025-09-22,2025-09-19,Open,
PO002114,V00391,Legal,Professional Services,Indirect,47000.94,2024-06-11,2024-06-16,2024-07-14,2024-07-17,Closed,C00332
PO002115,V00239,Legal,Professional Services,Indirect,15112.66,2025-11-27,2025-12-05,2025-12-26,2025-12-29,Open,C00123
PO002116,V00368,Manufacturing,IT Services,Indirect,9953.77,2024-11-12,2024-11-17,2024-12-26,2024-12-30,Closed,C00365
PO002117,V00040,Facilities,Facilities,Indirect,1147.72,2025-03-13,2025-03-20,2025-04-15,2025-04-15,Closed,C00116
PO002118,V00169,Manufacturing,Capital Equipment,Direct,93281.74,2025-03-30,2025-04-05,2025-05-05,2025-05-02,Closed,C00347
PO002119,V00389,Legal,Raw Materials,Direct,4872.0,2025-05-07,2025-05-19,2025-06-13,2025-06-12,Closed,C00029
PO002120,V00369,Operations,IT Services,Indirect,18880.44,2024-04-19,2024-04-29,2024-05-29,2024-05-28,Closed,
PO002121,V00234,Engineering,Marketing,Indirect,11202.21,2024-09-11,2024-09-19,2024-10-03,2024-10-08,Open,C00548
PO002122,V00113,Engineering,IT Services,Indirect,40747.76,2025-09-08,2025-09-15,2025-10-13,2025-10-13,Open,C00535
PO002123,V00149,IT,Capital Equipment,Direct,27911.2,2024-03-08,2024-03-20,2024-03-30,2024-03-31,Open,C00103
PO002124,V00087,Legal,Raw Materials,Direct,13297.65,2025-07-31,2025-08-13,2025-09-09,2025-08-31,Closed,C00179
PO002125,V00403,Marketing,Logistics,Direct,12604.4,2025-03-09,2025-03-17,2025-03-24,2025-03-31,Closed,C00567
PO002126,V00005,Legal,Professional Services,Indirect,18843.53,2024-02-27,2024-02-28,2024-03-22,2024-03-20,Closed,C00633
PO002127,V00113,Manufacturing,IT Services,Indirect,5057.55,2024-06-17,2024-06-26,2024-07-18,2024-07-15,Closed,
PO002128,V00052,Engineering,Raw Materials,Direct,19737.0,2024-05-09,2024-05-12,2024-06-26,2024-06-26,Closed,C00612
PO002129,V00110,Marketing,Professional Services,Indirect,7630.63,2023-12-22,2024-01-01,2024-01-21,2024-01-19,Closed,
PO002130,V00403,Sales,Logistics,Direct,3028.06,2025-09-22,2025-10-05,2025-11-08,2025-11-09,Closed,C00566
PO002131,V00056,Operations,IT Services,Indirect,49096.42,2024-05-20,2024-06-03,2024-06-30,2024-06-23,Closed,C00101
PO002132,V00278,Marketing,Professional Services,Indirect,7589.22,2025-02-27,2025-03-01,2025-03-23,2025-03-28,Closed,
PO002133,V00389,HR,Raw Materials,Direct,26059.17,2025-10-13,2025-10-24,2025-11-04,2025-11-04,Cancelled,C00029
PO002134,V00086,R&D,Logistics,Direct,2468.1,2024-05-31,2024-06-14,2024-06-21,2024-06-30,Closed,
PO002135,V00155,Facilities,Raw Materials,Direct,22218.18,2024-09-28,2024-10-08,2024-10-15,2024-10-14,Closed,C00152
PO002136,V00290,Finance,Raw Materials,Direct,6838.17,2025-02-24,2025-03-02,2025-03-17,2025-03-16,Closed,C00522
PO002137,V00246,Operations,Logistics,Direct,29918.86,2024-07-09,2024-07-14,2024-08-25,2024-09-01,Closed,C00372
PO002138,V00495,Facilities,Marketing,Indirect,3988.86,2024-04-28,2024-05-06,2024-05-13,2024-05-19,Closed,C00108
PO002139,V00254,Operations,IT Services,Indirect,16134.15,2025-04-15,2025-04-21,2025-05-14,2025-05-19,Cancelled,C00264
PO002140,V00247,Sales,Raw Materials,Direct,7501.48,2025-05-25,2025-05-27,2025-07-11,2025-07-11,Closed,
PO002141,V00214,Operations,Raw Materials,Direct,6962.32,2025-09-21,2025-10-04,2025-10-20,2025-10-20,Cancelled,C00644
PO002142,V00462,HR,Professional Services,Indirect,3646.74,2025-06-14,2025-06-27,2025-08-01,2025-07-29,Closed,C00047
PO002143,V00326,HR,Facilities,Indirect,10947.53,2025-02-06,2025-02-18,2025-03-15,2025-03-21,Open,C00577
PO002144,V00333,Manufacturing,IT Services,Indirect,108812.75,2024-12-20,2024-12-22,2025-01-17,2025-01-26,Closed,C00193
PO002145,V00051,Marketing,Professional Services,Indirect,12205.65,2025-09-26,2025-10-01,2025-10-15,2025-10-14,Closed,
PO002146,V00306,Operations,Raw Materials,Direct,15453.28,2025-09-07,2025-09-12,2025-10-21,2025-10-25,Closed,C00501
PO002147,V00403,R&D,Logistics,Direct,32065.64,2024-03-25,2024-04-01,2024-04-28,2024-04-29,Closed,C00567
PO002148,V00109,Marketing,Travel,Indirect,2772.58,2024-11-28,2024-12-07,2025-01-18,2025-01-16,Open,C00312
PO002149,V00359,Engineering,Professional Services,Indirect,23982.86,2025-10-23,2025-10-30,2025-11-20,2025-11-24,Open,C00382
PO002150,V00368,HR,IT Services,Indirect,1302.1,2024-10-12,2024-10-23,2024-11-09,2024-11-09,Closed,C00365
PO002151,V00368,HR,IT Services,Indirect,54283.68,2025-04-03,2025-04-13,2025-04-26,2025-04-19,Closed,C00365
PO002152,V00456,Manufacturing,Raw Materials,Direct,5492.69,2025-02-05,2025-02-07,2025-03-20,2025-03-22,Closed,C00146
PO002153,V00406,Marketing,Logistics,Direct,5839.96,2025-09-07,2025-09-17,2025-10-27,2025-10-24,Closed,
PO002154,V00323,Sales,Marketing,Indirect,1827.49,2024-06-14,2024-06-20,2024-07-07,2024-07-07,Cancelled,C00190
PO002155,V00487,Sales,IT Services,Indirect,61572.0,2025-11-20,2025-11-26,2025-12-29,2026-01-01,Closed,
PO002156,V00108,R&D,MRO,Direct,928.89,2024-12-22,2024-12-29,2025-01-09,2025-01-09,Closed,C00575
PO002157,V00250,Facilities,Logistics,Direct,7324.03,2025-10-31,2025-11-04,2025-11-17,2025-11-17,Closed,C00186
PO002158,V00450,HR,Raw Materials,Direct,3047.49,2025-03-26,2025-03-28,2025-04-30,2025-04-27,Closed,C00443
PO002159,V00094,IT,Logistics,Direct,12496.1,2025-08-25,2025-08-29,2025-10-08,2025-10-15,Cancelled,
PO002160,V00093,Facilities,MRO,Direct,5516.76,2024-06-04,2024-06-06,2024-06-26,2024-06-29,Closed,C00363
PO002161,V00243,Operations,IT Services,Indirect,17470.57,2025-09-29,2025-10-06,2025-10-27,2025-10-26,Open,C00589
PO002162,V00374,Marketing,Logistics,Direct,25547.44,2025-07-23,2025-07-28,2025-09-10,2025-09-10,Closed,C00326
PO002163,V00495,Finance,Marketing,Indirect,4316.11,2024-04-12,2024-04-22,2024-05-21,2024-05-26,Open,C00108
PO002164,V00372,HR,Professional Services,Indirect,19778.37,2025-06-16,2025-06-27,2025-08-11,2025-08-07,Cancelled,C00027
PO002165,V00186,Operations,Raw Materials,Direct,2922.55,2024-12-04,2024-12-07,2025-01-03,2024-12-27,Open,C00081
PO002166,V00169,Operations,Capital Equipment,Direct,22455.53,2024-09-27,2024-10-06,2024-10-17,2024-10-22,Closed,C00347
PO002167,V00440,Finance,Marketing,Indirect,668.15,2024-12-15,2024-12-29,2025-01-16,2025-01-20,Open,C00415
PO002168,V00105,Engineering,Professional Services,Indirect,20286.45,2025-04-15,2025-04-20,2025-05-19,2025-05-17,Closed,
PO002169,V00323,R&D,Marketing,Indirect,1673.39,2025-04-24,2025-05-07,2025-05-17,2025-05-22,Closed,
PO002170,V00470,Sales,IT Services,Indirect,4165.7,2024-10-09,2024-10-20,2024-12-03,2024-12-06,Closed,C00461
PO002171,V00498,HR,Logistics,Direct,17387.7,2025-09-21,2025-09-30,2025-11-14,2025-11-24,Cancelled,C00048
PO002172,V00020,Sales,MRO,Direct,1776.81,2024-03-14,2024-03-21,2024-04-22,2024-04-22,Closed,C00189
PO002173,V00080,IT,IT Services,Indirect,29559.1,2025-05-24,2025-06-01,2025-06-16,2025-06-10,Closed,
PO002174,V00374,Finance,Logistics,Direct,9372.01,2025-02-22,2025-03-06,2025-03-30,2025-04-02,Closed,C00325
PO002175,V00403,IT,Logistics,Direct,7202.12,2024-04-17,2024-04-24,2024-05-21,2024-05-23,Closed,C00566
PO002176,V00012,R&D,IT Services,Indirect,33025.97,2024-05-01,2024-05-06,2024-06-17,2024-06-18,Cancelled,
PO002177,V00004,Facilities,Professional Services,Indirect,12733.65,2025-10-07,2025-10-08,2025-11-22,2025-11-21,Closed,C00286
PO002178,V00147,Operations,Professional Services,Indirect,25708.09,2024-05-28,2024-06-03,2024-07-06,2024-07-20,Cancelled,
PO002179,V00368,Legal,IT Services,Indirect,40987.6,2025-09-16,2025-09-20,2025-10-26,2025-10-26,Closed,C00365
PO002180,V00037,Facilities,Professional Services,Indirect,15625.74,2024-12-11,2024-12-22,2025-01-01,2025-01-04,Closed,
PO002181,V00234,Marketing,Marketing,Indirect,2367.71,2024-10-23,2024-11-03,2024-11-22,2024-11-28,Closed,C00548
PO002182,V00419,Finance,Professional Services,Indirect,63025.39,2024-11-28,2024-12-02,2025-01-08,2025-01-18,Closed,C00514
PO002183,V00104,Legal,Professional Services,Indirect,5968.92,2024-09-15,2024-09-25,2024-10-24,2024-10-20,Closed,C00449
PO002184,V00064,Operations,Raw Materials,Direct,8443.79,2025-01-17,2025-01-27,2025-02-04,2025-02-04,Cancelled,C00074
PO002185,V00379,Finance,Marketing,Indirect,3012.8,2024-11-09,2024-11-10,2024-12-11,2024-12-13,Closed,
PO002186,V00368,IT,IT Services,Indirect,135495.58,2024-09-14,2024-09-18,2024-10-11,2024-10-13,Closed,C00365
PO002187,V00068,R&D,Professional Services,Indirect,3472.6,2024-03-24,2024-04-02,2024-05-06,2024-05-02,Open,
PO002188,V00284,Finance,Professional Services,Indirect,9325.89,2025-08-04,2025-08-13,2025-09-10,2025-09-15,Closed,C00586
PO002189,V00473,IT,Raw Materials,Direct,18327.23,2024-07-30,2024-08-12,2024-09-23,2024-09-20,Closed,C00171
PO002190,V00120,Legal,Facilities,Indirect,5326.37,2024-11-16,2024-11-30,2024-12-07,2024-12-12,Closed,C00388
PO002191,V00087,Legal,Raw Materials,Direct,25080.69,2025-04-27,2025-05-11,2025-06-17,2025-06-20,Closed,C00179
PO002192,V00089,Sales,IT Services,Indirect,29041.25,2025-02-17,2025-03-02,2025-04-15,2025-04-16,Open,
PO002193,V00408,Manufacturing,Professional Services,Indirect,47308.99,2024-03-28,2024-04-09,2024-05-11,2024-05-10,Open,C00492
PO002194,V00182,Marketing,Raw Materials,Direct,11632.64,2024-09-01,2024-09-09,2024-09-17,2024-09-15,Closed,
PO002195,V00463,Facilities,IT Services,Indirect,47698.64,2024-11-18,2024-11-19,2024-12-01,2024-11-30,Cancelled,
PO002196,V00152,Operations,Logistics,Direct,6901.14,2024-04-12,2024-04-17,2024-05-22,2024-05-28,Closed,
PO002197,V00121,HR,Professional Services,Indirect,4115.51,2024-01-02,2024-01-11,2024-02-19,2024-02-24,Closed,C00562
PO002198,V00451,Operations,IT Services,Indirect,6716.86,2025-11-18,2025-11-22,2025-12-17,2025-12-23,Open,C00018
PO002199,V00158,HR,Travel,Indirect,17580.7,2024-06-16,2024-06-17,2024-07-11,2024-07-12,Closed,C00317
PO002200,V00438,Facilities,Capital Equipment,Direct,202355.85,2024-08-23,2024-08-31,2024-09-28,2024-10-01,Closed,C00302
PO002201,V00058,Finance,IT Services,Indirect,13386.74,2025-07-17,2025-07-23,2025-08-27,2025-09-02,Closed,C00245
PO002202,V00455,Manufacturing,Facilities,Indirect,445.14,2024-09-24,2024-10-08,2024-11-15,2024-11-15,Closed,C00339
PO002203,V00368,Marketing,IT Services,Indirect,8521.82,2024-01-05,2024-01-14,2024-02-08,2024-02-06,Closed,C00365
PO002204,V00300,Marketing,MRO,Direct,10440.86,2024-08-29,2024-09-07,2024-10-06,2024-10-07,Closed,C00391
PO002205,V00140,Operations,MRO,Direct,2864.33,2025-10-06,2025-10-15,2025-11-27,2025-12-01,Closed,
PO002206,V00145,Legal,Professional Services,Indirect,8477.09,2025-05-27,2025-05-30,2025-07-07,2025-07-06,Closed,C00328
PO002207,V00259,Sales,Raw Materials,Direct,5272.85,2025-05-04,2025-05-05,2025-05-24,2025-05-29,Open,
PO002208,V00368,Finance,IT Services,Indirect,7360.36,2024-06-13,2024-06-25,2024-07-17,2024-07-15,Closed,C00366
PO002209,V00248,Facilities,Raw Materials,Direct,3714.75,2025-06-15,2025-06-22,2025-07-04,2025-07-01,Closed,
PO002210,V00475,Engineering,Marketing,Indirect,11393.52,2025-02-10,2025-02-15,2025-03-16,2025-03-28,Closed,C00465
PO002211,V00448,Manufacturing,Capital Equipment,Direct,161485.76,2025-12-03,2025-12-15,2025-12-24,2025-12-22,Closed,C00474
PO002212,V00276,R&D,Capital Equipment,Direct,6928.91,2024-04-06,2024-04-16,2024-05-10,2024-05-13,Open,C00337
PO002213,V00187,Finance,Logistics,Direct,4735.8,2025-04-25,2025-05-07,2025-06-12,2025-06-16,Open,C00591
PO002214,V00224,Engineering,Capital Equipment,Direct,40859.3,2025-07-10,2025-07-18,2025-08-12,2025-08-09,Closed,
PO002215,V00355,Engineering,Capital Equipment,Direct,15424.68,2025-02-14,2025-02-20,2025-03-11,2025-03-16,Closed,C00396
PO002216,V00430,Sales,IT Services,Indirect,34323.29,2025-08-22,2025-09-02,2025-09-11,2025-09-11,Closed,C00641
PO002217,V00363,Engineering,Professional Services,Indirect,21503.87,2025-05-13,2025-05-17,2025-06-11,2025-06-09,Open,C00172
PO002218,V00330,R&D,Professional Services,Indirect,7459.67,2024-09-10,2024-09-14,2024-10-12,2024-10-12,Cancelled,C00237
PO002219,V00339,Facilities,Facilities,Indirect,1171.73,2025-12-10,2025-12-21,2025-12-28,2025-12-31,Cancelled,
PO002220,V00279,Sales,IT Services,Indirect,146561.15,2024-10-02,2024-10-03,2024-10-25,2024-10-27,Open,
PO002221,V00017,Facilities,Raw Materials,Direct,11255.85,2025-01-09,2025-01-23,2025-02-19,2025-02-25,Cancelled,C00281
PO002222,V00368,Operations,IT Services,Indirect,21382.44,2025-12-19,2025-12-26,2026-01-29,2026-01-31,Closed,C00366
PO002223,V00212,Sales,MRO,Direct,834.96,2024-07-16,2024-07-25,2024-09-01,2024-09-03,Open,C00051
PO002224,V00359,Sales,Professional Services,Indirect,56002.25,2025-09-19,2025-09-28,2025-10-14,2025-10-14,Open,C00384
PO002225,V00368,HR,IT Services,Indirect,18751.27,2025-09-03,2025-09-12,2025-09-23,2025-10-01,Closed,C00365
PO002226,V00368,IT,IT Services,Indirect,8935.75,2025-10-11,2025-10-16,2025-10-24,2025-10-24,Closed,C00366
PO002227,V00336,Facilities,Marketing,Indirect,2746.5,2025-03-03,2025-03-05,2025-03-28,2025-03-30,Closed,
PO002228,V00368,Operations,IT Services,Indirect,25648.63,2025-05-24,2025-05-28,2025-07-09,2025-07-16,Closed,C00365
PO002229,V00445,Sales,IT Services,Indirect,19918.85,2025-07-23,2025-07-28,2025-08-12,2025-08-10,Closed,
PO002230,V00466,Finance,Professional Services,Indirect,27356.87,2025-12-16,2025-12-28,2026-01-18,2026-01-21,Open,C00149
PO002231,V00186,IT,Raw Materials,Direct,19101.11,2024-08-17,2024-08-24,2024-09-19,2024-09-16,Cancelled,C00082
PO002232,V00169,Sales,Capital Equipment,Direct,14285.02,2024-12-02,2024-12-03,2024-12-19,2024-12-27,Closed,C00346
PO002233,V00282,Finance,Professional Services,Indirect,11362.89,2024-10-12,2024-10-18,2024-11-07,2024-11-07,Cancelled,C00211
PO002234,V00326,R&D,Facilities,Indirect,882.61,2025-02-12,2025-02-18,2025-02-28,2025-03-04,Open,C00577
PO002235,V00468,Facilities,Raw Materials,Direct,1946.03,2025-03-12,2025-03-18,2025-04-17,2025-04-30,Open,C00368
PO002236,V00421,Operations,Marketing,Indirect,4545.59,2025-08-24,2025-09-07,2025-09-20,2025-09-17,Closed,C00520
PO002237,V00034,Legal,Professional Services,Indirect,12714.66,2024-10-23,2024-10-24,2024-11-12,2024-11-22,Cancelled,
PO002238,V00368,Finance,IT Services,Indirect,16481.25,2025-09-22,2025-09-27,2025-10-14,2025-10-15,Closed,C00365
PO002239,V00032,HR,Logistics,Direct,22940.21,2025-09-18,2025-10-02,2025-11-15,2025-11-19,Open,
PO002240,V00368,Operations,IT Services,Indirect,58356.8,2024-04-21,2024-05-03,2024-06-04,2024-06-04,Closed,C00366
PO002241,V00395,HR,Professional Services,Indirect,4035.68,2025-02-24,2025-03-02,2025-03-23,2025-03-23,Closed,C00011
PO002242,V00343,Finance,IT Services,Indirect,27810.78,2025-08-25,2025-09-04,2025-10-07,2025-10-03,Closed,C00607
PO002243,V00112,Facilities,Raw Materials,Direct,54380.32,2025-06-23,2025-06-27,2025-07-23,2025-07-24,Closed,C00422
PO002244,V00193,Operations,Capital Equipment,Direct,20829.89,2025-08-26,2025-09-05,2025-10-20,2025-10-20,Closed,C00248
PO002245,V00053,Marketing,IT Services,Indirect,56375.97,2025-09-11,2025-09-24,2025-10-07,2025-10-08,Closed,
PO002246,V00302,Marketing,Travel,Indirect,1772.38,2025-08-19,2025-09-01,2025-10-11,2025-10-17,Closed,C00198
PO002247,V00294,Finance,IT Services,Indirect,39885.79,2024-05-29,2024-06-05,2024-07-14,2024-07-13,Cancelled,
PO002248,V00194,Operations,IT Services,Indirect,9623.68,2024-06-07,2024-06-21,2024-08-03,2024-08-14,Open,C00100
PO002249,V00318,Engineering,Facilities,Indirect,3295.75,2024-07-14,2024-07-26,2024-08-02,2024-08-08,Closed,C00137
PO002250,V00087,Manufacturing,Raw Materials,Direct,4523.77,2024-12-23,2024-12-31,2025-01-15,2025-01-21,Open,C00179
PO002251,V00468,Sales,Raw Materials,Direct,3469.2,2025-02-19,2025-03-02,2025-04-07,2025-04-06,Cancelled,
PO002252,V00284,HR,Professional Services,Indirect,63220.75,2024-04-05,2024-04-07,2024-04-23,2024-04-27,Closed,C00586
PO002253,V00471,HR,IT Services,Indirect,9955.76,2025-09-05,2025-09-17,2025-10-03,2025-10-15,Cancelled,C00240
PO002254,V00148,Marketing,Facilities,Indirect,2588.02,2025-03-29,2025-04-01,2025-04-19,2025-04-15,Closed,
PO002255,V00311,HR,Professional Services,Indirect,7242.95,2024-04-14,2024-04-26,2024-06-10,2024-06-17,Cancelled,C00390
PO002256,V00338,Legal,IT Services,Indirect,60582.17,2024-09-14,2024-09-24,2024-11-02,2024-10-31,Closed,
PO002257,V00147,Finance,Professional Services,Indirect,52080.08,2025-06-14,2025-06-21,2025-07-06,2025-07-14,Closed,C00470
PO002258,V00116,R&D,Raw Materials,Direct,20832.33,2025-10-06,2025-10-13,2025-11-04,2025-11-11,Closed,C00560
PO002259,V00006,Engineering,Professional Services,Indirect,2166.88,2025-12-25,2025-12-27,2026-01-09,2026-01-18,Open,C00274
PO002260,V00293,R&D,Capital Equipment,Direct,148571.38,2025-08-20,2025-08-22,2025-10-04,2025-09-30,Closed,C00648
PO002261,V00368,Engineering,IT Services,Indirect,15339.97,2024-04-05,2024-04-17,2024-05-09,2024-05-15,Closed,C00366
PO002262,V00326,Legal,Facilities,Indirect,1711.56,2025-09-26,2025-10-04,2025-11-16,2025-11-16,Open,C00577
PO002263,V00048,IT,Facilities,Indirect,13304.33,2025-03-31,2025-04-12,2025-05-15,2025-05-22,Closed,C00654
PO002264,V00403,Legal,Logistics,Direct,30379.61,2024-05-18,2024-06-01,2024-07-10,2024-07-14,Open,C00567
PO002265,V00200,Facilities,Professional Services,Indirect,92808.54,2024-10-30,2024-11-11,2024-11-27,2024-12-02,Closed,C00376
PO002266,V00159,Facilities,IT Services,Indirect,5364.47,2025-11-05,2025-11-17,2025-12-28,2025-12-30,Cancelled,C00432
PO002267,V00235,Operations,MRO,Direct,3060.03,2025-05-24,2025-06-02,2025-07-11,2025-07-21,Closed,C00403
PO002268,V00154,Finance,Raw Materials,Direct,12889.62,2024-07-05,2024-07-14,2024-07-22,2024-07-21,Closed,C00226
PO002269,V00004,HR,Professional Services,Indirect,19870.33,2025-12-14,2025-12-24,2026-01-20,2026-01-29,Open,C00285
PO002270,V00417,Manufacturing,Raw Materials,Direct,2556.72,2025-03-23,2025-03-31,2025-04-27,2025-04-26,Cancelled,
PO002271,V00403,HR,Logistics,Direct,10541.22,2025-09-04,2025-09-09,2025-09-21,2025-09-19,Cancelled,C00567
PO002272,V00012,Facilities,IT Services,Indirect,65494.5,2024-11-28,2024-12-06,2025-01-02,2024-12-23,Open,C00089
PO002273,V00242,Facilities,Marketing,Indirect,5982.2,2024-07-03,2024-07-09,2024-07-30,2024-08-09,Closed,
PO002274,V00156,HR,Professional Services,Indirect,16766.56,2025-09-08,2025-09-10,2025-10-12,2025-10-15,Closed,
PO002275,V00142,IT,Raw Materials,Direct,22299.16,2025-11-13,2025-11-19,2025-12-28,2025-12-25,Open,C00341
PO002276,V00368,Operations,IT Services,Indirect,7710.73,2025-09-30,2025-10-11,2025-10-27,2025-10-27,Closed,C00366
PO002277,V00078,Manufacturing,Professional Services,Indirect,14703.94,2024-10-25,2024-11-07,2024-12-22,2024-12-25,Closed,C00085
PO002278,V00439,R&D,Professional Services,Indirect,89291.73,2024-10-03,2024-10-14,2024-10-24,2024-10-26,Cancelled,
PO002279,V00234,R&D,Marketing,Indirect,5965.72,2025-10-29,2025-11-07,2025-11-14,2025-11-10,Closed,C00548
PO002280,V00169,IT,Capital Equipment,Direct,314933.42,2024-08-11,2024-08-13,2024-09-11,2024-09-05,Closed,C00347
PO002281,V00141,Engineering,Professional Services,Indirect,2104.08,2024-11-24,2024-12-02,2024-12-26,2024-12-28,Cancelled,C00244
PO002282,V00077,Marketing,Marketing,Indirect,1749.93,2025-03-09,2025-03-21,2025-04-10,2025-04-11,Closed,C00044
PO002283,V00403,Finance,Logistics,Direct,16404.83,2024-03-10,2024-03-17,2024-04-21,2024-04-25,Open,C00567
PO002284,V00040,Manufacturing,Facilities,Indirect,9912.7,2024-12-28,2025-01-03,2025-01-23,2025-01-30,Closed,C00116
PO002285,V00169,Facilities,Capital Equipment,Direct,48863.85,2025-03-23,2025-03-30,2025-04-17,2025-04-27,Closed,C00346
PO002286,V00447,Legal,IT Services,Indirect,87033.82,2025-04-05,2025-04-13,2025-05-25,2025-05-22,Closed,C00663
PO002287,V00490,Sales,Marketing,Indirect,1988.07,2025-10-07,2025-10-19,2025-12-01,2025-11-23,Cancelled,
PO002288,V00403,Operations,Logistics,Direct,10008.31,2025-08-18,2025-08-23,2025-09-05,2025-09-09,Open,C00567
PO002289,V00025,Manufacturing,Logistics,Direct,7016.49,2025-04-15,2025-04-18,2025-05-28,2025-06-09,Open,
PO002290,V00362,R&D,MRO,Direct,473.17,2025-08-01,2025-08-09,2025-09-12,2025-09-26,Closed,C00003
PO002291,V00495,Legal,Marketing,Indirect,2924.08,2025-04-29,2025-05-10,2025-05-30,2025-06-04,Closed,C00108
PO002292,V00019,Marketing,Professional Services,Indirect,58285.82,2024-02-15,2024-02-28,2024-04-11,2024-04-12,Closed,C00104
PO002293,V00368,Engineering,IT Services,Indirect,8990.21,2024-12-04,2024-12-16,2025-01-07,2025-01-07,Closed,C00366
PO002294,V00074,IT,IT Services,Indirect,9718.32,2024-12-31,2025-01-02,2025-01-30,2025-01-22,Closed,C00004
PO002295,V00325,IT,Raw Materials,Direct,4558.95,2024-04-08,2024-04-22,2024-05-15,2024-05-15,Open,C00173
PO002296,V00257,Manufacturing,Raw Materials,Direct,6133.05,2025-12-06,2025-12-11,2025-12-24,2026-01-03,Closed,C00634
PO002297,V00239,Facilities,Professional Services,Indirect,16987.43,2025-08-21,2025-08-29,2025-09-18,2025-09-20,Closed,C00123
PO002298,V00472,IT,Professional Services,Indirect,21337.25,2025-11-28,2025-12-12,2026-01-25,2026-01-26,Open,C00304
PO002299,V00323,Sales,Marketing,Indirect,4917.9,2025-07-28,2025-07-30,2025-09-01,2025-09-06,Closed,C00192
PO002300,V00368,R&D,IT Services,Indirect,25217.17,2024-10-10,2024-10-14,2024-11-03,2024-10-26,Open,C00365
PO002301,V00403,Facilities,Logistics,Direct,5984.31,2025-02-02,2025-02-13,2025-02-26,2025-03-03,Closed,C00567
PO002302,V00452,Facilities,Travel,Indirect,1198.8,2024-11-18,2024-11-23,2024-12-07,2024-12-11,Closed,C00117
PO002303,V00196,Legal,MRO,Direct,3009.14,2025-10-11,2025-10-16,2025-11-15,2025-11-11,Open,
PO002304,V00287,Operations,Professional Services,Indirect,43731.33,2025-11-02,2025-11-04,2025-12-10,2025-12-17,Closed,C00417
PO002305,V00010,Facilities,Logistics,Direct,17025.55,2025-01-03,2025-01-13,2025-02-06,2025-02-10,Closed,C00020
PO002306,V00017,Marketing,Raw Materials,Direct,16255.38,2025-08-04,2025-08-11,2025-08-27,2025-08-27,Closed,C00281
PO002307,V00071,Legal,Marketing,Indirect,10340.58,2025-08-18,2025-08-26,2025-09-27,2025-09-23,Open,C00070
PO002308,V00348,IT,Professional Services,Indirect,47657.5,2025-04-17,2025-04-29,2025-06-08,2025-06-12,Closed,C00178
PO002309,V00368,Engineering,IT Services,Indirect,9688.84,2025-03-30,2025-04-03,2025-05-02,2025-05-03,Open,C00365
PO002310,V00362,Legal,MRO,Direct,3596.93,2025-01-01,2025-01-15,2025-02-10,2025-02-10,Closed,
PO002311,V00032,Legal,Logistics,Direct,5769.16,2024-04-08,2024-04-16,2024-04-27,2024-04-30,Cancelled,C00238
PO002312,V00282,Engineering,Professional Services,Indirect,31241.95,2024-12-11,2024-12-22,2025-01-01,2024-12-31,Cancelled,C00211
PO002313,V00299,IT,Logistics,Direct,3786.71,2025-05-20,2025-05-27,2025-06-04,2025-06-07,Closed,C00502
PO002314,V00357,HR,Travel,Indirect,2736.73,2024-06-16,2024-06-29,2024-08-12,2024-08-17,Cancelled,C00041
PO002315,V00196,Operations,MRO,Direct,2716.24,2025-10-06,2025-10-13,2025-11-26,2025-11-28,Closed,
PO002316,V00184,Facilities,Marketing,Indirect,621.95,2025-10-29,2025-11-03,2025-11-20,2025-11-18,Closed,
PO002317,V00387,Marketing,IT Services,Indirect,10391.36,2025-07-12,2025-07-21,2025-09-02,2025-09-07,Open,
PO002318,V00322,HR,IT Services,Indirect,27754.84,2025-10-06,2025-10-11,2025-11-04,2025-11-06,Closed,C00157
PO002319,V00424,IT,Professional Services,Indirect,47794.67,2024-05-08,2024-05-10,2024-06-19,2024-06-16,Closed,C00206
PO002320,V00093,R&D,MRO,Direct,1648.19,2024-09-26,2024-10-03,2024-11-07,2024-11-08,Closed,C00363
PO002321,V00291,Facilities,Travel,Indirect,2497.63,2025-08-09,2025-08-21,2025-10-04,2025-10-04,Closed,C00135
PO002322,V00077,Marketing,Marketing,Indirect,6841.08,2024-08-15,2024-08-29,2024-10-06,2024-10-09,Cancelled,C00044
PO002323,V00049,Facilities,Professional Services,Indirect,17205.28,2025-01-13,2025-01-22,2025-02-13,2025-02-13,Closed,
PO002324,V00006,Engineering,Professional Services,Indirect,51121.47,2025-06-11,2025-06-18,2025-06-25,2025-07-06,Closed,C00274
PO002325,V00378,Marketing,Raw Materials,Direct,2640.4,2025-07-17,2025-07-24,2025-08-30,2025-08-30,Closed,C00012
PO002326,V00109,IT,Travel,Indirect,701.15,2025-10-04,2025-10-12,2025-11-14,2025-11-23,Closed,C00311
PO002327,V00403,Operations,Logistics,Direct,3749.12,2025-03-01,2025-03-10,2025-03-20,2025-03-19,Closed,C00567
PO002328,V00368,Marketing,IT Services,Indirect,5854.38,2025-10-23,2025-11-06,2025-12-02,2025-11-29,Closed,C00366
PO002329,V00490,Finance,Marketing,Indirect,3808.53,2025-02-13,2025-02-20,2025-03-01,2025-03-01,Closed,C00319
PO002330,V00169,IT,Capital Equipment,Direct,41808.23,2024-04-16,2024-04-26,2024-06-03,2024-06-09,Closed,C00346
PO002331,V00007,Manufacturing,Professional Services,Indirect,4753.96,2024-02-09,2024-02-20,2024-03-01,2024-03-05,Closed,C00426
PO002332,V00368,HR,IT Services,Indirect,31008.35,2025-08-11,2025-08-19,2025-08-26,2025-08-31,Closed,C00366
PO002333,V00368,HR,IT Services,Indirect,6763.91,2025-12-11,2025-12-24,2026-01-21,2026-02-03,Cancelled,C00365
PO002334,V00054,Engineering,Professional Services,Indirect,12127.49,2025-08-17,2025-08-30,2025-09-07,2025-09-13,Closed,
PO002335,V00116,HR,Raw Materials,Direct,7127.41,2025-03-23,2025-03-27,2025-04-26,2025-05-02,Closed,C00560
PO002336,V00181,Finance,MRO,Direct,19941.27,2024-08-26,2024-09-01,2024-10-06,2024-10-12,Closed,C00161
PO002337,V00180,Operations,Marketing,Indirect,3538.27,2025-04-06,2025-04-19,2025-05-18,2025-05-14,Closed,C00536
PO002338,V00356,Operations,Capital Equipment,Direct,111484.85,2024-03-14,2024-03-18,2024-03-30,2024-03-30,Closed,C00528
PO002339,V00007,Facilities,Professional Services,Indirect,26908.38,2025-08-24,2025-08-30,2025-10-14,2025-10-15,Closed,C00427
PO002340,V00465,Sales,Raw Materials,Direct,8788.47,2024-12-27,2025-01-02,2025-02-04,2025-02-08,Closed,
PO002341,V00169,Legal,Capital Equipment,Direct,66611.82,2024-09-29,2024-10-01,2024-11-02,2024-11-10,Closed,C00347
PO002342,V00295,Facilities,Marketing,Indirect,654.95,2024-03-06,2024-03-15,2024-04-07,2024-04-19,Closed,C00531
PO002343,V00392,Marketing,Raw Materials,Direct,3855.54,2024-05-26,2024-06-02,2024-06-26,2024-07-10,Closed,C00124
PO002344,V00408,Facilities,Professional Services,Indirect,16232.24,2024-11-01,2024-11-15,2024-11-27,2024-11-27,Closed,C00492
PO002345,V00203,IT,Raw Materials,Direct,31966.94,2025-04-19,2025-04-26,2025-05-31,2025-06-01,Closed,
PO002346,V00137,Sales,MRO,Direct,36647.1,2025-10-30,2025-11-04,2025-12-15,2025-12-15,Closed,C00554
PO002347,V00061,Engineering,Raw Materials,Direct,45038.87,2024-12-11,2024-12-24,2025-01-13,2025-01-07,Cancelled,
PO002348,V00207,HR,Raw Materials,Direct,11198.17,2024-11-05,2024-11-06,2024-12-12,2024-12-13,Closed,C00627
PO002349,V00281,HR,Marketing,Indirect,9397.16,2024-05-02,2024-05-16,2024-05-30,2024-05-27,Closed,C00040
PO002350,V00368,Legal,IT Services,Indirect,48736.23,2025-04-17,2025-04-24,2025-05-22,2025-05-20,Closed,C00366
PO002351,V00052,Sales,Raw Materials,Direct,15238.67,2025-08-01,2025-08-10,2025-09-07,2025-09-06,Closed,
PO002352,V00494,Engineering,Office Supplies,Indirect,1555.43,2024-09-02,2024-09-09,2024-10-19,2024-10-18,Cancelled,C00350
PO002353,V00093,Engineering,MRO,Direct,1785.95,2025-09-17,2025-09-20,2025-10-23,2025-10-24,Closed,
PO002354,V00052,Marketing,Raw Materials,Direct,4306.87,2025-09-20,2025-09-28,2025-11-02,2025-10-31,Cancelled,
PO002355,V00038,HR,Raw Materials,Direct,9239.43,2024-03-16,2024-03-19,2024-04-19,2024-04-17,Closed,C00315
PO002356,V00465,Manufacturing,Raw Materials,Direct,34294.97,2024-12-02,2024-12-03,2025-01-07,2025-01-09,Open,C00210
PO002357,V00373,Operations,Office Supplies,Indirect,2034.17,2024-03-09,2024-03-22,2024-03-31,2024-03-30,Closed,
PO002358,V00357,Facilities,Travel,Indirect,10123.88,2025-03-06,2025-03-07,2025-03-23,2025-03-28,Closed,C00041
PO002359,V00154,IT,Raw Materials,Direct,5117.11,2025-10-13,2025-10-27,2025-11-27,2025-12-03,Closed,C00224
PO002360,V00158,IT,Travel,Indirect,14256.45,2025-09-17,2025-09-21,2025-10-19,2025-10-14,Closed,C00316
PO002361,V00193,HR,Capital Equipment,Direct,40727.2,2025-06-26,2025-07-08,2025-07-18,2025-07-17,Closed,C00248
PO002362,V00104,Finance,Professional Services,Indirect,12625.72,2024-07-28,2024-08-10,2024-09-07,2024-09-11,Closed,C00449
PO002363,V00315,Legal,IT Services,Indirect,61963.42,2024-12-31,2025-01-06,2025-02-01,2025-01-31,Cancelled,C00457
PO002364,V00324,Engineering,Raw Materials,Direct,31278.94,2024-06-04,2024-06-10,2024-07-08,2024-07-18,Open,C00111
PO002365,V00476,Marketing,Raw Materials,Direct,32074.53,2024-06-02,2024-06-13,2024-07-01,2024-07-03,Closed,C00055
PO002366,V00079,Manufacturing,MRO,Direct,2675.83,2025-01-14,2025-01-16,2025-02-12,2025-02-16,Closed,C00107
PO002367,V00452,IT,Travel,Indirect,4984.45,2024-09-08,2024-09-18,2024-10-28,2024-11-05,Open,C00118
PO002368,V00232,R&D,IT Services,Indirect,4497.95,2024-03-24,2024-04-06,2024-05-02,2024-05-08,Closed,
PO002369,V00234,Manufacturing,Marketing,Indirect,1077.54,2025-12-14,2025-12-19,2026-01-14,2026-01-24,Closed,C00548
PO002370,V00441,IT,IT Services,Indirect,20461.59,2025-06-29,2025-07-01,2025-07-10,2025-07-11,Closed,C00060
PO002371,V00118,HR,Raw Materials,Direct,23769.81,2025-01-10,2025-01-22,2025-01-29,2025-01-29,Closed,C00215
PO002372,V00183,HR,Capital Equipment,Direct,22304.0,2025-04-06,2025-04-16,2025-05-01,2025-05-06,Closed,
PO002373,V00403,Engineering,Logistics,Direct,20344.02,2025-10-29,2025-11-11,2025-11-24,2025-11-22,Closed,C00566
PO002374,V00066,Facilities,Professional Services,Indirect,8695.88,2025-02-16,2025-03-02,2025-04-03,2025-04-12,Closed,C00584
PO002375,V00411,HR,Raw Materials,Direct,14607.64,2025-12-06,2025-12-07,2026-01-19,2026-01-19,Cancelled,C00098
PO002376,V00214,Sales,Raw Materials,Direct,14592.5,2025-08-04,2025-08-13,2025-08-20,2025-08-22,Closed,
PO002377,V00114,Finance,Marketing,Indirect,797.62,2024-02-26,2024-03-05,2024-03-16,2024-03-08,Closed,C00239
PO002378,V00403,HR,Logistics,Direct,16735.3,2023-12-31,2024-01-12,2024-01-25,2024-01-18,Closed,C00567
PO002379,V00308,Sales,Raw Materials,Direct,216027.24,2025-01-24,2025-02-03,2025-02-18,2025-02-10,Closed,
PO002380,V00323,Manufacturing,Marketing,Indirect,2255.58,2024-01-27,2024-02-08,2024-02-24,2024-02-24,Cancelled,
PO002381,V00417,Engineering,Raw Materials,Direct,11460.98,2024-11-15,2024-11-25,2024-12-23,2024-12-23,Closed,C00469
PO002382,V00042,Operations,Raw Materials,Direct,28118.43,2024-08-30,2024-09-12,2024-09-26,2024-10-02,Closed,C00621
PO002383,V00096,Legal,Marketing,Indirect,4353.59,2025-08-19,2025-09-01,2025-10-07,2025-10-10,Closed,
PO002384,V00057,Finance,Facilities,Indirect,1361.5,2025-11-05,2025-11-10,2025-12-22,2026-01-06,Open,C00195
PO002385,V00071,Legal,Marketing,Indirect,6519.55,2025-04-21,2025-05-03,2025-05-14,2025-05-10,Closed,C00070
PO002386,V00403,Sales,Logistics,Direct,13471.65,2024-06-18,2024-06-26,2024-07-13,2024-07-21,Cancelled,C00567
PO002387,V00372,IT,Professional Services,Indirect,9949.83,2025-11-18,2025-11-28,2026-01-03,2025-12-31,Closed,C00028
PO002388,V00368,Marketing,IT Services,Indirect,26550.42,2024-10-24,2024-10-28,2024-12-07,2024-12-04,Cancelled,C00366
PO002389,V00374,Manufacturing,Logistics,Direct,12277.89,2024-04-19,2024-04-30,2024-05-25,2024-05-28,Closed,C00325
PO002390,V00118,Marketing,Raw Materials,Direct,4525.57,2024-10-18,2024-10-19,2024-12-03,2024-12-13,Closed,C00215
PO002391,V00383,Sales,Logistics,Direct,13433.41,2025-03-10,2025-03-13,2025-04-12,2025-04-16,Closed,C00405
PO002392,V00397,Engineering,IT Services,Indirect,4477.05,2025-08-20,2025-09-03,2025-09-13,2025-09-17,Cancelled,C00532
PO002393,V00403,Manufacturing,Logistics,Direct,5085.84,2024-09-29,2024-10-06,2024-11-01,2024-11-01,Cancelled,C00566
PO002394,V00173,HR,Professional Services,Indirect,19740.76,2023-12-23,2024-01-01,2024-01-25,2024-01-23,Closed,C00155
PO002395,V00403,IT,Logistics,Direct,16261.25,2025-10-12,2025-10-15,2025-11-01,2025-10-31,Closed,C00567
PO002396,V00358,Facilities,Logistics,Direct,17127.61,2024-12-03,2024-12-16,2024-12-28,2024-12-27,Cancelled,C00284
PO002397,V00163,Legal,Professional Services,Indirect,27439.78,2025-06-27,2025-06-30,2025-07-26,2025-07-25,Closed,
PO002398,V00083,Marketing,MRO,Direct,14554.27,2025-03-10,2025-03-20,2025-03-28,2025-03-26,Closed,
PO002399,V00196,Facilities,MRO,Direct,6361.33,2025-06-19,2025-07-03,2025-07-29,2025-08-04,Closed,
PO002400,V00220,Sales,Raw Materials,Direct,20363.52,2024-04-27,2024-05-09,2024-06-03,2024-05-30,Closed,C00515
PO002401,V00179,Marketing,Professional Services,Indirect,4557.15,2024-10-12,2024-10-24,2024-11-27,2024-11-24,Closed,C00619
PO002402,V00311,Finance,Professional Services,Indirect,9875.57,2025-03-20,2025-03-31,2025-05-13,2025-05-22,Closed,C00390
PO002403,V00172,HR,IT Services,Indirect,16134.01,2024-11-23,2024-11-26,2025-01-04,2025-01-07,Closed,C00645
PO002404,V00403,HR,Logistics,Direct,4566.28,2024-07-25,2024-07-29,2024-08-06,2024-08-09,Cancelled,C00566
PO002405,V00353,HR,Professional Services,Indirect,41313.62,2024-08-29,2024-09-02,2024-10-06,2024-09-26,Closed,C00127
PO002406,V00281,Manufacturing,Marketing,Indirect,6276.75,2025-04-17,2025-04-21,2025-05-27,2025-05-31,Closed,C00040
PO002407,V00286,HR,Professional Services,Indirect,100076.7,2024-06-01,2024-06-05,2024-06-20,2024-06-25,Closed,
PO002408,V00114,Sales,Marketing,Indirect,2971.98,2025-05-17,2025-05-18,2025-07-01,2025-06-26,Cancelled,C00239
PO002409,V00255,Engineering,Professional Services,Indirect,45097.16,2025-09-11,2025-09-22,2025-10-18,2025-10-13,Cancelled,
PO002410,V00225,Operations,Professional Services,Indirect,22447.81,2024-05-29,2024-06-12,2024-06-24,2024-06-27,Closed,
PO002411,V00007,Engineering,Professional Services,Indirect,5851.91,2023-12-20,2024-01-03,2024-02-01,2024-02-03,Cancelled,C00425
PO002412,V00066,IT,Professional Services,Indirect,5619.77,2025-12-20,2025-12-30,2026-02-05,2026-02-12,Closed,C00584
PO002413,V00283,HR,Logistics,Direct,27846.09,2024-06-23,2024-06-26,2024-08-04,2024-07-27,Closed,C00628
PO002414,V00368,Finance,IT Services,Indirect,14631.4,2024-01-31,2024-02-14,2024-02-25,2024-02-29,Open,C00365
PO002415,V00292,Facilities,Capital Equipment,Direct,14282.84,2025-04-23,2025-05-01,2025-06-04,2025-06-08,Cancelled,C00527
PO002416,V00272,Finance,Professional Services,Indirect,23418.98,2025-08-02,2025-08-13,2025-09-15,2025-09-16,Closed,C00242
PO002417,V00454,Operations,Raw Materials,Direct,6184.34,2024-10-05,2024-10-14,2024-10-23,2024-10-23,Open,C00310
PO002418,V00063,Operations,Raw Materials,Direct,4871.22,2024-10-02,2024-10-14,2024-10-27,2024-10-31,Cancelled,
PO002419,V00140,Legal,MRO,Direct,2301.44,2024-08-16,2024-08-18,2024-09-28,2024-09-18,Closed,
PO002420,V00368,Marketing,IT Services,Indirect,67981.02,2025-08-02,2025-08-14,2025-09-24,2025-10-04,Open,C00366
PO002421,V00470,Facilities,IT Services,Indirect,70723.71,2024-12-10,2024-12-21,2025-02-03,2025-02-04,Closed,C00461
PO002422,V00062,R&D,Office Supplies,Indirect,3055.65,2025-07-16,2025-07-17,2025-08-23,2025-08-27,Cancelled,C00651
PO002423,V00362,Manufacturing,MRO,Direct,625.9,2024-11-26,2024-12-04,2024-12-20,2024-12-17,Closed,C00003
PO002424,V00233,HR,Raw Materials,Direct,3510.27,2025-07-15,2025-07-24,2025-08-14,2025-08-18,Closed,C00558
PO002425,V00393,Sales,Professional Services,Indirect,105957.46,2025-09-19,2025-09-21,2025-10-14,2025-10-12,Closed,C00472
PO002426,V00222,R&D,Professional Services,Indirect,94372.22,2025-01-05,2025-01-13,2025-02-05,2025-02-04,Closed,
PO002427,V00168,Marketing,Facilities,Indirect,4335.37,2024-05-21,2024-06-03,2024-07-11,2024-07-15,Cancelled,C00460
PO002428,V00368,Finance,IT Services,Indirect,57417.01,2024-11-23,2024-11-27,2024-12-23,2024-12-28,Closed,C00366
PO002429,V00211,R&D,MRO,Direct,3877.0,2024-06-16,2024-06-19,2024-06-27,2024-06-23,Open,
PO002430,V00368,R&D,IT Services,Indirect,5193.84,2025-10-27,2025-11-08,2025-12-15,2025-12-24,Closed,C00366
PO002431,V00043,Facilities,Professional Services,Indirect,25678.87,2025-10-06,2025-10-16,2025-11-02,2025-11-05,Cancelled,C00216
PO002432,V00176,Finance,IT Services,Indirect,19877.0,2025-02-06,2025-02-09,2025-03-11,2025-03-16,Cancelled,C00324
PO002433,V00284,HR,Professional Services,Indirect,3847.21,2025-05-18,2025-05-19,2025-06-27,2025-07-02,Cancelled,
PO002434,V00342,Facilities,MRO,Direct,4754.74,2024-11-12,2024-11-19,2024-12-25,2024-12-25,Closed,C00131
PO002435,V00491,Manufacturing,Raw Materials,Direct,5855.79,2025-04-03,2025-04-07,2025-05-17,2025-05-10,Closed,C00037
PO002436,V00010,Engineering,Logistics,Direct,64804.56,2025-03-27,2025-04-06,2025-05-02,2025-04-28,Closed,
PO002437,V00287,Engineering,Professional Services,Indirect,10988.87,2024-04-09,2024-04-15,2024-05-09,2024-05-02,Closed,C00417
PO002438,V00173,R&D,Professional Services,Indirect,33534.7,2024-05-14,2024-05-17,2024-06-02,2024-06-06,Closed,C00155
PO002439,V00116,HR,Raw Materials,Direct,27220.83,2025-03-05,2025-03-08,2025-03-29,2025-04-01,Cancelled,C00560
PO002440,V00105,HR,Professional Services,Indirect,3650.22,2025-10-29,2025-11-04,2025-11-16,2025-11-05,Closed,C00010
PO002441,V00259,Engineering,Raw Materials,Direct,2452.65,2025-07-08,2025-07-21,2025-08-29,2025-09-02,Cancelled,C00557
PO002442,V00480,Operations,IT Services,Indirect,20050.99,2024-11-25,2024-11-28,2024-12-18,2024-12-18,Closed,
PO002443,V00136,R&D,Raw Materials,Direct,63412.0,2025-08-23,2025-09-02,2025-10-14,2025-10-15,Closed,
PO002444,V00368,Operations,IT Services,Indirect,66197.07,2024-11-21,2024-11-26,2024-12-22,2024-12-22,Closed,C00366
PO002445,V00368,Finance,IT Services,Indirect,26355.97,2025-11-03,2025-11-07,2025-12-13,2025-12-14,Closed,C00365
PO002446,V00263,HR,IT Services,Indirect,19484.78,2024-11-26,2024-11-28,2025-01-08,2025-01-09,Closed,
PO002447,V00008,Facilities,IT Services,Indirect,95303.67,2025-03-24,2025-04-04,2025-05-17,2025-05-17,Closed,C00308
PO002448,V00145,Engineering,Professional Services,Indirect,5323.26,2024-10-14,2024-10-28,2024-11-10,2024-11-14,Open,C00328
PO002449,V00440,Legal,Marketing,Indirect,8504.13,2025-12-20,2025-12-31,2026-02-14,2026-02-06,Closed,
PO002450,V00210,Sales,Professional Services,Indirect,144810.74,2024-10-09,2024-10-10,2024-10-31,2024-11-01,Closed,C00071
PO002451,V00121,IT,Professional Services,Indirect,6032.9,2025-02-23,2025-02-28,2025-03-07,2025-03-17,Cancelled,C00562
PO002452,V00385,Operations,Professional Services,Indirect,27962.48,2025-04-20,2025-05-04,2025-06-17,2025-06-17,Open,C00076
PO002453,V00255,Sales,Professional Services,Indirect,20632.03,2025-01-19,2025-01-24,2025-02-03,2025-02-06,Open,
PO002454,V00169,Sales,Capital Equipment,Direct,20941.18,2024-07-13,2024-07-17,2024-07-28,2024-07-30,Closed,
PO002455,V00368,HR,IT Services,Indirect,2860.49,2025-02-17,2025-02-25,2025-03-24,2025-03-22,Closed,C00365
PO002456,V00011,Finance,Raw Materials,Direct,44499.09,2025-03-25,2025-04-08,2025-05-13,2025-05-15,Closed,C00445
PO002457,V00094,Legal,Logistics,Direct,17208.55,2025-09-04,2025-09-08,2025-10-23,2025-10-21,Closed,
PO002458,V00249,Legal,Professional Services,Indirect,23788.69,2025-09-09,2025-09-10,2025-10-11,2025-10-11,Closed,C00358
PO002459,V00117,Sales,IT Services,Indirect,33853.31,2024-08-05,2024-08-12,2024-09-03,2024-09-03,Closed,C00277
PO002460,V00184,Operations,Marketing,Indirect,1810.34,2025-06-06,2025-06-11,2025-07-14,2025-07-19,Open,
PO002461,V00368,IT,IT Services,Indirect,25950.77,2025-01-06,2025-01-15,2025-02-16,2025-02-12,Closed,C00366
PO002462,V00478,R&D,Professional Services,Indirect,72324.26,2024-08-07,2024-08-17,2024-09-10,2024-09-11,Closed,
PO002463,V00307,Sales,Raw Materials,Direct,2497.05,2024-06-03,2024-06-04,2024-06-14,2024-06-17,Cancelled,
PO002464,V00118,Sales,Raw Materials,Direct,6975.31,2025-07-18,2025-07-31,2025-08-21,2025-08-25,Closed,
PO002465,V00226,Finance,Professional Services,Indirect,29448.23,2024-11-22,2024-11-30,2025-01-09,2025-01-10,Closed,C00399
PO002466,V00057,Operations,Facilities,Indirect,1950.72,2024-10-26,2024-10-27,2024-11-20,2024-11-16,Closed,C00195
PO002467,V00368,Operations,IT Services,Indirect,2310.98,2024-11-03,2024-11-11,2024-12-05,2024-12-07,Closed,C00366
PO002468,V00043,Facilities,Professional Services,Indirect,3317.13,2024-10-17,2024-10-23,2024-11-09,2024-11-16,Closed,C00217
PO002469,V00433,Sales,Office Supplies,Indirect,5594.16,2025-04-04,2025-04-08,2025-04-15,2025-04-18,Cancelled,C00540
PO002470,V00342,Finance,MRO,Direct,648.53,2024-08-07,2024-08-13,2024-09-02,2024-09-12,Open,C00131
PO002471,V00039,Legal,MRO,Direct,10711.51,2024-04-05,2024-04-15,2024-05-11,2024-05-11,Open,C00453
PO002472,V00115,Manufacturing,Logistics,Direct,11824.25,2024-11-23,2024-12-07,2025-01-16,2025-01-16,Closed,C00323
PO002473,V00439,Facilities,Professional Services,Indirect,119237.62,2024-11-13,2024-11-22,2024-12-28,2024-12-23,Closed,C00182
PO002474,V00134,Operations,Professional Services,Indirect,6835.37,2024-03-25,2024-04-07,2024-05-14,2024-05-16,Cancelled,C00579
PO002475,V00408,Engineering,Professional Services,Indirect,31593.33,2025-07-21,2025-08-04,2025-08-25,2025-08-26,Open,C00492
PO002476,V00042,Manufacturing,Raw Materials,Direct,17776.75,2024-06-10,2024-06-11,2024-07-13,2024-07-28,Open,
PO002477,V00038,Legal,Raw Materials,Direct,5927.03,2024-10-06,2024-10-13,2024-11-02,2024-11-10,Open,C00315
PO002478,V00259,Legal,Raw Materials,Direct,35827.67,2025-05-15,2025-05-21,2025-06-28,2025-06-25,Closed,C00557
PO002479,V00169,Legal,Capital Equipment,Direct,54856.8,2025-09-27,2025-10-04,2025-11-17,2025-11-19,Cancelled,C00347
PO002480,V00286,Manufacturing,Professional Services,Indirect,13088.27,2023-12-22,2024-01-01,2024-01-19,2024-01-18,Closed,
PO002481,V00387,Engineering,IT Services,Indirect,10977.12,2024-02-24,2024-02-25,2024-03-08,2024-03-15,Open,C00508
PO002482,V00309,Marketing,Raw Materials,Direct,34741.83,2024-02-25,2024-03-09,2024-04-01,2024-03-31,Cancelled,
PO002483,V00434,Facilities,MRO,Direct,10948.08,2025-02-07,2025-02-08,2025-03-22,2025-03-30,Closed,C00188
PO002484,V00403,IT,Logistics,Direct,24174.97,2024-11-07,2024-11-20,2025-01-01,2025-01-01,Cancelled,C00566
PO002485,V00203,IT,Raw Materials,Direct,17062.67,2025-01-13,2025-01-22,2025-02-05,2025-02-13,Closed,C00499
PO002486,V00169,Sales,Capital Equipment,Direct,10533.65,2024-10-31,2024-11-12,2024-12-15,2024-12-15,Closed,C00347
PO002487,V00254,Operations,IT Services,Indirect,43461.91,2025-03-01,2025-03-14,2025-03-26,2025-03-30,Closed,C00263
PO002488,V00449,Finance,Office Supplies,Indirect,8323.79,2025-09-09,2025-09-21,2025-10-12,2025-10-18,Open,
PO002489,V00459,Marketing,IT Services,Indirect,62892.99,2025-09-16,2025-09-20,2025-10-24,2025-10-25,Closed,
PO002490,V00419,Facilities,Professional Services,Indirect,66824.61,2025-11-13,2025-11-14,2025-12-06,2025-11-30,Closed,C00514
PO002491,V00440,Facilities,Marketing,Indirect,3501.37,2024-03-31,2024-04-06,2024-04-21,2024-05-01,Open,
PO002492,V00221,Facilities,Raw Materials,Direct,21412.19,2024-11-26,2024-12-06,2024-12-28,2024-12-28,Closed,C00218
PO002493,V00363,Legal,Professional Services,Indirect,114466.18,2024-03-03,2024-03-06,2024-04-08,2024-04-08,Open,C00172
PO002494,V00478,Facilities,Professional Services,Indirect,33792.56,2024-04-18,2024-04-30,2024-06-03,2024-06-06,Open,
PO002495,V00082,Marketing,MRO,Direct,2335.47,2024-10-21,2024-11-03,2024-11-24,2024-11-25,Closed,C00452
PO002496,V00405,Engineering,Raw Materials,Direct,11219.57,2025-05-14,2025-05-16,2025-06-13,2025-06-09,Closed,C00335
PO002497,V00007,Facilities,Professional Services,Indirect,7615.06,2024-10-18,2024-10-30,2024-11-16,2024-11-23,Open,C00427
PO002498,V00161,Legal,Raw Materials,Direct,14321.98,2024-08-20,2024-08-23,2024-08-31,2024-08-22,Open,
PO002499,V00037,Marketing,Professional Services,Indirect,20716.23,2025-01-30,2025-02-06,2025-02-14,2025-02-06,Closed,C00409
PO002500,V00489,R&D,IT Services,Indirect,7149.07,2025-01-14,2025-01-20,2025-02-18,2025-02-19,Closed,
PO002501,V00052,Sales,Raw Materials,Direct,25799.19,2025-07-17,2025-07-30,2025-09-11,2025-09-07,Closed,
PO002502,V00096,Sales,Marketing,Indirect,5389.67,2025-05-08,2025-05-19,2025-06-04,2025-06-09,Closed,
PO002503,V00013,Facilities,Raw Materials,Direct,12491.42,2025-09-05,2025-09-13,2025-09-20,2025-09-24,Closed,
PO002504,V00166,Manufacturing,Raw Materials,Direct,26393.29,2025-09-26,2025-09-28,2025-10-11,2025-10-15,Closed,C00373
PO002505,V00048,Finance,Facilities,Indirect,2347.3,2025-03-17,2025-03-26,2025-04-04,2025-04-02,Closed,C00654
PO002506,V00111,Engineering,Facilities,Indirect,2636.93,2025-03-20,2025-03-31,2025-04-23,2025-04-22,Cancelled,C00293
PO002507,V00465,R&D,Raw Materials,Direct,12744.93,2024-11-05,2024-11-06,2024-12-13,2024-12-12,Open,C00210
PO002508,V00127,IT,Raw Materials,Direct,6784.21,2024-04-08,2024-04-14,2024-05-09,2024-05-08,Closed,
PO002509,V00368,Engineering,IT Services,Indirect,13004.38,2024-11-15,2024-11-18,2024-12-29,2024-12-25,Closed,C00366
PO002510,V00096,Operations,Marketing,Indirect,3077.76,2024-07-10,2024-07-23,2024-08-12,2024-08-12,Closed,C00611
PO002511,V00134,Manufacturing,Professional Services,Indirect,33899.98,2024-05-02,2024-05-03,2024-06-02,2024-06-04,Cancelled,C00578
PO002512,V00333,Operations,IT Services,Indirect,1623.16,2024-10-02,2024-10-05,2024-10-25,2024-10-21,Open,C00193
PO002513,V00340,Marketing,IT Services,Indirect,9192.01,2025-02-10,2025-02-11,2025-02-27,2025-03-02,Open,
PO002514,V00290,Engineering,Raw Materials,Direct,41060.68,2025-04-01,2025-04-05,2025-05-11,2025-05-12,Closed,C00522
PO002515,V00486,Operations,IT Services,Indirect,31434.11,2025-11-17,2025-12-01,2026-01-03,2025-12-28,Open,C00079
PO002516,V00278,Marketing,Professional Services,Indirect,6620.86,2024-09-19,2024-09-27,2024-10-23,2024-10-17,Closed,C00134
PO002517,V00368,Engineering,IT Services,Indirect,4004.64,2025-12-06,2025-12-13,2026-01-14,2026-01-16,Closed,C00365
PO002518,V00125,Engineering,Raw Materials,Direct,15683.63,2025-10-09,2025-10-11,2025-11-08,2025-11-11,Open,C00015
PO002519,V00360,Marketing,IT Services,Indirect,9389.04,2024-06-20,2024-06-23,2024-08-02,2024-08-03,Closed,
PO002520,V00254,Operations,IT Services,Indirect,46710.72,2025-11-11,2025-11-21,2025-12-24,2025-12-23,Closed,
PO002521,V00357,Marketing,Travel,Indirect,10476.06,2024-02-26,2024-03-11,2024-03-28,2024-03-19,Open,
PO002522,V00372,IT,Professional Services,Indirect,37105.72,2025-11-12,2025-11-18,2025-12-27,2026-01-01,Cancelled,C00027
PO002523,V00488,Sales,IT Services,Indirect,3345.25,2025-12-12,2025-12-24,2026-01-19,2026-01-16,Closed,C00541
PO002524,V00068,HR,Professional Services,Indirect,19398.22,2024-08-20,2024-09-02,2024-09-15,2024-09-24,Closed,
PO002525,V00148,Manufacturing,Facilities,Indirect,8889.02,2025-10-19,2025-10-27,2025-12-01,2025-11-29,Open,C00473
PO002526,V00199,Manufacturing,Raw Materials,Direct,9103.62,2025-12-05,2025-12-09,2025-12-17,2025-12-18,Closed,C00466
PO002527,V00158,R&D,Travel,Indirect,1224.37,2025-10-17,2025-10-19,2025-11-29,2025-11-29,Closed,C00318
PO002528,V00379,Finance,Marketing,Indirect,861.83,2025-09-23,2025-09-29,2025-10-27,2025-11-03,Cancelled,C00617
PO002529,V00235,Facilities,MRO,Direct,2242.87,2024-03-01,2024-03-11,2024-04-13,2024-04-13,Closed,C00403
PO002530,V00450,Legal,Raw Materials,Direct,19939.63,2024-01-28,2024-02-07,2024-03-20,2024-03-26,Closed,C00443
PO002531,V00196,HR,MRO,Direct,729.27,2024-06-03,2024-06-09,2024-06-22,2024-06-15,Closed,
PO002532,V00439,R&D,Professional Services,Indirect,7873.76,2024-05-16,2024-05-17,2024-05-30,2024-06-01,Cancelled,C00182
PO002533,V00099,Manufacturing,Logistics,Direct,33232.49,2025-10-19,2025-10-20,2025-10-27,2025-10-24,Cancelled,C00647
PO002534,V00387,Sales,IT Services,Indirect,7788.06,2025-07-18,2025-07-19,2025-08-26,2025-08-29,Closed,C00507
PO002535,V00128,Operations,Capital Equipment,Direct,145473.3,2024-10-08,2024-10-16,2024-10-29,2024-11-02,Closed,C00570
PO002536,V00120,Marketing,Facilities,Indirect,4744.44,2024-10-30,2024-11-08,2024-12-16,2024-12-18,Open,C00387
PO002537,V00023,Facilities,Capital Equipment,Direct,41307.24,2025-10-22,2025-10-31,2025-12-09,2025-12-08,Closed,
PO002538,V00403,R&D,Logistics,Direct,9078.0,2025-08-12,2025-08-13,2025-09-25,2025-09-26,Closed,C00566
PO002539,V00368,IT,IT Services,Indirect,15779.29,2024-09-13,2024-09-26,2024-10-20,2024-10-19,Closed,C00366
PO002540,V00413,Facilities,Logistics,Direct,3763.36,2025-01-26,2025-02-02,2025-03-18,2025-03-18,Cancelled,C00631
PO002541,V00279,Marketing,IT Services,Indirect,13702.92,2024-11-29,2024-12-10,2024-12-31,2024-12-22,Closed,
PO002542,V00247,HR,Raw Materials,Direct,7106.37,2025-06-26,2025-06-30,2025-07-28,2025-07-30,Closed,C00500
PO002543,V00048,IT,Facilities,Indirect,15525.88,2025-12-09,2025-12-21,2026-02-02,2026-01-25,Open,
PO002544,V00378,Legal,Raw Materials,Direct,14918.05,2024-06-09,2024-06-17,2024-07-26,2024-07-16,Open,C00013
PO002545,V00138,Sales,Facilities,Indirect,7652.62,2024-10-26,2024-11-03,2024-12-13,2024-12-13,Closed,C00205
PO002546,V00096,Finance,Marketing,Indirect,29087.35,2025-12-06,2025-12-07,2026-01-11,2026-01-10,Closed,
PO002547,V00369,Facilities,IT Services,Indirect,20014.34,2025-11-16,2025-11-22,2025-11-30,2025-11-26,Closed,C00482
PO002548,V00368,R&D,IT Services,Indirect,11009.81,2025-03-18,2025-03-23,2025-03-30,2025-04-01,Closed,C00366
PO002549,V00368,Legal,IT Services,Indirect,11074.58,2024-05-13,2024-05-25,2024-06-12,2024-06-10,Closed,C00365
PO002550,V00083,Manufacturing,MRO,Direct,15720.89,2024-05-30,2024-06-07,2024-06-29,2024-07-07,Closed,C00153
PO002551,V00403,HR,Logistics,Direct,11343.81,2025-04-19,2025-04-23,2025-05-08,2025-05-04,Cancelled,C00566
PO002552,V00043,Sales,Professional Services,Indirect,14143.74,2025-11-01,2025-11-11,2025-12-03,2025-12-04,Open,C00216
PO002553,V00408,HR,Professional Services,Indirect,14633.7,2024-01-04,2024-01-05,2024-01-14,2024-01-14,Closed,
PO002554,V00365,Operations,Raw Materials,Direct,47871.39,2024-04-20,2024-04-30,2024-05-24,2024-05-24,Open,C00413
PO002555,V00475,Operations,Marketing,Indirect,2223.49,2025-08-19,2025-08-30,2025-09-15,2025-09-19,Closed,C00465
PO002556,V00181,Engineering,MRO,Direct,2705.68,2025-06-10,2025-06-13,2025-06-30,2025-07-06,Cancelled,C00161
PO002557,V00356,R&D,Capital Equipment,Direct,78713.61,2024-05-03,2024-05-10,2024-06-21,2024-07-03,Open,C00529
PO002558,V00284,Engineering,Professional Services,Indirect,17771.11,2025-05-21,2025-05-31,2025-06-28,2025-07-05,Closed,C00586
PO002559,V00109,IT,Travel,Indirect,2068.1,2025-07-06,2025-07-16,2025-08-11,2025-08-25,Cancelled,C00313
PO002560,V00113,Facilities,IT Services,Indirect,101201.8,2025-12-07,2025-12-19,2026-02-02,2026-02-10,Closed,
PO002561,V00146,Marketing,Logistics,Direct,10002.57,2025-10-23,2025-10-27,2025-11-28,2025-11-30,Closed,
PO002562,V00235,Manufacturing,MRO,Direct,3862.19,2025-11-20,2025-12-01,2025-12-19,2025-12-16,Closed,C00402
PO002563,V00127,HR,Raw Materials,Direct,6119.39,2024-06-14,2024-06-15,2024-07-19,2024-08-05,Closed,C00235
PO002564,V00256,Engineering,Facilities,Indirect,1065.65,2025-05-03,2025-05-04,2025-05-14,2025-05-16,Closed,C00392
PO002565,V00281,Finance,Marketing,Indirect,144.62,2025-06-14,2025-06-16,2025-07-17,2025-07-23,Closed,C00040
PO002566,V00368,Facilities,IT Services,Indirect,40185.09,2024-04-12,2024-04-24,2024-06-08,2024-06-07,Closed,C00365
PO002567,V00326,Facilities,Facilities,Indirect,8945.96,2025-10-31,2025-11-08,2025-11-20,2025-11-17,Closed,C00577
PO002568,V00168,Engineering,Facilities,Indirect,12197.9,2024-01-25,2024-02-05,2024-03-12,2024-03-17,Closed,C00459
PO002569,V00330,Sales,Professional Services,Indirect,19134.76,2025-08-30,2025-09-11,2025-10-22,2025-10-25,Closed,C00237
PO002570,V00207,Manufacturing,Raw Materials,Direct,12981.09,2024-01-04,2024-01-07,2024-02-16,2024-02-17,Open,C00627
PO002571,V00211,Engineering,MRO,Direct,16282.42,2024-03-10,2024-03-19,2024-03-29,2024-03-23,Cancelled,
PO002572,V00415,Marketing,Professional Services,Indirect,53041.05,2024-03-21,2024-03-29,2024-05-01,2024-05-08,Closed,C00162
PO002573,V00337,Engineering,Raw Materials,Direct,14391.71,2024-12-03,2024-12-15,2025-01-07,2025-01-14,Cancelled,C00058
PO002574,V00494,Manufacturing,Office Supplies,Indirect,4629.53,2025-08-15,2025-08-23,2025-09-30,2025-10-01,Closed,C00349
PO002575,V00450,Engineering,Raw Materials,Direct,21200.49,2024-10-03,2024-10-09,2024-11-15,2024-11-18,Closed,C00443
PO002576,V00140,Engineering,MRO,Direct,6720.05,2025-12-08,2025-12-17,2026-01-31,2026-02-06,Closed,
PO002577,V00040,R&D,Facilities,Indirect,748.69,2025-01-17,2025-01-20,2025-02-28,2025-03-05,Open,
PO002578,V00368,Marketing,IT Services,Indirect,33766.85,2024-06-03,2024-06-04,2024-06-11,2024-06-14,Closed,C00366
PO002579,V00185,Operations,Capital Equipment,Direct,27280.68,2025-06-16,2025-06-23,2025-08-03,2025-08-05,Closed,
PO002580,V00230,Operations,Marketing,Indirect,9256.6,2024-05-27,2024-06-10,2024-07-23,2024-08-08,Cancelled,C00200
PO002581,V00010,Manufacturing,Logistics,Direct,5969.82,2024-11-22,2024-11-25,2025-01-06,2025-01-10,Open,C00020
PO002582,V00145,HR,Professional Services,Indirect,8710.7,2025-11-24,2025-11-26,2026-01-08,2026-01-11,Closed,C00328
PO002583,V00452,R&D,Travel,Indirect,10441.24,2024-07-24,2024-08-01,2024-08-08,2024-08-10,Open,C00117
PO002584,V00300,Facilities,MRO,Direct,7937.55,2024-01-29,2024-02-06,2024-03-13,2024-03-20,Closed,C00391
PO002585,V00362,Engineering,MRO,Direct,11210.67,2025-03-30,2025-04-08,2025-05-22,2025-06-05,Closed,C00003
PO002586,V00214,Marketing,Raw Materials,Direct,2134.8,2025-12-03,2025-12-14,2025-12-24,2025-12-25,Closed,C00643
PO002587,V00113,Engineering,IT Services,Indirect,17501.04,2025-08-25,2025-09-02,2025-10-14,2025-10-08,Open,C00535
PO002588,V00483,Manufacturing,IT Services,Indirect,6686.8,2025-04-30,2025-05-10,2025-06-16,2025-06-17,Closed,
PO002589,V00266,Facilities,MRO,Direct,2357.95,2024-02-21,2024-03-03,2024-03-21,2024-03-23,Closed,C00255
PO002590,V00377,HR,Capital Equipment,Direct,38849.34,2025-09-10,2025-09-22,2025-10-20,2025-10-27,Closed,
PO002591,V00169,Marketing,Capital Equipment,Direct,11989.21,2024-12-19,2024-12-24,2025-01-16,2025-01-23,Open,
PO002592,V00313,Manufacturing,IT Services,Indirect,14014.72,2024-10-21,2024-10-22,2024-11-16,2024-11-14,Closed,C00163
PO002593,V00147,HR,Professional Services,Indirect,12483.45,2025-05-29,2025-05-31,2025-06-19,2025-06-20,Closed,C00470
PO002594,V00455,Legal,Facilities,Indirect,769.4,2024-10-14,2024-10-26,2024-12-08,2024-11-28,Open,C00339
PO002595,V00403,Sales,Logistics,Direct,34271.75,2024-06-16,2024-06-30,2024-08-09,2024-08-07,Closed,C00566
PO002596,V00154,Operations,Raw Materials,Direct,28477.59,2025-08-24,2025-09-02,2025-09-28,2025-09-23,Closed,C00224
PO002597,V00296,R&D,Professional Services,Indirect,57897.34,2025-09-16,2025-09-17,2025-10-07,2025-10-24,Cancelled,
PO002598,V00379,R&D,Marketing,Indirect,14118.04,2025-01-07,2025-01-12,2025-02-04,2025-02-04,Closed,C00618
PO002599,V00038,Legal,Raw Materials,Direct,2679.59,2025-04-19,2025-04-25,2025-05-11,2025-05-17,Cancelled,C00314
PO002600,V00079,Operations,MRO,Direct,804.74,2025-09-20,2025-10-02,2025-11-11,2025-11-16,Closed,
PO002601,V00403,Operations,Logistics,Direct,4767.47,2024-12-10,2024-12-20,2025-01-10,2025-01-10,Open,C00567
PO002602,V00056,HR,IT Services,Indirect,31694.49,2025-03-15,2025-03-27,2025-04-15,2025-04-15,Closed,C00102
PO002603,V00464,R&D,Logistics,Direct,7256.01,2024-10-25,2024-11-05,2024-12-08,2024-12-17,Closed,
PO002604,V00153,Sales,Professional Services,Indirect,7478.93,2025-05-02,2025-05-11,2025-05-28,2025-05-16,Open,C00364
PO002605,V00125,Sales,Raw Materials,Direct,3632.81,2025-02-18,2025-02-20,2025-03-17,2025-03-17,Closed,C00015
PO002606,V00403,Legal,Logistics,Direct,13040.13,2024-12-29,2025-01-06,2025-01-19,2025-01-23,Closed,C00566
PO002607,V00405,Finance,Raw Materials,Direct,1778.81,2024-10-27,2024-11-03,2024-11-15,2024-11-20,Closed,C00335
PO002608,V00417,R&D,Raw Materials,Direct,14961.06,2025-11-06,2025-11-20,2025-12-08,2025-12-09,Closed,
PO002609,V00144,Marketing,Capital Equipment,Direct,28500.23,2024-07-10,2024-07-18,2024-08-15,2024-08-12,Closed,C00486
PO002610,V00286,Finance,Professional Services,Indirect,25444.75,2024-12-07,2024-12-08,2024-12-22,2024-12-20,Cancelled,C00572
PO002611,V00407,Manufacturing,Facilities,Indirect,584.09,2024-09-30,2024-10-07,2024-10-14,2024-10-21,Open,
PO002612,V00291,Marketing,Travel,Indirect,13350.41,2025-08-22,2025-09-03,2025-10-17,2025-10-24,Closed,
PO002613,V00255,IT,Professional Services,Indirect,5967.56,2025-02-24,2025-03-09,2025-04-03,2025-04-06,Closed,C00630
PO002614,V00359,Facilities,Professional Services,Indirect,4496.57,2025-11-03,2025-11-12,2025-12-14,2025-12-16,Closed,C00384
PO002615,V00368,IT,IT Services,Indirect,140795.09,2024-07-16,2024-07-22,2024-08-14,2024-08-19,Closed,C00366
PO002616,V00292,IT,Capital Equipment,Direct,11676.7,2025-10-04,2025-10-15,2025-11-10,2025-11-14,Closed,
PO002617,V00368,Sales,IT Services,Indirect,31703.43,2024-09-23,2024-09-25,2024-11-05,2024-11-03,Closed,C00366
PO002618,V00001,Finance,Logistics,Direct,1373.55,2025-02-28,2025-03-03,2025-03-14,2025-03-14,Closed,C00086
PO002619,V00403,Sales,Logistics,Direct,13941.2,2024-08-19,2024-08-26,2024-09-28,2024-09-25,Closed,C00566
PO002620,V00001,Finance,Logistics,Direct,9303.82,2025-06-01,2025-06-08,2025-07-05,2025-07-07,Open,C00087
PO002621,V00418,R&D,Professional Services,Indirect,10339.25,2025-11-16,2025-11-22,2025-12-07,2025-12-11,Closed,C00230
PO002622,V00243,Facilities,IT Services,Indirect,22573.36,2025-01-16,2025-01-30,2025-02-23,2025-02-25,Closed,C00590
PO002623,V00288,Legal,Facilities,Indirect,2692.35,2025-08-17,2025-08-29,2025-10-09,2025-10-09,Cancelled,C00476
PO002624,V00238,Engineering,Raw Materials,Direct,19362.76,2024-12-25,2025-01-08,2025-02-18,2025-02-24,Closed,C00214
PO002625,V00224,Operations,Capital Equipment,Direct,21745.62,2025-10-29,2025-10-30,2025-11-19,2025-11-18,Cancelled,
PO002626,V00026,R&D,Facilities,Indirect,3074.12,2025-10-21,2025-10-30,2025-11-30,2025-12-03,Closed,C00209
PO002627,V00289,Facilities,Facilities,Indirect,9389.87,2025-03-14,2025-03-15,2025-04-06,2025-04-07,Closed,C00671
PO002628,V00125,Sales,Raw Materials,Direct,18995.29,2025-03-27,2025-04-03,2025-04-21,2025-04-26,Closed,C00015
PO002629,V00385,IT,Professional Services,Indirect,25689.48,2024-11-17,2024-11-25,2024-12-17,2024-12-17,Closed,C00076
PO002630,V00233,IT,Raw Materials,Direct,3160.78,2025-11-19,2025-11-27,2025-12-06,2025-12-21,Closed,C00559
PO002631,V00084,HR,Professional Services,Indirect,21104.29,2024-06-19,2024-07-02,2024-08-07,2024-08-09,Closed,C00370
PO002632,V00403,Manufacturing,Logistics,Direct,27605.85,2024-06-25,2024-06-30,2024-07-17,2024-07-22,Open,C00566
PO002633,V00368,Manufacturing,IT Services,Indirect,5488.51,2024-08-14,2024-08-24,2024-09-28,2024-10-03,Cancelled,C00365
PO002634,V00433,Facilities,Office Supplies,Indirect,4655.98,2025-06-09,2025-06-18,2025-06-29,2025-06-28,Closed,
PO002635,V00038,Facilities,Raw Materials,Direct,22074.94,2025-11-06,2025-11-15,2025-12-17,2025-12-15,Cancelled,C00314
PO002636,V00273,HR,Office Supplies,Indirect,4772.35,2025-11-30,2025-12-09,2026-01-01,2025-12-30,Open,
PO002637,V00468,IT,Raw Materials,Direct,34867.43,2024-08-31,2024-09-03,2024-09-28,2024-10-02,Closed,C00369
PO002638,V00156,R&D,Professional Services,Indirect,56010.74,2024-01-19,2024-01-22,2024-02-13,2024-02-16,Open,C00007
PO002639,V00110,HR,Professional Services,Indirect,12586.54,2024-11-01,2024-11-06,2024-11-15,2024-11-15,Closed,C00357
PO002640,V00368,R&D,IT Services,Indirect,9404.22,2025-11-18,2025-12-02,2025-12-24,2025-12-17,Closed,C00365
PO002641,V00369,Operations,IT Services,Indirect,35850.93,2025-11-04,2025-11-13,2025-12-04,2025-11-29,Closed,C00482
PO002642,V00405,Legal,Raw Materials,Direct,17410.61,2024-08-02,2024-08-03,2024-09-13,2024-09-08,Open,
PO002643,V00057,HR,Facilities,Indirect,2304.18,2025-04-20,2025-04-26,2025-05-28,2025-05-28,Closed,C00195
PO002644,V00368,Facilities,IT Services,Indirect,55503.75,2024-01-05,2024-01-11,2024-02-25,2024-02-22,Closed,C00366
PO002645,V00146,Sales,Logistics,Direct,5785.81,2024-05-06,2024-05-16,2024-06-13,2024-06-21,Closed,C00360
PO002646,V00255,HR,Professional Services,Indirect,17213.47,2025-11-26,2025-12-08,2026-01-08,2026-01-14,Closed,
PO002647,V00342,Operations,MRO,Direct,1382.32,2025-05-27,2025-05-29,2025-07-10,2025-07-09,Closed,C00131
PO002648,V00007,Manufacturing,Professional Services,Indirect,106263.5,2025-11-26,2025-11-29,2025-12-09,2025-12-18,Cancelled,C00427
PO002649,V00029,R&D,Capital Equipment,Direct,8294.14,2024-01-19,2024-01-21,2024-02-01,2024-02-01,Closed,C00601
PO002650,V00347,Operations,MRO,Direct,2629.9,2024-07-17,2024-07-23,2024-08-08,2024-08-11,Closed,C00429
PO002651,V00143,Facilities,IT Services,Indirect,3182.22,2024-10-24,2024-10-29,2024-12-04,2024-12-01,Closed,
PO002652,V00028,R&D,Raw Materials,Direct,13477.32,2024-03-18,2024-03-24,2024-04-15,2024-04-25,Closed,
PO002653,V00123,Manufacturing,Facilities,Indirect,2748.42,2025-11-19,2025-12-01,2025-12-19,2025-12-19,Closed,
PO002654,V00442,Marketing,Office Supplies,Indirect,2920.04,2024-10-22,2024-11-01,2024-11-24,2024-11-23,Closed,
PO002655,V00366,Operations,Marketing,Indirect,2704.13,2024-05-21,2024-05-27,2024-07-03,2024-07-08,Closed,C00342
PO002656,V00312,Engineering,Raw Materials,Direct,8584.12,2025-11-18,2025-11-20,2025-12-05,2025-12-08,Open,C00549
PO002657,V00416,Manufacturing,Logistics,Direct,9760.81,2025-11-29,2025-12-03,2025-12-29,2025-12-29,Open,C00090
PO002658,V00083,IT,MRO,Direct,971.56,2025-04-29,2025-05-03,2025-06-17,2025-06-16,Open,C00153
PO002659,V00358,Manufacturing,Logistics,Direct,14132.48,2025-02-22,2025-03-08,2025-03-23,2025-03-13,Closed,C00284
PO002660,V00499,Engineering,IT Services,Indirect,52220.87,2024-10-13,2024-10-17,2024-10-26,2024-10-24,Closed,C00623
PO002661,V00003,Finance,Raw Materials,Direct,10490.95,2025-08-11,2025-08-20,2025-09-30,2025-10-04,Closed,C00064
PO002662,V00211,Legal,MRO,Direct,8069.85,2025-11-04,2025-11-06,2025-12-19,2025-12-22,Closed,C00345
PO002663,V00474,Legal,Raw Materials,Direct,9878.54,2025-09-01,2025-09-07,2025-10-09,2025-10-04,Cancelled,
PO002664,V00181,IT,MRO,Direct,6031.88,2024-03-31,2024-04-14,2024-05-16,2024-05-13,Closed,
PO002665,V00449,Operations,Office Supplies,Indirect,1379.57,2025-10-26,2025-11-07,2025-12-19,2025-12-21,Cancelled,
PO002666,V00463,Operations,IT Services,Indirect,28231.56,2025-01-13,2025-01-27,2025-02-04,2025-01-30,Closed,
PO002667,V00482,Manufacturing,MRO,Direct,620.84,2024-04-21,2024-04-26,2024-06-09,2024-06-10,Closed,
PO002668,V00484,Sales,IT Services,Indirect,10997.2,2024-07-07,2024-07-13,2024-07-23,2024-07-24,Open,
PO002669,V00269,HR,Raw Materials,Direct,6184.46,2025-10-18,2025-10-21,2025-11-11,2025-11-13,Closed,C00141
PO002670,V00037,IT,Professional Services,Indirect,8770.34,2025-03-05,2025-03-16,2025-04-24,2025-04-23,Open,
PO002671,V00322,Facilities,IT Services,Indirect,4082.78,2025-11-11,2025-11-25,2025-12-03,2025-12-04,Cancelled,C00157
PO002672,V00434,Legal,MRO,Direct,800.46,2024-02-29,2024-03-14,2024-04-19,2024-04-20,Closed,C00188
PO002673,V00267,Legal,Professional Services,Indirect,67835.06,2024-11-02,2024-11-13,2024-12-28,2024-12-27,Closed,C00265
PO002674,V00140,IT,MRO,Direct,3108.21,2024-12-26,2025-01-04,2025-01-11,2025-01-14,Open,C00412
PO002675,V00214,Operations,Raw Materials,Direct,34062.29,2025-06-04,2025-06-08,2025-07-04,2025-07-04,Closed,C00643
PO002676,V00397,Marketing,IT Services,Indirect,1984.81,2025-06-28,2025-07-10,2025-08-20,2025-08-20,Open,
PO002677,V00396,Legal,Raw Materials,Direct,15895.74,2025-07-06,2025-07-20,2025-09-01,2025-09-02,Closed,C00509
PO002678,V00305,HR,IT Services,Indirect,50694.15,2025-05-30,2025-06-11,2025-07-05,2025-07-05,Closed,
PO002679,V00273,Operations,Office Supplies,Indirect,1734.81,2024-12-18,2024-12-31,2025-01-08,2025-01-13,Cancelled,C00356
PO002680,V00138,R&D,Facilities,Indirect,2349.41,2024-04-07,2024-04-16,2024-05-24,2024-05-30,Closed,C00204
PO002681,V00029,Facilities,Capital Equipment,Direct,107922.84,2025-01-16,2025-01-23,2025-02-15,2025-02-19,Closed,C00601
PO002682,V00233,Marketing,Raw Materials,Direct,4137.77,2024-07-12,2024-07-24,2024-08-17,2024-08-17,Closed,C00559
PO002683,V00200,Operations,Professional Services,Indirect,24210.71,2025-02-05,2025-02-11,2025-02-28,2025-03-06,Closed,
PO002684,V00457,Engineering,Raw Materials,Direct,7795.01,2025-05-15,2025-05-17,2025-05-31,2025-06-01,Open,
PO002685,V00284,Operations,Professional Services,Indirect,17226.8,2025-01-29,2025-02-10,2025-03-13,2025-03-14,Cancelled,C00586
PO002686,V00368,R&D,IT Services,Indirect,22107.08,2025-01-05,2025-01-07,2025-01-19,2025-01-20,Closed,C00366
PO002687,V00368,Engineering,IT Services,Indirect,38932.84,2024-04-09,2024-04-12,2024-05-14,2024-05-12,Closed,C00366
PO002688,V00462,R&D,Professional Services,Indirect,21544.17,2024-12-20,2024-12-28,2025-02-01,2025-01-25,Closed,C00045
PO002689,V00104,Engineering,Professional Services,Indirect,28824.64,2024-09-16,2024-09-21,2024-10-19,2024-10-19,Cancelled,C00449
PO002690,V00278,Marketing,Professional Services,Indirect,4444.64,2025-03-30,2025-04-01,2025-05-16,2025-05-19,Cancelled,C00132
PO002691,V00370,Manufacturing,Logistics,Direct,30363.33,2024-12-05,2024-12-13,2025-01-06,2025-01-08,Open,C00331
PO002692,V00133,Facilities,Logistics,Direct,10192.69,2025-10-25,2025-11-07,2025-12-17,2025-12-17,Closed,C00203
PO002693,V00078,Engineering,Professional Services,Indirect,18879.91,2025-09-02,2025-09-15,2025-10-29,2025-11-04,Closed,C00084
PO002694,V00499,Legal,IT Services,Indirect,8348.6,2024-05-16,2024-05-18,2024-06-06,2024-06-02,Closed,C00623
PO002695,V00090,Finance,Logistics,Direct,6733.72,2024-04-18,2024-04-27,2024-05-21,2024-05-31,Closed,C00423
PO002696,V00181,Sales,MRO,Direct,5705.29,2025-09-26,2025-10-06,2025-11-03,2025-10-28,Open,C00161
PO002697,V00473,Operations,Raw Materials,Direct,76561.69,2025-11-29,2025-12-09,2026-01-09,2026-01-10,Closed,C00171
PO002698,V00278,Manufacturing,Professional Services,Indirect,38508.07,2024-10-04,2024-10-16,2024-11-14,2024-11-24,Cancelled,C00134
PO002699,V00368,HR,IT Services,Indirect,10635.72,2025-06-19,2025-06-30,2025-08-04,2025-08-04,Closed,C00365
PO002700,V00084,Legal,Professional Services,Indirect,24533.96,2025-10-15,2025-10-19,2025-11-15,2025-11-19,Open,C00371
PO002701,V00071,IT,Marketing,Indirect,12824.97,2024-06-18,2024-06-30,2024-07-12,2024-07-08,Open,C00070
PO002702,V00245,Engineering,Logistics,Direct,9391.26,2025-07-29,2025-07-31,2025-08-15,2025-08-24,Open,
PO002703,V00381,Facilities,Logistics,Direct,46377.37,2024-09-24,2024-10-08,2024-11-01,2024-11-01,Cancelled,C00447
PO002704,V00137,Legal,MRO,Direct,4663.61,2025-10-25,2025-10-28,2025-11-19,2025-11-18,Closed,C00554
PO002705,V00043,Manufacturing,Professional Services,Indirect,27442.52,2024-11-29,2024-12-07,2024-12-24,2024-12-29,Open,C00216
PO002706,V00177,HR,Marketing,Indirect,4191.35,2024-08-07,2024-08-18,2024-09-07,2024-09-07,Closed,C00219
PO002707,V00430,HR,IT Services,Indirect,18827.45,2024-07-21,2024-07-27,2024-09-05,2024-09-05,Closed,C00641
PO002708,V00169,Operations,Capital Equipment,Direct,9737.82,2024-12-20,2024-12-22,2024-12-29,2025-01-03,Closed,C00347
PO002709,V00268,Operations,Raw Materials,Direct,18024.41,2025-05-08,2025-05-13,2025-06-13,2025-06-17,Open,C00657
PO002710,V00305,Operations,IT Services,Indirect,12960.82,2025-10-09,2025-10-15,2025-11-10,2025-11-05,Closed,
PO002711,V00140,Sales,MRO,Direct,3566.95,2024-10-05,2024-10-17,2024-11-04,2024-10-31,Closed,C00412
PO002712,V00273,Facilities,Office Supplies,Indirect,2424.62,2025-09-16,2025-09-24,2025-10-30,2025-10-29,Closed,
PO002713,V00465,R&D,Raw Materials,Direct,15647.83,2024-05-04,2024-05-06,2024-05-23,2024-05-27,Closed,C00210
PO002714,V00246,R&D,Logistics,Direct,1725.93,2025-03-06,2025-03-16,2025-04-18,2025-04-28,Closed,C00372
PO002715,V00208,Engineering,Professional Services,Indirect,6166.42,2025-12-23,2025-12-27,2026-02-07,2026-02-08,Cancelled,
PO002716,V00095,Facilities,Marketing,Indirect,1528.96,2025-05-31,2025-06-13,2025-07-23,2025-08-03,Closed,
PO002717,V00368,Engineering,IT Services,Indirect,15840.0,2024-07-19,2024-07-27,2024-08-05,2024-08-03,Open,C00365
PO002718,V00214,Engineering,Raw Materials,Direct,8556.52,2025-10-17,2025-10-30,2025-12-13,2025-12-13,Closed,C00644
PO002719,V00441,Engineering,IT Services,Indirect,30949.24,2025-03-29,2025-04-09,2025-05-13,2025-05-23,Closed,C00059
PO002720,V00043,Sales,Professional Services,Indirect,17597.26,2024-03-13,2024-03-14,2024-04-20,2024-04-22,Open,C00217
PO002721,V00403,Finance,Logistics,Direct,48489.95,2025-06-02,2025-06-13,2025-07-07,2025-07-14,Closed,C00567
PO002722,V00233,Manufacturing,Raw Materials,Direct,13177.24,2025-08-06,2025-08-16,2025-09-14,2025-09-14,Closed,C00559
PO002723,V00138,Engineering,Facilities,Indirect,15368.7,2025-03-02,2025-03-05,2025-04-08,2025-04-08,Cancelled,C00204
PO002724,V00006,IT,Professional Services,Indirect,1734.58,2025-10-17,2025-10-22,2025-11-20,2025-11-22,Closed,
PO002725,V00168,Sales,Facilities,Indirect,505.17,2025-12-17,2025-12-25,2026-01-17,2026-01-21,Open,C00460
PO002726,V00414,Marketing,IT Services,Indirect,14212.25,2025-06-24,2025-07-05,2025-07-21,2025-07-21,Closed,
PO002727,V00005,Sales,Professional Services,Indirect,101363.72,2025-09-29,2025-10-07,2025-11-19,2025-11-20,Closed,
PO002728,V00056,HR,IT Services,Indirect,15561.73,2025-12-10,2025-12-14,2025-12-29,2026-01-01,Closed,C00101
PO002729,V00153,Finance,Professional Services,Indirect,12132.21,2025-05-10,2025-05-13,2025-06-22,2025-06-25,Closed,
PO002730,V00368,IT,IT Services,Indirect,21421.31,2025-07-31,2025-08-04,2025-08-25,2025-09-03,Open,C00365
PO002731,V00114,Engineering,Marketing,Indirect,3339.96,2024-05-17,2024-05-21,2024-06-13,2024-06-13,Cancelled,
PO002732,V00178,Sales,IT Services,Indirect,5756.8,2025-04-21,2025-04-25,2025-05-09,2025-05-15,Closed,
PO002733,V00411,R&D,Raw Materials,Direct,20481.89,2025-06-23,2025-06-25,2025-07-10,2025-07-15,Closed,
PO002734,V00233,R&D,Raw Materials,Direct,5648.78,2025-07-05,2025-07-15,2025-08-24,2025-08-24,Open,C00558
PO002735,V00160,HR,Logistics,Direct,17449.77,2025-12-08,2025-12-19,2026-01-19,2026-01-27,Closed,
PO002736,V00169,Facilities,Capital Equipment,Direct,47840.75,2024-05-08,2024-05-10,2024-06-09,2024-06-12,Closed,C00346
PO002737,V00416,IT,Logistics,Direct,31015.25,2024-12-27,2025-01-07,2025-02-11,2025-02-11,Closed,C00090
PO002738,V00302,Legal,Travel,Indirect,2210.88,2025-08-28,2025-09-09,2025-09-24,2025-09-24,Closed,
PO002739,V00018,Facilities,Raw Materials,Direct,8830.16,2025-09-09,2025-09-20,2025-10-30,2025-11-07,Cancelled,C00253
PO002740,V00403,Operations,Logistics,Direct,7283.26,2025-09-06,2025-09-12,2025-10-12,2025-10-13,Open,C00567
PO002741,V00498,Engineering,Logistics,Direct,32499.7,2025-06-17,2025-06-29,2025-08-08,2025-08-14,Closed,
PO002742,V00299,Engineering,Logistics,Direct,8890.82,2024-07-02,2024-07-16,2024-08-11,2024-08-16,Open,C00502
PO002743,V00259,R&D,Raw Materials,Direct,7719.66,2025-08-12,2025-08-24,2025-08-31,2025-08-30,Closed,C00557
PO002744,V00469,Finance,Professional Services,Indirect,58492.11,2025-02-26,2025-03-04,2025-04-02,2025-03-31,Closed,
PO002745,V00165,Facilities,Professional Services,Indirect,15283.2,2025-09-04,2025-09-14,2025-10-29,2025-10-29,Closed,C00551
PO002746,V00223,Legal,Professional Services,Indirect,13948.97,2025-08-04,2025-08-11,2025-09-10,2025-09-06,Closed,C00268
PO002747,V00241,HR,Logistics,Direct,1128.56,2025-03-21,2025-04-02,2025-04-14,2025-04-17,Closed,C00613
PO002748,V00368,Sales,IT Services,Indirect,32369.96,2025-09-24,2025-10-06,2025-11-06,2025-11-13,Closed,C00366
PO002749,V00038,Manufacturing,Raw Materials,Direct,4474.32,2024-04-12,2024-04-17,2024-05-30,2024-05-30,Closed,C00315
PO002750,V00357,Marketing,Travel,Indirect,5710.41,2025-01-25,2025-02-04,2025-02-11,2025-02-16,Closed,C00041
PO002751,V00030,Marketing,Raw Materials,Direct,46345.85,2024-10-04,2024-10-07,2024-11-09,2024-11-05,Closed,C00301
PO002752,V00407,Sales,Facilities,Indirect,11411.33,2024-08-19,2024-08-23,2024-09-29,2024-10-08,Closed,
PO002753,V00403,Facilities,Logistics,Direct,1774.01,2024-11-16,2024-11-26,2024-12-15,2024-12-20,Closed,C00566
PO002754,V00256,Finance,Facilities,Indirect,2255.22,2024-09-11,2024-09-12,2024-10-07,2024-10-06,Closed,C00392
PO002755,V00290,IT,Raw Materials,Direct,10981.36,2025-12-22,2025-12-27,2026-02-03,2026-02-10,Open,C00522
PO002756,V00376,IT,Logistics,Direct,5808.23,2024-10-23,2024-10-26,2024-12-04,2024-12-04,Cancelled,C00352
PO002757,V00368,HR,IT Services,Indirect,6808.15,2024-08-03,2024-08-15,2024-09-19,2024-09-17,Closed,C00366
PO002758,V00382,R&D,Raw Materials,Direct,1526.19,2024-04-21,2024-04-27,2024-05-06,2024-05-03,Closed,C00169
PO002759,V00134,HR,Professional Services,Indirect,60295.34,2025-06-23,2025-06-24,2025-07-10,2025-07-03,Closed,C00579
PO002760,V00013,Legal,Raw Materials,Direct,7927.09,2024-06-02,2024-06-13,2024-06-30,2024-07-01,Closed,C00598
PO002761,V00165,IT,Professional Services,Indirect,5513.95,2025-09-03,2025-09-06,2025-09-19,2025-09-19,Open,C00551
PO002762,V00284,IT,Professional Services,Indirect,50147.61,2025-07-27,2025-08-02,2025-08-28,2025-08-26,Closed,C00586
PO002763,V00390,Marketing,Professional Services,Indirect,38215.45,2025-10-30,2025-11-07,2025-12-09,2025-12-07,Closed,
PO002764,V00462,Marketing,Professional Services,Indirect,4419.35,2024-09-22,2024-09-29,2024-10-11,2024-10-16,Closed,C00045
PO002765,V00480,HR,IT Services,Indirect,23226.32,2024-10-16,2024-10-27,2024-11-28,2024-11-29,Open,
PO002766,V00158,R&D,Travel,Indirect,6585.4,2024-10-12,2024-10-23,2024-12-05,2024-12-05,Cancelled,C00316
PO002767,V00058,Finance,IT Services,Indirect,20593.77,2025-04-01,2025-04-07,2025-04-22,2025-04-25,Cancelled,
PO002768,V00104,Facilities,Professional Services,Indirect,72604.42,2025-03-30,2025-04-11,2025-04-18,2025-04-14,Open,C00449
PO002769,V00492,Legal,IT Services,Indirect,110871.11,2025-07-02,2025-07-04,2025-07-22,2025-07-22,Cancelled,C00038
PO002770,V00236,Sales,Marketing,Indirect,6076.02,2025-12-17,2025-12-18,2026-01-18,2026-01-27,Open,
PO002771,V00101,Operations,Logistics,Direct,4671.99,2024-01-31,2024-02-13,2024-03-14,2024-03-15,Closed,C00639
PO002772,V00110,Operations,Professional Services,Indirect,41836.98,2024-10-05,2024-10-19,2024-12-01,2024-12-01,Closed,C00357
PO002773,V00259,R&D,Raw Materials,Direct,14030.64,2023-12-21,2024-01-01,2024-01-27,2024-01-22,Closed,C00556
PO002774,V00445,IT,IT Services,Indirect,39224.59,2024-11-29,2024-11-30,2025-01-07,2025-01-07,Cancelled,C00524
PO002775,V00108,Legal,MRO,Direct,699.78,2025-09-05,2025-09-07,2025-09-26,2025-09-30,Closed,C00575
PO002776,V00500,Manufacturing,Professional Services,Indirect,27912.69,2024-11-21,2024-11-26,2024-12-05,2024-12-04,Closed,
PO002777,V00289,IT,Facilities,Indirect,1699.09,2024-12-10,2024-12-16,2025-01-25,2025-01-20,Closed,C00671
PO002778,V00384,Sales,Professional Services,Indirect,13360.83,2025-05-22,2025-06-03,2025-06-21,2025-06-25,Cancelled,
PO002779,V00184,Manufacturing,Marketing,Indirect,419.12,2024-11-29,2024-12-13,2025-01-12,2025-01-04,Cancelled,C00497
PO002780,V00221,Sales,Raw Materials,Direct,15622.57,2025-01-31,2025-02-14,2025-02-25,2025-02-25,Closed,C00218
PO002781,V00355,Facilities,Capital Equipment,Direct,25306.08,2024-10-18,2024-10-28,2024-12-12,2024-12-18,Cancelled,C00397
PO002782,V00335,Manufacturing,IT Services,Indirect,6687.5,2024-10-18,2024-10-19,2024-11-22,2024-11-22,Open,C00054
PO002783,V00156,Finance,Professional Services,Indirect,15727.32,2025-06-13,2025-06-22,2025-08-06,2025-08-12,Cancelled,C00009
PO002784,V00485,Engineering,Marketing,Indirect,10484.25,2024-09-05,2024-09-19,2024-10-31,2024-10-31,Closed,C00616
PO002785,V00239,Engineering,Professional Services,Indirect,4168.04,2025-02-17,2025-03-02,2025-04-05,2025-04-13,Closed,C00121
PO002786,V00451,Finance,IT Services,Indirect,21430.9,2024-09-27,2024-10-09,2024-11-11,2024-11-13,Cancelled,C00018
PO002787,V00355,Operations,Capital Equipment,Direct,58038.08,2025-01-11,2025-01-25,2025-02-16,2025-02-24,Closed,C00397
PO002788,V00154,Finance,Raw Materials,Direct,12922.15,2024-01-03,2024-01-13,2024-02-10,2024-02-13,Open,C00224
PO002789,V00148,Engineering,Facilities,Indirect,9412.34,2025-12-02,2025-12-09,2026-01-12,2026-01-12,Closed,C00473
PO002790,V00239,Legal,Professional Services,Indirect,85000.39,2024-05-13,2024-05-21,2024-06-13,2024-06-13,Closed,C00121
PO002791,V00273,Operations,Office Supplies,Indirect,9680.51,2024-09-02,2024-09-10,2024-10-15,2024-10-15,Cancelled,C00356
PO002792,V00197,IT,IT Services,Indirect,5666.04,2025-06-03,2025-06-13,2025-07-12,2025-07-03,Closed,C00411
PO002793,V00429,Finance,IT Services,Indirect,5699.91,2024-02-01,2024-02-10,2024-03-08,2024-02-29,Closed,C00298
PO002794,V00080,Facilities,IT Services,Indirect,20974.0,2025-05-22,2025-06-04,2025-07-05,2025-07-06,Closed,
PO002795,V00196,R&D,MRO,Direct,5633.19,2025-03-11,2025-03-20,2025-04-04,2025-04-04,Closed,
PO002796,V00288,R&D,Facilities,Indirect,13859.07,2024-10-03,2024-10-14,2024-10-23,2024-10-29,Closed,C00477
PO002797,V00359,Manufacturing,Professional Services,Indirect,56781.26,2024-11-07,2024-11-10,2024-11-21,2024-11-21,Cancelled,C00382
PO002798,V00336,Sales,Marketing,Indirect,5854.01,2025-09-29,2025-10-05,2025-10-21,2025-10-17,Closed,
PO002799,V00291,HR,Travel,Indirect,4543.36,2024-05-24,2024-06-02,2024-06-29,2024-06-29,Open,C00135
PO002800,V00332,Legal,Raw Materials,Direct,13852.19,2024-12-31,2025-01-06,2025-01-16,2025-01-18,Closed,C00201
PO002801,V00117,Facilities,IT Services,Indirect,4518.71,2025-02-19,2025-03-03,2025-03-17,2025-03-14,Closed,C00277
PO002802,V00104,Marketing,Professional Services,Indirect,11040.24,2024-11-03,2024-11-08,2024-11-24,2024-11-28,Closed,
PO002803,V00398,Operations,IT Services,Indirect,11764.32,2025-03-19,2025-03-29,2025-04-22,2025-04-27,Cancelled,
PO002804,V00292,IT,Capital Equipment,Direct,20038.68,2025-10-21,2025-10-26,2025-11-03,2025-10-28,Open,C00527
PO002805,V00491,Sales,Raw Materials,Direct,40767.67,2025-12-24,2025-12-28,2026-02-02,2026-01-26,Cancelled,
PO002806,V00468,R&D,Raw Materials,Direct,35069.41,2024-01-03,2024-01-05,2024-01-19,2024-01-28,Closed,
PO002807,V00220,IT,Raw Materials,Direct,31664.76,2025-12-17,2025-12-28,2026-02-06,2026-02-05,Closed,
PO002808,V00480,Engineering,IT Services,Indirect,54524.44,2024-03-03,2024-03-10,2024-04-08,2024-04-04,Cancelled,C00261
PO002809,V00125,Legal,Raw Materials,Direct,9644.08,2025-04-02,2025-04-11,2025-05-18,2025-05-13,Closed,C00015
PO002810,V00141,HR,Professional Services,Indirect,173591.35,2025-10-01,2025-10-10,2025-11-19,2025-11-20,Cancelled,
PO002811,V00368,Sales,IT Services,Indirect,33167.35,2025-10-01,2025-10-05,2025-11-01,2025-11-07,Closed,C00366
PO002812,V00356,R&D,Capital Equipment,Direct,49008.66,2024-05-02,2024-05-08,2024-06-07,2024-06-18,Closed,C00529
PO002813,V00020,Manufacturing,MRO,Direct,2060.94,2025-01-02,2025-01-09,2025-02-15,2025-02-24,Closed,C00189
PO002814,V00040,Engineering,Facilities,Indirect,15364.43,2025-12-04,2025-12-10,2026-01-18,2026-01-22,Closed,
PO002815,V00427,Manufacturing,MRO,Direct,1521.87,2025-03-08,2025-03-22,2025-04-11,2025-04-22,Open,
PO002816,V00278,HR,Professional Services,Indirect,42975.1,2025-10-16,2025-10-23,2025-11-07,2025-11-05,Closed,C00132
PO002817,V00400,Sales,Logistics,Direct,49121.35,2024-04-08,2024-04-09,2024-04-23,2024-04-26,Closed,C00398
PO002818,V00282,Finance,Professional Services,Indirect,71953.08,2025-09-23,2025-09-28,2025-10-27,2025-11-03,Open,C00211
PO002819,V00372,IT,Professional Services,Indirect,10164.92,2024-09-03,2024-09-16,2024-09-30,2024-09-24,Open,C00027
PO002820,V00284,IT,Professional Services,Indirect,26384.04,2024-10-27,2024-10-30,2024-12-03,2024-12-03,Cancelled,C00586
PO002821,V00423,Operations,Raw Materials,Direct,42321.97,2025-03-16,2025-03-21,2025-04-11,2025-04-07,Closed,
PO002822,V00052,Sales,Raw Materials,Direct,2122.34,2024-10-16,2024-10-27,2024-11-07,2024-11-08,Open,C00612
PO002823,V00221,Operations,Raw Materials,Direct,124294.37,2025-06-21,2025-06-23,2025-07-23,2025-07-23,Closed,C00218
PO002824,V00024,Legal,IT Services,Indirect,31382.91,2024-03-31,2024-04-05,2024-05-19,2024-05-25,Cancelled,C00266
PO002825,V00256,IT,Facilities,Indirect,1481.75,2025-03-23,2025-03-28,2025-05-09,2025-05-13,Closed,C00394
PO002826,V00169,Engineering,Capital Equipment,Direct,14471.92,2025-05-18,2025-05-31,2025-07-02,2025-07-10,Closed,C00346
PO002827,V00200,Sales,Professional Services,Indirect,38239.51,2024-12-25,2025-01-01,2025-02-01,2025-01-29,Closed,C00376
PO002828,V00062,HR,Office Supplies,Indirect,2876.35,2025-12-10,2025-12-13,2026-01-24,2026-01-20,Cancelled,C00651
PO002829,V00333,Manufacturing,IT Services,Indirect,26562.92,2025-08-16,2025-08-30,2025-10-08,2025-10-13,Closed,C00193
PO002830,V00148,Manufacturing,Facilities,Indirect,11059.05,2024-09-30,2024-10-05,2024-10-25,2024-10-17,Closed,C00473
PO002831,V00113,Engineering,IT Services,Indirect,51039.74,2025-08-17,2025-08-27,2025-09-13,2025-09-20,Closed,C00535
PO002832,V00070,Marketing,IT Services,Indirect,40486.21,2025-04-10,2025-04-12,2025-04-30,2025-05-03,Closed,C00143
PO002833,V00403,Finance,Logistics,Direct,3106.06,2024-04-27,2024-04-29,2024-06-08,2024-06-11,Closed,C00566
PO002834,V00062,Marketing,Office Supplies,Indirect,4657.87,2025-03-21,2025-04-04,2025-05-05,2025-05-09,Open,C00651
PO002835,V00142,Facilities,Raw Materials,Direct,3853.47,2024-01-06,2024-01-18,2024-02-08,2024-02-08,Open,
PO002836,V00278,R&D,Professional Services,Indirect,19213.42,2024-10-13,2024-10-19,2024-11-18,2024-11-18,Open,
PO002837,V00281,Facilities,Marketing,Indirect,6270.67,2024-03-26,2024-04-03,2024-05-16,2024-05-17,Open,C00040
PO002838,V00168,IT,Facilities,Indirect,999.12,2025-12-03,2025-12-13,2026-01-20,2026-01-30,Closed,C00460
PO002839,V00408,Marketing,Professional Services,Indirect,114944.87,2025-04-24,2025-05-07,2025-06-18,2025-06-21,Closed,C00492
PO002840,V00254,Finance,IT Services,Indirect,16095.92,2025-09-13,2025-09-19,2025-10-10,2025-10-13,Open,
PO002841,V00062,Engineering,Office Supplies,Indirect,3637.36,2024-10-24,2024-11-06,2024-12-14,2024-12-13,Cancelled,C00651
PO002842,V00313,Legal,IT Services,Indirect,40745.45,2025-06-11,2025-06-12,2025-06-25,2025-06-30,Closed,C00163
PO002843,V00171,Operations,Professional Services,Indirect,19067.29,2024-12-29,2025-01-10,2025-01-29,2025-01-27,Closed,C00602
PO002844,V00223,Legal,Professional Services,Indirect,5626.85,2025-12-18,2025-12-20,2025-12-27,2025-12-28,Cancelled,C00268
PO002845,V00003,Marketing,Raw Materials,Direct,12069.92,2024-10-16,2024-10-30,2024-11-22,2024-11-30,Open,
PO002846,V00434,Engineering,MRO,Direct,3515.08,2024-11-14,2024-11-20,2024-12-27,2024-12-24,Closed,C00188
PO002847,V00032,Engineering,Logistics,Direct,2408.99,2024-06-30,2024-07-08,2024-07-26,2024-07-22,Cancelled,C00238
PO002848,V00456,Marketing,Raw Materials,Direct,14853.88,2024-10-12,2024-10-15,2024-11-18,2024-11-17,Closed,
PO002849,V00097,Engineering,Logistics,Direct,15042.0,2024-05-31,2024-06-06,2024-07-13,2024-07-12,Closed,C00484
PO002850,V00234,Facilities,Marketing,Indirect,6940.17,2024-05-25,2024-06-07,2024-07-15,2024-07-09,Closed,C00548
PO002851,V00176,Facilities,IT Services,Indirect,16416.26,2025-12-14,2025-12-22,2026-01-11,2026-01-14,Closed,
PO002852,V00387,Marketing,IT Services,Indirect,26540.38,2024-06-04,2024-06-11,2024-07-20,2024-07-24,Closed,
PO002853,V00389,Facilities,Raw Materials,Direct,88061.68,2025-01-19,2025-01-30,2025-03-16,2025-03-20,Closed,C00029
PO002854,V00455,R&D,Facilities,Indirect,705.71,2024-11-13,2024-11-27,2024-12-17,2024-12-25,Cancelled,C00339
PO002855,V00148,Marketing,Facilities,Indirect,2810.18,2024-01-09,2024-01-13,2024-01-29,2024-01-29,Closed,
PO002856,V00180,Facilities,Marketing,Indirect,7123.89,2024-11-07,2024-11-20,2024-12-13,2024-12-01,Open,C00536
PO002857,V00125,Facilities,Raw Materials,Direct,8488.71,2025-04-11,2025-04-19,2025-05-01,2025-05-01,Closed,C00015
PO002858,V00295,IT,Marketing,Indirect,7680.97,2025-03-30,2025-04-11,2025-04-26,2025-05-04,Closed,C00530
PO002859,V00211,IT,MRO,Direct,9262.46,2025-09-07,2025-09-18,2025-10-28,2025-11-06,Closed,C00345
PO002860,V00078,IT,Professional Services,Indirect,5355.01,2025-10-26,2025-11-08,2025-12-07,2025-12-12,Closed,C00085
PO002861,V00377,Engineering,Capital Equipment,Direct,119452.0,2025-03-26,2025-04-07,2025-05-18,2025-05-18,Closed,C00525
PO002862,V00078,IT,Professional Services,Indirect,11822.37,2024-04-15,2024-04-20,2024-05-30,2024-05-23,Closed,C00085
PO002863,V00057,Engineering,Facilities,Indirect,8788.38,2025-01-24,2025-01-26,2025-02-24,2025-03-03,Closed,C00196
PO002864,V00292,IT,Capital Equipment,Direct,9895.29,2024-12-22,2025-01-04,2025-01-20,2025-01-20,Closed,C00527
PO002865,V00013,R&D,Raw Materials,Direct,6140.42,2024-03-22,2024-03-29,2024-05-04,2024-05-05,Closed,C00597
PO002866,V00151,Marketing,Raw Materials,Direct,2053.75,2024-04-20,2024-04-28,2024-05-17,2024-05-20,Open,C00434
PO002867,V00392,Sales,Raw Materials,Direct,307035.57,2025-02-16,2025-03-02,2025-03-13,2025-03-24,Closed,C00126
PO002868,V00074,Manufacturing,IT Services,Indirect,16174.03,2025-08-20,2025-08-22,2025-09-23,2025-09-25,Closed,C00004
PO002869,V00151,Legal,Raw Materials,Direct,6641.21,2025-09-03,2025-09-07,2025-09-15,2025-09-26,Closed,C00434
PO002870,V00225,IT,Professional Services,Indirect,50169.24,2025-08-31,2025-09-09,2025-10-23,2025-10-23,Closed,C00565
PO002871,V00249,HR,Professional Services,Indirect,12493.94,2024-10-11,2024-10-14,2024-11-19,2024-11-21,Closed,C00358
PO002872,V00284,R&D,Professional Services,Indirect,56906.3,2025-07-05,2025-07-16,2025-08-26,2025-08-22,Open,C00586
PO002873,V00368,Manufacturing,IT Services,Indirect,22006.14,2024-12-18,2024-12-28,2025-01-11,2025-01-10,Closed,C00365
PO002874,V00155,Finance,Raw Materials,Direct,22815.83,2024-07-29,2024-08-10,2024-08-30,2024-08-26,Cancelled,C00151
PO002875,V00034,Marketing,Professional Services,Indirect,20783.07,2025-05-15,2025-05-23,2025-07-06,2025-07-12,Closed,C00083
PO002876,V00368,Marketing,IT Services,Indirect,40668.1,2024-11-01,2024-11-09,2024-11-18,2024-11-16,Cancelled,C00365
PO002877,V00087,R&D,Raw Materials,Direct,24103.82,2025-07-27,2025-08-09,2025-08-16,2025-08-15,Closed,C00179
PO002878,V00125,HR,Raw Materials,Direct,15536.24,2025-11-10,2025-11-22,2025-11-29,2025-11-29,Cancelled,C00015
PO002879,V00185,Legal,Capital Equipment,Direct,140017.97,2024-12-28,2025-01-01,2025-01-15,2025-01-15,Cancelled,
PO002880,V00425,R&D,Raw Materials,Direct,6925.44,2024-06-05,2024-06-09,2024-06-21,2024-06-22,Closed,
PO002881,V00020,HR,MRO,Direct,2268.31,2025-04-08,2025-04-09,2025-05-21,2025-05-19,Closed,C00189
PO002882,V00248,HR,Raw Materials,Direct,12409.4,2023-12-29,2024-01-06,2024-02-05,2024-02-05,Closed,C00212
PO002883,V00379,HR,Marketing,Indirect,5010.96,2024-10-01,2024-10-04,2024-10-24,2024-10-29,Cancelled,C00618
PO002884,V00174,Manufacturing,Logistics,Direct,8354.14,2024-05-29,2024-06-08,2024-06-25,2024-06-27,Cancelled,C00062
PO002885,V00267,Marketing,Professional Services,Indirect,2262.23,2024-11-21,2024-12-01,2025-01-14,2025-01-17,Closed,C00265
PO002886,V00419,Engineering,Professional Services,Indirect,32522.51,2024-03-05,2024-03-06,2024-03-20,2024-03-23,Closed,
PO002887,V00158,Legal,Travel,Indirect,6150.89,2025-12-10,2025-12-11,2026-01-05,2026-01-11,Closed,C00316
PO002888,V00429,R&D,IT Services,Indirect,35443.99,2025-12-21,2025-12-28,2026-02-06,2026-02-16,Closed,
PO002889,V00169,Finance,Capital Equipment,Direct,47982.05,2024-08-24,2024-08-30,2024-09-25,2024-09-25,Closed,C00346
PO002890,V00140,IT,MRO,Direct,2137.56,2025-10-06,2025-10-16,2025-11-20,2025-11-16,Cancelled,
PO002891,V00328,R&D,Raw Materials,Direct,8159.48,2025-11-07,2025-11-11,2025-12-21,2025-12-28,Open,C00659
PO002892,V00210,Operations,Professional Services,Indirect,13338.63,2025-10-31,2025-11-07,2025-12-01,2025-11-23,Cancelled,C00071
PO002893,V00205,Operations,Raw Materials,Direct,2931.56,2025-05-13,2025-05-21,2025-06-23,2025-06-28,Open,
PO002894,V00180,Facilities,Marketing,Indirect,3967.73,2025-05-01,2025-05-02,2025-06-10,2025-06-11,Closed,C00536
PO002895,V00405,Legal,Raw Materials,Direct,11987.75,2025-10-13,2025-10-15,2025-11-12,2025-11-12,Closed,C00335
PO002896,V00211,Finance,MRO,Direct,32271.35,2025-10-17,2025-10-29,2025-11-06,2025-11-06,Closed,C00345
PO002897,V00451,Finance,IT Services,Indirect,7059.59,2025-11-17,2025-12-01,2026-01-03,2026-01-05,Closed,C00018
PO002898,V00391,HR,Professional Services,Indirect,3564.71,2024-12-03,2024-12-12,2025-01-20,2025-01-28,Closed,C00332
PO002899,V00195,Manufacturing,IT Services,Indirect,17440.19,2024-05-11,2024-05-25,2024-06-29,2024-07-01,Closed,
PO002900,V00111,Finance,Facilities,Indirect,4762.17,2024-05-26,2024-05-29,2024-06-18,2024-06-16,Closed,C00292
PO002901,V00429,Finance,IT Services,Indirect,78059.09,2025-09-19,2025-09-20,2025-10-28,2025-10-28,Closed,C00297
PO002902,V00282,HR,Professional Services,Indirect,44200.15,2024-04-17,2024-04-27,2024-05-30,2024-06-02,Closed,C00211
PO002903,V00239,Operations,Professional Services,Indirect,5333.3,2025-08-31,2025-09-11,2025-10-19,2025-10-23,Closed,C00123
PO002904,V00121,Legal,Professional Services,Indirect,59003.6,2024-12-18,2024-12-25,2025-01-29,2025-02-04,Closed,C00563
PO002905,V00108,Engineering,MRO,Direct,4224.38,2025-03-17,2025-03-25,2025-04-10,2025-04-15,Open,C00575
PO002906,V00363,IT,Professional Services,Indirect,27554.91,2024-10-30,2024-11-04,2024-11-17,2024-11-20,Closed,C00172
PO002907,V00138,Engineering,Facilities,Indirect,2693.63,2025-05-14,2025-05-18,2025-06-12,2025-06-22,Closed,
PO002908,V00403,HR,Logistics,Direct,2430.95,2025-02-23,2025-03-04,2025-03-24,2025-03-23,Closed,C00567
PO002909,V00281,Facilities,Marketing,Indirect,4428.94,2024-10-05,2024-10-14,2024-11-12,2024-11-13,Open,C00040
PO002910,V00105,Legal,Professional Services,Indirect,23637.39,2025-09-27,2025-10-02,2025-10-21,2025-10-29,Closed,
PO002911,V00486,HR,IT Services,Indirect,15222.96,2024-02-13,2024-02-23,2024-03-15,2024-03-10,Closed,C00080
PO002912,V00238,Engineering,Raw Materials,Direct,34380.72,2024-12-17,2024-12-28,2025-01-30,2025-01-28,Closed,C00214
PO002913,V00154,R&D,Raw Materials,Direct,6625.21,2025-08-31,2025-09-01,2025-10-01,2025-10-04,Closed,C00224
PO002914,V00362,IT,MRO,Direct,2514.21,2025-05-06,2025-05-07,2025-05-24,2025-05-19,Closed,C00001
PO002915,V00197,Legal,IT Services,Indirect,16585.38,2024-10-27,2024-10-31,2024-12-08,2024-12-08,Closed,C00411
PO002916,V00080,Engineering,IT Services,Indirect,70392.22,2025-09-14,2025-09-17,2025-09-28,2025-09-30,Closed,
PO002917,V00394,R&D,Logistics,Direct,10299.17,2024-05-22,2024-06-04,2024-07-07,2024-07-03,Open,
PO002918,V00468,IT,Raw Materials,Direct,17486.49,2025-11-04,2025-11-05,2025-12-16,2025-12-20,Closed,C00369
PO002919,V00382,Operations,Raw Materials,Direct,17840.48,2025-10-06,2025-10-14,2025-11-07,2025-11-06,Closed,C00169
PO002920,V00485,Finance,Marketing,Indirect,4639.29,2025-07-05,2025-07-18,2025-08-04,2025-07-29,Open,C00616
PO002921,V00118,Marketing,Raw Materials,Direct,41835.19,2025-09-30,2025-10-11,2025-11-22,2025-11-21,Closed,C00215
PO002922,V00071,Finance,Marketing,Indirect,1075.1,2024-05-06,2024-05-17,2024-05-29,2024-05-21,Closed,C00070
PO002923,V00289,Marketing,Facilities,Indirect,10602.55,2025-11-08,2025-11-20,2025-12-18,2025-12-21,Closed,
PO002924,V00281,HR,Marketing,Indirect,20945.29,2025-09-06,2025-09-07,2025-09-23,2025-09-18,Closed,C00040
PO002925,V00077,Legal,Marketing,Indirect,7655.21,2024-12-21,2024-12-26,2025-02-08,2025-02-06,Closed,C00044
PO002926,V00311,R&D,Professional Services,Indirect,4943.54,2024-09-15,2024-09-18,2024-10-03,2024-10-06,Closed,
PO002927,V00295,IT,Marketing,Indirect,2748.56,2024-12-16,2024-12-21,2025-01-21,2025-01-19,Closed,C00530
PO002928,V00368,Engineering,IT Services,Indirect,7246.74,2025-08-02,2025-08-09,2025-08-20,2025-08-16,Closed,C00365
PO002929,V00145,Finance,Professional Services,Indirect,89419.31,2024-12-15,2024-12-16,2025-01-08,2025-01-15,Open,C00328
PO002930,V00330,Marketing,Professional Services,Indirect,5794.81,2024-05-14,2024-05-25,2024-06-26,2024-06-29,Closed,C00237
PO002931,V00453,HR,Logistics,Direct,2182.74,2025-08-27,2025-09-02,2025-09-13,2025-09-11,Cancelled,C00581
PO002932,V00119,Marketing,IT Services,Indirect,45567.06,2025-09-16,2025-09-20,2025-10-23,2025-11-04,Cancelled,C00320
PO002933,V00368,Engineering,IT Services,Indirect,15764.01,2024-05-16,2024-05-29,2024-06-21,2024-07-03,Closed,C00366
PO002934,V00360,Manufacturing,IT Services,Indirect,16408.76,2024-06-01,2024-06-09,2024-06-22,2024-06-21,Cancelled,
PO002935,V00430,IT,IT Services,Indirect,2658.71,2025-11-29,2025-12-12,2026-01-09,2026-01-08,Closed,C00641
PO002936,V00032,IT,Logistics,Direct,12572.89,2024-12-23,2025-01-03,2025-01-26,2025-01-30,Cancelled,
PO002937,V00026,Manufacturing,Facilities,Indirect,3012.57,2025-12-22,2025-12-29,2026-01-18,2026-01-20,Closed,C00209
PO002938,V00205,Legal,Raw Materials,Direct,3642.93,2025-04-03,2025-04-07,2025-05-19,2025-05-24,Closed,
PO002939,V00287,R&D,Professional Services,Indirect,3930.26,2025-10-27,2025-11-02,2025-11-18,2025-11-21,Closed,C00417
PO002940,V00399,Finance,IT Services,Indirect,11826.09,2024-11-04,2024-11-10,2024-12-25,2024-12-25,Closed,C00605
PO002941,V00167,Sales,Marketing,Indirect,3475.41,2025-09-12,2025-09-14,2025-09-28,2025-10-01,Open,
PO002942,V00368,R&D,IT Services,Indirect,6700.51,2024-01-04,2024-01-16,2024-02-15,2024-02-15,Closed,C00366
PO002943,V00297,Operations,IT Services,Indirect,16951.56,2024-12-03,2024-12-05,2025-01-06,2025-01-07,Closed,
PO002944,V00324,HR,Raw Materials,Direct,17235.8,2025-07-06,2025-07-10,2025-07-26,2025-07-25,Closed,C00112
PO002945,V00372,Legal,Professional Services,Indirect,13907.79,2025-10-30,2025-11-06,2025-12-10,2025-12-17,Closed,
PO002946,V00228,Engineering,Professional Services,Indirect,19030.83,2025-02-08,2025-02-14,2025-03-25,2025-03-28,Closed,C00229
PO002947,V00082,Finance,MRO,Direct,521.62,2025-03-14,2025-03-15,2025-04-06,2025-04-07,Closed,C00452
PO002948,V00292,Engineering,Capital Equipment,Direct,90694.9,2024-01-26,2024-02-01,2024-03-06,2024-03-11,Closed,
PO002949,V00263,Legal,IT Services,Indirect,10092.33,2024-12-31,2025-01-03,2025-01-15,2025-01-12,Open,
PO002950,V00056,Marketing,IT Services,Indirect,24749.22,2025-02-23,2025-03-08,2025-03-27,2025-03-22,Closed,C00102
PO002951,V00363,IT,Professional Services,Indirect,24857.17,2024-03-29,2024-04-10,2024-05-24,2024-05-19,Open,
PO002952,V00158,Marketing,Travel,Indirect,1900.73,2024-12-14,2024-12-19,2025-01-07,2025-01-10,Closed,
PO002953,V00333,R&D,IT Services,Indirect,5278.25,2025-03-17,2025-03-22,2025-04-24,2025-05-01,Open,
PO002954,V00071,Facilities,Marketing,Indirect,1547.12,2025-01-20,2025-02-01,2025-02-10,2025-02-23,Closed,C00070
PO002955,V00169,Facilities,Capital Equipment,Direct,8936.2,2025-07-23,2025-07-25,2025-08-04,2025-08-07,Closed,C00347
PO002956,V00113,Marketing,IT Services,Indirect,18166.32,2025-06-24,2025-06-25,2025-07-22,2025-07-25,Closed,C00535
PO002957,V00093,Finance,MRO,Direct,6723.87,2024-01-14,2024-01-19,2024-02-02,2024-01-29,Closed,C00363
PO002958,V00433,IT,Office Supplies,Indirect,7735.87,2025-08-23,2025-09-05,2025-10-11,2025-10-13,Closed,C00539
PO002959,V00357,Finance,Travel,Indirect,7299.7,2025-03-14,2025-03-23,2025-04-13,2025-04-22,Cancelled,C00041
PO002960,V00168,Facilities,Facilities,Indirect,3353.48,2024-02-14,2024-02-21,2024-04-01,2024-03-31,Closed,C00460
PO002961,V00164,Sales,Professional Services,Indirect,47898.82,2025-02-12,2025-02-24,2025-04-08,2025-04-14,Closed,C00374
PO002962,V00266,Operations,MRO,Direct,935.6,2024-10-27,2024-10-29,2024-11-29,2024-11-30,Closed,C00257
PO002963,V00038,IT,Raw Materials,Direct,11440.32,2025-08-24,2025-08-29,2025-10-06,2025-10-13,Closed,C00315
PO002964,V00403,Finance,Logistics,Direct,39935.26,2025-10-07,2025-10-21,2025-11-19,2025-11-18,Open,C00567
PO002965,V00452,HR,Travel,Indirect,2890.28,2024-04-17,2024-05-01,2024-06-01,2024-05-28,Cancelled,C00118
PO002966,V00176,Finance,IT Services,Indirect,3193.74,2025-11-04,2025-11-11,2025-11-27,2025-11-27,Closed,
PO002967,V00437,Sales,MRO,Direct,6184.51,2024-02-17,2024-03-01,2024-03-16,2024-03-16,Cancelled,
PO002968,V00323,Facilities,Marketing,Indirect,2630.83,2024-11-27,2024-12-04,2025-01-12,2025-01-12,Cancelled,C00192
PO002969,V00178,Operations,IT Services,Indirect,21795.36,2024-12-01,2024-12-08,2024-12-15,2024-12-10,Closed,
PO002970,V00368,Finance,IT Services,Indirect,40200.02,2024-08-19,2024-09-02,2024-09-21,2024-09-28,Cancelled,C00365
PO002971,V00214,Marketing,Raw Materials,Direct,4988.77,2025-05-20,2025-05-28,2025-07-05,2025-07-16,Cancelled,C00644
PO002972,V00485,Operations,Marketing,Indirect,8713.68,2024-03-11,2024-03-13,2024-03-26,2024-03-28,Closed,C00616
PO002973,V00405,Facilities,Raw Materials,Direct,5717.41,2024-06-06,2024-06-14,2024-07-19,2024-07-19,Closed,C00335
PO002974,V00066,Legal,Professional Services,Indirect,10812.9,2024-08-01,2024-08-04,2024-08-13,2024-08-16,Closed,C00584
PO002975,V00295,Operations,Marketing,Indirect,5814.24,2025-04-17,2025-04-30,2025-05-25,2025-05-20,Open,C00531
PO002976,V00440,Legal,Marketing,Indirect,2535.02,2025-06-26,2025-07-04,2025-07-28,2025-08-01,Cancelled,C00415
PO002977,V00039,Marketing,MRO,Direct,3368.89,2025-08-06,2025-08-18,2025-09-01,2025-08-30,Closed,C00454
PO002978,V00290,R&D,Raw Materials,Direct,40023.92,2024-07-14,2024-07-20,2024-08-17,2024-08-18,Closed,C00522
PO002979,V00408,R&D,Professional Services,Indirect,48021.75,2025-08-03,2025-08-16,2025-08-30,2025-08-30,Closed,
PO002980,V00441,Engineering,IT Services,Indirect,4394.97,2025-05-29,2025-06-09,2025-07-22,2025-07-28,Closed,C00060
PO002981,V00469,Sales,Professional Services,Indirect,11374.99,2025-06-09,2025-06-19,2025-07-08,2025-07-08,Closed,
PO002982,V00239,Engineering,Professional Services,Indirect,12422.65,2025-10-15,2025-10-16,2025-11-12,2025-11-14,Closed,C00121
PO002983,V00454,R&D,Raw Materials,Direct,23840.54,2024-07-02,2024-07-08,2024-08-05,2024-08-05,Closed,C00310
PO002984,V00370,Engineering,Logistics,Direct,4088.02,2024-10-23,2024-10-31,2024-11-23,2024-11-27,Closed,
PO002985,V00113,Manufacturing,IT Services,Indirect,13217.25,2024-08-08,2024-08-10,2024-09-14,2024-09-17,Closed,C00535
PO002986,V00301,Manufacturing,Travel,Indirect,8735.12,2025-06-06,2025-06-15,2025-07-19,2025-07-09,Closed,
PO002987,V00138,IT,Facilities,Indirect,2057.53,2025-10-22,2025-10-28,2025-11-07,2025-11-21,Closed,C00205
PO002988,V00452,Facilities,Travel,Indirect,3660.21,2025-10-29,2025-11-03,2025-11-23,2025-12-06,Closed,C00118
PO002989,V00194,Finance,IT Services,Indirect,10495.69,2025-04-28,2025-04-30,2025-05-28,2025-05-22,Closed,C00100
PO002990,V00197,Legal,IT Services,Indirect,14401.2,2024-03-15,2024-03-20,2024-04-28,2024-05-08,Closed,
PO002991,V00095,Marketing,Marketing,Indirect,4081.75,2024-07-09,2024-07-12,2024-08-04,2024-08-04,Closed,C00262
PO002992,V00382,Marketing,Raw Materials,Direct,17154.15,2024-10-26,2024-11-01,2024-11-09,2024-11-11,Closed,C00169
PO002993,V00266,IT,MRO,Direct,4183.05,2024-12-08,2024-12-09,2024-12-20,2024-12-11,Closed,C00255
PO002994,V00335,Sales,IT Services,Indirect,36988.49,2025-03-07,2025-03-09,2025-03-16,2025-03-15,Closed,C00054
PO002995,V00052,Operations,Raw Materials,Direct,13247.12,2024-09-16,2024-09-20,2024-10-06,2024-10-11,Open,C00612
PO002996,V00438,Legal,Capital Equipment,Direct,56687.95,2024-04-08,2024-04-10,2024-04-22,2024-04-23,Closed,C00302
PO002997,V00248,IT,Raw Materials,Direct,42608.1,2024-12-29,2025-01-03,2025-01-20,2025-01-27,Closed,C00213
PO002998,V00171,HR,Professional Services,Indirect,30490.35,2025-11-28,2025-12-01,2025-12-15,2025-12-15,Open,
PO002999,V00272,Finance,Professional Services,Indirect,86761.97,2024-09-25,2024-10-05,2024-10-30,2024-11-02,Closed,C00242
PO003000,V00216,Operations,Marketing,Indirect,4245.46,2025-05-02,2025-05-09,2025-05-19,2025-05-15,Cancelled,C00650
PO003001,V00077,HR,Marketing,Indirect,5748.45,2025-10-17,2025-10-24,2025-11-03,2025-11-03,Open,C00043
PO003002,V00222,Legal,Professional Services,Indirect,3690.43,2024-01-17,2024-01-19,2024-02-20,2024-02-29,Closed,C00609
PO003003,V00243,Finance,IT Services,Indirect,10173.29,2024-01-01,2024-01-06,2024-01-19,2024-01-17,Closed,C00589
PO003004,V00200,Marketing,Professional Services,Indirect,18993.56,2024-04-30,2024-05-09,2024-06-06,2024-06-09,Closed,C00375
PO003005,V00368,Facilities,IT Services,Indirect,10684.93,2024-01-07,2024-01-17,2024-01-28,2024-02-04,Closed,C00366
PO003006,V00112,HR,Raw Materials,Direct,7263.58,2025-09-10,2025-09-22,2025-10-29,2025-11-01,Closed,C00422
PO003007,V00030,HR,Raw Materials,Direct,4548.6,2024-08-23,2024-09-06,2024-10-20,2024-10-20,Cancelled,C00299
PO003008,V00403,Operations,Logistics,Direct,17979.28,2024-09-12,2024-09-17,2024-10-01,2024-10-08,Closed,C00566
PO003009,V00130,IT,MRO,Direct,10779.56,2024-10-03,2024-10-13,2024-11-01,2024-11-02,Closed,C00519
PO003010,V00007,Manufacturing,Professional Services,Indirect,9801.57,2025-12-24,2025-12-27,2026-01-04,2026-01-13,Closed,
PO003011,V00171,Engineering,Professional Services,Indirect,44533.19,2024-07-03,2024-07-10,2024-08-18,2024-08-26,Closed,C00602
PO003012,V00365,Marketing,Raw Materials,Direct,2245.7,2025-01-10,2025-01-18,2025-02-05,2025-02-14,Cancelled,C00413
PO003013,V00456,IT,Raw Materials,Direct,39618.84,2025-09-13,2025-09-20,2025-10-16,2025-10-15,Cancelled,C00146
PO003014,V00174,Legal,Logistics,Direct,2631.15,2024-05-23,2024-05-26,2024-06-09,2024-06-14,Closed,
PO003015,V00045,Operations,IT Services,Indirect,9073.52,2025-05-01,2025-05-05,2025-05-18,2025-05-20,Closed,
PO003016,V00281,R&D,Marketing,Indirect,10382.3,2024-03-25,2024-04-06,2024-04-13,2024-04-15,Open,C00040
PO003017,V00132,Finance,IT Services,Indirect,106460.81,2025-01-26,2025-02-08,2025-02-25,2025-02-17,Closed,
PO003018,V00322,IT,IT Services,Indirect,12174.39,2024-03-10,2024-03-18,2024-03-27,2024-03-27,Open,C00157
PO003019,V00142,Engineering,Raw Materials,Direct,20299.73,2025-11-26,2025-12-07,2026-01-10,2025-12-29,Open,C00341
PO003020,V00428,Finance,Capital Equipment,Direct,34889.02,2025-11-20,2025-11-28,2026-01-05,2026-01-07,Cancelled,
PO003021,V00368,Sales,IT Services,Indirect,22368.49,2025-09-17,2025-10-01,2025-10-21,2025-10-27,Open,C00365
PO003022,V00169,HR,Capital Equipment,Direct,65138.56,2024-11-17,2024-11-20,2024-12-15,2024-12-16,Open,C00347
PO003023,V00234,Manufacturing,Marketing,Indirect,220.51,2025-05-22,2025-05-29,2025-07-09,2025-07-11,Closed,C00548
PO003024,V00492,Manufacturing,IT Services,Indirect,27481.25,2024-12-13,2024-12-23,2025-02-03,2025-02-03,Closed,C00038
PO003025,V00194,R&D,IT Services,Indirect,16093.58,2025-12-12,2025-12-19,2026-01-07,2026-01-12,Cancelled,C00100
PO003026,V00409,Sales,Logistics,Direct,11919.51,2025-11-19,2025-11-24,2025-12-12,2025-12-17,Closed,C00036
PO003027,V00147,Sales,Professional Services,Indirect,8147.36,2025-08-14,2025-08-20,2025-10-03,2025-09-29,Closed,
PO003028,V00177,Marketing,Marketing,Indirect,8560.11,2024-09-15,2024-09-21,2024-10-13,2024-10-16,Closed,C00219
PO003029,V00069,Engineering,Raw Materials,Direct,2403.71,2024-12-13,2024-12-21,2025-01-27,2025-01-27,Closed,C00016
PO003030,V00039,R&D,MRO,Direct,1171.85,2024-08-12,2024-08-22,2024-09-23,2024-09-19,Closed,C00455
PO003031,V00439,Marketing,Professional Services,Indirect,5340.72,2024-06-21,2024-06-25,2024-08-05,2024-08-08,Cancelled,C00182
PO003032,V00180,Legal,Marketing,Indirect,16182.9,2024-11-06,2024-11-18,2024-12-17,2024-12-19,Closed,C00536
PO003033,V00368,HR,IT Services,Indirect,2923.29,2025-10-26,2025-11-07,2025-12-04,2025-12-05,Closed,C00365
PO003034,V00395,Operations,Professional Services,Indirect,18424.9,2025-10-03,2025-10-04,2025-11-18,2025-11-17,Closed,C00011
PO003035,V00272,Operations,Professional Services,Indirect,23994.78,2024-11-07,2024-11-14,2024-12-13,2024-12-22,Open,C00242
PO003036,V00368,HR,IT Services,Indirect,36526.24,2025-07-27,2025-07-30,2025-08-21,2025-08-19,Closed,C00365
PO003037,V00439,Sales,Professional Services,Indirect,14379.97,2024-07-19,2024-07-31,2024-08-19,2024-08-14,Cancelled,C00182
PO003038,V00366,Manufacturing,Marketing,Indirect,10170.38,2024-02-09,2024-02-17,2024-02-28,2024-03-01,Cancelled,C00343
PO003039,V00448,Legal,Capital Equipment,Direct,128918.28,2025-11-28,2025-12-10,2026-01-06,2026-01-14,Cancelled,C00474
PO003040,V00280,Operations,Facilities,Indirect,4660.26,2025-10-21,2025-10-31,2025-12-04,2025-12-12,Closed,
PO003041,V00023,IT,Capital Equipment,Direct,141374.79,2025-11-03,2025-11-07,2025-11-20,2025-11-25,Cancelled,
PO003042,V00240,R&D,Office Supplies,Indirect,946.42,2024-01-01,2024-01-14,2024-02-27,2024-02-25,Cancelled,C00488
PO003043,V00367,Engineering,Logistics,Direct,14848.85,2024-08-04,2024-08-17,2024-08-25,2024-08-23,Closed,
PO003044,V00372,R&D,Professional Services,Indirect,7059.05,2024-09-27,2024-09-30,2024-10-11,2024-10-11,Closed,C00027
PO003045,V00192,Finance,Professional Services,Indirect,245656.94,2025-01-12,2025-01-17,2025-02-20,2025-02-21,Closed,
PO003046,V00227,Sales,Logistics,Direct,40578.66,2024-02-22,2024-03-03,2024-04-17,2024-04-24,Closed,C00640
PO003047,V00169,Engineering,Capital Equipment,Direct,69987.5,2025-03-05,2025-03-10,2025-03-30,2025-03-22,Open,C00347
PO003048,V00043,Manufacturing,Professional Services,Indirect,51102.47,2024-12-20,2025-01-02,2025-01-10,2025-01-05,Closed,
PO003049,V00223,Operations,Professional Services,Indirect,26009.62,2025-03-02,2025-03-08,2025-04-07,2025-04-03,Closed,
PO003050,V00083,Legal,MRO,Direct,2828.45,2025-06-24,2025-07-05,2025-07-26,2025-08-01,Closed,C00153
PO003051,V00223,Sales,Professional Services,Indirect,2463.25,2025-06-23,2025-06-25,2025-08-04,2025-08-16,Open,
PO003052,V00166,R&D,Raw Materials,Direct,2598.35,2024-10-21,2024-10-29,2024-12-02,2024-11-26,Closed,C00373
PO003053,V00456,HR,Raw Materials,Direct,2516.38,2025-07-19,2025-07-22,2025-08-11,2025-08-08,Closed,C00146
PO003054,V00387,Legal,IT Services,Indirect,33122.29,2024-03-01,2024-03-09,2024-03-30,2024-04-03,Closed,C00508
PO003055,V00353,Legal,Professional Services,Indirect,106222.02,2025-07-19,2025-07-30,2025-09-04,2025-09-06,Open,C00127
PO003056,V00419,Operations,Professional Services,Indirect,13362.04,2024-01-21,2024-01-31,2024-03-03,2024-03-02,Open,
PO003057,V00130,Engineering,MRO,Direct,6442.95,2024-02-07,2024-02-16,2024-03-15,2024-03-24,Closed,C00518
PO003058,V00276,Operations,Capital Equipment,Direct,826422.12,2025-09-23,2025-09-24,2025-10-24,2025-10-24,Cancelled,C00336
PO003059,V00234,Legal,Marketing,Indirect,1511.92,2025-02-26,2025-03-03,2025-03-11,2025-03-08,Cancelled,C00548
PO003060,V00164,HR,Professional Services,Indirect,54851.38,2023-12-22,2024-01-02,2024-01-13,2024-01-26,Open,C00374
PO003061,V00368,R&D,IT Services,Indirect,41583.7,2024-05-10,2024-05-22,2024-06-19,2024-06-17,Open,C00366
PO003062,V00246,Finance,Logistics,Direct,9198.97,2025-10-21,2025-10-30,2025-12-13,2025-12-15,Open,
PO003063,V00205,R&D,Raw Materials,Direct,37891.2,2025-11-27,2025-11-30,2025-12-15,2025-12-16,Cancelled,
PO003064,V00234,Engineering,Marketing,Indirect,3095.14,2025-03-17,2025-03-22,2025-03-30,2025-04-04,Open,C00548
PO003065,V00403,Sales,Logistics,Direct,20948.78,2025-03-01,2025-03-13,2025-04-17,2025-04-14,Closed,C00566
PO003066,V00087,Engineering,Raw Materials,Direct,16355.1,2025-11-19,2025-12-01,2025-12-27,2025-12-26,Closed,
PO003067,V00134,Operations,Professional Services,Indirect,16734.97,2025-04-01,2025-04-14,2025-05-09,2025-05-05,Closed,C00578
PO003068,V00022,Sales,Facilities,Indirect,4873.84,2025-08-14,2025-08-16,2025-08-30,2025-09-01,Open,
PO003069,V00302,R&D,Travel,Indirect,1861.15,2024-03-29,2024-04-06,2024-04-16,2024-04-14,Open,C00198
PO003070,V00403,IT,Logistics,Direct,29180.97,2025-04-30,2025-05-13,2025-06-22,2025-06-20,Closed,C00567
PO003071,V00403,Sales,Logistics,Direct,9697.56,2024-09-14,2024-09-25,2024-10-05,2024-10-02,Closed,C00566
PO003072,V00452,R&D,Travel,Indirect,3700.45,2024-06-15,2024-06-20,2024-07-22,2024-07-23,Cancelled,C00117
PO003073,V00080,Sales,IT Services,Indirect,27237.66,2024-02-18,2024-02-22,2024-03-03,2024-03-04,Closed,
PO003074,V00491,Finance,Raw Materials,Direct,17325.71,2025-11-24,2025-11-30,2025-12-31,2025-12-31,Open,
PO003075,V00368,Operations,IT Services,Indirect,11094.3,2025-10-29,2025-11-02,2025-11-26,2025-12-03,Closed,C00365
PO003076,V00342,Finance,MRO,Direct,1842.55,2024-05-08,2024-05-13,2024-05-21,2024-05-31,Cancelled,C00131
PO003077,V00234,HR,Marketing,Indirect,25608.52,2025-02-17,2025-02-21,2025-03-07,2025-03-12,Closed,C00548
PO003078,V00472,Operations,Professional Services,Indirect,35425.49,2025-11-18,2025-11-29,2025-12-14,2025-12-11,Closed,C00304
PO003079,V00441,Operations,IT Services,Indirect,18074.73,2023-12-19,2024-01-02,2024-01-17,2024-01-22,Closed,C00060
PO003080,V00291,Finance,Travel,Indirect,469.68,2024-06-19,2024-06-30,2024-07-22,2024-07-30,Open,C00136
PO003081,V00353,IT,Professional Services,Indirect,6820.04,2024-05-12,2024-05-14,2024-06-16,2024-06-25,Closed,C00127
PO003082,V00376,Facilities,Logistics,Direct,19786.26,2024-03-23,2024-04-05,2024-04-17,2024-04-19,Closed,C00352
PO003083,V00448,HR,Capital Equipment,Direct,18777.98,2024-11-11,2024-11-18,2024-12-28,2024-12-30,Closed,C00474
PO003084,V00152,HR,Logistics,Direct,6265.06,2025-11-05,2025-11-19,2025-12-15,2025-12-15,Cancelled,
PO003085,V00119,IT,IT Services,Indirect,8362.15,2025-05-25,2025-06-08,2025-07-07,2025-07-10,Closed,
PO003086,V00376,Facilities,Logistics,Direct,36260.12,2024-03-11,2024-03-17,2024-03-25,2024-03-31,Cancelled,C00351
PO003087,V00306,Engineering,Raw Materials,Direct,2206.8,2024-07-06,2024-07-19,2024-08-08,2024-08-13,Closed,C00501
PO003088,V00096,Finance,Marketing,Indirect,3245.41,2025-04-15,2025-04-23,2025-05-31,2025-06-09,Closed,
PO003089,V00422,Finance,Professional Services,Indirect,23074.16,2025-07-26,2025-08-02,2025-08-27,2025-09-06,Open,C00626
PO003090,V00143,Engineering,IT Services,Indirect,12269.91,2025-03-07,2025-03-10,2025-04-15,2025-04-17,Closed,C00604
PO003091,V00353,IT,Professional Services,Indirect,37455.15,2024-10-21,2024-10-27,2024-11-21,2024-11-28,Closed,C00129
PO003092,V00200,Legal,Professional Services,Indirect,42878.64,2025-11-08,2025-11-09,2025-12-15,2025-12-16,Closed,
PO003093,V00372,HR,Professional Services,Indirect,10109.14,2024-01-24,2024-01-25,2024-03-08,2024-03-11,Cancelled,C00028
PO003094,V00241,IT,Logistics,Direct,8890.71,2024-03-24,2024-04-01,2024-05-14,2024-05-15,Closed,
PO003095,V00318,HR,Facilities,Indirect,4561.3,2024-02-12,2024-02-16,2024-03-01,2024-03-03,Open,C00137
PO003096,V00235,IT,MRO,Direct,10097.92,2025-11-13,2025-11-24,2026-01-07,2026-01-05,Closed,
PO003097,V00187,Legal,Logistics,Direct,3385.16,2024-12-12,2024-12-15,2025-01-06,2025-01-10,Closed,C00591
PO003098,V00071,Sales,Marketing,Indirect,536.04,2025-05-27,2025-06-09,2025-07-05,2025-07-15,Closed,C00070
PO003099,V00341,HR,MRO,Direct,14936.24,2025-07-14,2025-07-17,2025-08-21,2025-08-28,Open,C00534
PO003100,V00039,Sales,MRO,Direct,5157.36,2025-10-14,2025-10-22,2025-11-04,2025-11-04,Closed,C00454
PO003101,V00368,Manufacturing,IT Services,Indirect,13339.28,2025-03-24,2025-04-07,2025-04-22,2025-04-17,Closed,C00366
PO003102,V00368,Marketing,IT Services,Indirect,38316.59,2025-08-21,2025-09-02,2025-10-03,2025-10-10,Closed,C00366
PO003103,V00110,Operations,Professional Services,Indirect,28365.15,2025-07-30,2025-07-31,2025-08-29,2025-08-31,Closed,C00357
PO003104,V00058,Manufacturing,IT Services,Indirect,28623.39,2025-09-30,2025-10-10,2025-11-08,2025-11-10,Closed,C00245
PO003105,V00256,R&D,Facilities,Indirect,32919.04,2024-06-22,2024-06-30,2024-08-06,2024-08-12,Open,C00394
PO003106,V00113,Legal,IT Services,Indirect,22840.6,2025-10-23,2025-10-27,2025-11-11,2025-11-11,Open,C00535
PO003107,V00468,IT,Raw Materials,Direct,40780.07,2024-08-01,2024-08-03,2024-08-12,2024-08-20,Closed,C00368
PO003108,V00284,Sales,Professional Services,Indirect,42170.56,2025-04-17,2025-04-29,2025-06-08,2025-06-18,Closed,C00586
PO003109,V00356,Facilities,Capital Equipment,Direct,8582.39,2024-05-26,2024-05-28,2024-06-27,2024-07-01,Cancelled,C00529
PO003110,V00127,Operations,Raw Materials,Direct,31865.91,2025-01-15,2025-01-19,2025-01-30,2025-02-05,Closed,C00235
PO003111,V00412,Facilities,Professional Services,Indirect,31940.88,2024-01-06,2024-01-20,2024-02-10,2024-02-10,Closed,C00573
PO003112,V00421,IT,Marketing,Indirect,2341.23,2025-07-02,2025-07-07,2025-07-19,2025-07-20,Open,
PO003113,V00151,Engineering,Raw Materials,Direct,6205.6,2024-10-05,2024-10-15,2024-10-23,2024-11-05,Closed,C00435
PO003114,V00255,Engineering,Professional Services,Indirect,9305.85,2025-02-20,2025-03-01,2025-04-07,2025-04-09,Closed,
PO003115,V00387,Operations,IT Services,Indirect,12572.89,2024-04-27,2024-05-08,2024-06-04,2024-05-31,Closed,C00508
PO003116,V00093,Manufacturing,MRO,Direct,1217.93,2025-05-14,2025-05-20,2025-06-03,2025-06-07,Closed,C00363
PO003117,V00450,Legal,Raw Materials,Direct,35028.1,2025-01-21,2025-01-30,2025-03-11,2025-03-11,Closed,
PO003118,V00234,Engineering,Marketing,Indirect,977.07,2025-01-08,2025-01-11,2025-02-04,2025-02-12,Closed,C00548
PO003119,V00412,Engineering,Professional Services,Indirect,21459.64,2025-08-05,2025-08-16,2025-09-14,2025-09-26,Closed,
PO003120,V00495,HR,Marketing,Indirect,2491.21,2025-11-21,2025-12-01,2025-12-29,2026-01-03,Closed,
PO003121,V00202,HR,IT Services,Indirect,16060.12,2024-12-02,2024-12-06,2025-01-07,2025-01-05,Closed,
PO003122,V00088,Marketing,Professional Services,Indirect,78904.81,2025-06-09,2025-06-11,2025-07-22,2025-07-22,Cancelled,
PO003123,V00190,Manufacturing,Professional Services,Indirect,2708.18,2024-12-12,2024-12-21,2025-01-14,2025-01-21,Open,
PO003124,V00249,Engineering,Professional Services,Indirect,3415.03,2024-11-27,2024-12-05,2025-01-05,2025-01-07,Closed,C00358
PO003125,V00368,Finance,IT Services,Indirect,2925.82,2024-04-06,2024-04-14,2024-05-07,2024-05-05,Cancelled,C00366
PO003126,V00087,Facilities,Raw Materials,Direct,20698.85,2024-06-08,2024-06-17,2024-07-14,2024-07-07,Closed,C00179
PO003127,V00283,Operations,Logistics,Direct,4752.85,2024-12-04,2024-12-15,2024-12-31,2025-01-08,Cancelled,
PO003128,V00354,Operations,Professional Services,Indirect,5225.32,2024-09-11,2024-09-15,2024-10-21,2024-10-22,Closed,C00401
PO003129,V00368,Manufacturing,IT Services,Indirect,26701.51,2024-05-29,2024-06-09,2024-07-24,2024-07-21,Closed,C00366
PO003130,V00447,Finance,IT Services,Indirect,4416.73,2025-01-10,2025-01-15,2025-01-24,2025-01-22,Closed,C00663
PO003131,V00030,Marketing,Raw Materials,Direct,4895.43,2024-11-05,2024-11-12,2024-12-26,2024-12-28,Closed,
PO003132,V00473,Legal,Raw Materials,Direct,17640.93,2025-12-21,2025-12-25,2026-01-11,2026-01-08,Closed,
PO003133,V00368,HR,IT Services,Indirect,2944.67,2025-12-03,2025-12-06,2025-12-28,2025-12-27,Closed,C00365
PO003134,V00030,HR,Raw Materials,Direct,1995.96,2025-08-20,2025-08-26,2025-09-16,2025-09-19,Closed,C00299
PO003135,V00439,HR,Professional Services,Indirect,11714.52,2025-01-05,2025-01-18,2025-01-25,2025-01-27,Cancelled,
PO003136,V00412,Sales,Professional Services,Indirect,85018.3,2025-09-01,2025-09-02,2025-09-21,2025-09-24,Cancelled,C00574
PO003137,V00424,IT,Professional Services,Indirect,19489.04,2025-08-29,2025-09-05,2025-10-16,2025-10-23,Closed,C00206
PO003138,V00298,Legal,Capital Equipment,Direct,215066.02,2024-05-19,2024-06-01,2024-06-10,2024-06-13,Closed,C00468
PO003139,V00368,Finance,IT Services,Indirect,3203.17,2025-04-27,2025-04-28,2025-05-08,2025-05-11,Open,C00366
PO003140,V00482,Operations,MRO,Direct,955.11,2024-12-25,2024-12-29,2025-01-29,2025-02-05,Closed,C00545
PO003141,V00195,Facilities,IT Services,Indirect,10650.57,2025-12-12,2025-12-15,2025-12-27,2026-01-09,Cancelled,C00023
PO003142,V00169,Sales,Capital Equipment,Direct,25254.9,2024-04-05,2024-04-12,2024-04-26,2024-04-27,Closed,C00347
PO003143,V00121,R&D,Professional Services,Indirect,5452.7,2025-04-12,2025-04-16,2025-04-27,2025-04-23,Closed,C00563
PO003144,V00362,Legal,MRO,Direct,722.29,2025-06-12,2025-06-23,2025-08-05,2025-08-06,Closed,C00003
PO003145,V00403,Manufacturing,Logistics,Direct,27726.83,2024-11-15,2024-11-17,2024-12-14,2024-12-19,Closed,C00566
PO003146,V00368,Sales,IT Services,Indirect,31424.26,2024-03-18,2024-03-23,2024-04-16,2024-04-14,Cancelled,C00365
PO003147,V00153,HR,Professional Services,Indirect,10226.02,2024-07-10,2024-07-12,2024-08-17,2024-08-24,Closed,C00364
PO003148,V00066,Engineering,Professional Services,Indirect,71104.59,2025-08-06,2025-08-08,2025-09-09,2025-09-14,Open,C00584
PO003149,V00362,HR,MRO,Direct,21870.82,2025-12-14,2025-12-27,2026-01-28,2026-01-18,Cancelled,C00003
PO003150,V00323,Marketing,Marketing,Indirect,4668.94,2024-07-04,2024-07-13,2024-08-11,2024-08-10,Closed,C00190
PO003151,V00127,HR,Raw Materials,Direct,10334.48,2025-06-08,2025-06-11,2025-06-22,2025-06-24,Closed,C00234
PO003152,V00251,Legal,IT Services,Indirect,24249.51,2025-09-14,2025-09-17,2025-10-23,2025-10-24,Closed,C00386
PO003153,V00196,Manufacturing,MRO,Direct,11214.81,2025-10-12,2025-10-18,2025-10-27,2025-11-02,Closed,
PO003154,V00010,Legal,Logistics,Direct,65500.49,2024-09-09,2024-09-14,2024-09-23,2024-09-20,Closed,C00021
PO003155,V00180,Manufacturing,Marketing,Indirect,1181.71,2024-06-15,2024-06-19,2024-07-06,2024-07-08,Open,C00536
PO003156,V00322,IT,IT Services,Indirect,7194.62,2025-10-05,2025-10-19,2025-11-10,2025-11-10,Closed,
PO003157,V00305,Operations,IT Services,Indirect,18015.53,2025-10-29,2025-11-09,2025-11-17,2025-11-28,Closed,
PO003158,V00222,R&D,Professional Services,Indirect,31331.51,2025-04-23,2025-05-05,2025-05-30,2025-05-30,Closed,
PO003159,V00257,Operations,Raw Materials,Direct,33832.08,2025-06-09,2025-06-15,2025-07-21,2025-07-19,Open,C00634
PO003160,V00259,HR,Raw Materials,Direct,4043.65,2025-08-14,2025-08-18,2025-09-26,2025-10-02,Closed,
PO003161,V00168,Facilities,Facilities,Indirect,11278.92,2025-06-10,2025-06-14,2025-07-04,2025-07-01,Open,C00460
PO003162,V00036,Legal,Raw Materials,Direct,6271.25,2024-08-20,2024-08-22,2024-09-27,2024-09-27,Closed,C00599
PO003163,V00289,HR,Facilities,Indirect,4084.38,2024-12-22,2025-01-04,2025-02-07,2025-02-08,Closed,C00671
PO003164,V00298,Legal,Capital Equipment,Direct,120243.55,2024-02-23,2024-03-07,2024-04-17,2024-04-26,Closed,C00468
PO003165,V00166,HR,Raw Materials,Direct,27622.35,2025-07-30,2025-08-07,2025-09-19,2025-09-23,Open,C00373
PO003166,V00098,Engineering,Logistics,Direct,3675.9,2024-03-16,2024-03-30,2024-05-07,2024-05-07,Open,
PO003167,V00262,Engineering,Logistics,Direct,54538.71,2025-10-08,2025-10-22,2025-10-29,2025-10-30,Closed,C00269
PO003168,V00026,Sales,Facilities,Indirect,4875.05,2024-02-17,2024-02-28,2024-03-10,2024-03-04,Closed,C00209
PO003169,V00403,HR,Logistics,Direct,54026.77,2024-11-17,2024-11-24,2024-12-12,2024-12-20,Closed,C00567
PO003170,V00368,HR,IT Services,Indirect,132268.2,2024-09-21,2024-09-22,2024-11-01,2024-11-08,Closed,C00366
PO003171,V00368,Manufacturing,IT Services,Indirect,45456.59,2024-02-05,2024-02-09,2024-02-19,2024-02-27,Closed,C00365
PO003172,V00104,Legal,Professional Services,Indirect,22174.41,2024-01-06,2024-01-09,2024-01-19,2024-01-27,Closed,
PO003173,V00147,Finance,Professional Services,Indirect,5434.94,2024-01-08,2024-01-09,2024-02-23,2024-03-02,Closed,C00470
PO003174,V00276,Manufacturing,Capital Equipment,Direct,6894.73,2024-11-19,2024-11-20,2024-12-05,2024-12-07,Closed,C00337
PO003175,V00202,IT,IT Services,Indirect,14421.18,2024-01-14,2024-01-16,2024-02-27,2024-03-01,Closed,
PO003176,V00403,IT,Logistics,Direct,84226.21,2024-07-13,2024-07-21,2024-08-24,2024-08-29,Closed,C00566
PO003177,V00163,Marketing,Professional Services,Indirect,4285.07,2025-05-27,2025-05-31,2025-06-28,2025-07-05,Closed,
PO003178,V00221,Operations,Raw Materials,Direct,11098.75,2024-03-06,2024-03-13,2024-03-26,2024-03-29,Closed,C00218
PO003179,V00010,Legal,Logistics,Direct,10441.96,2024-02-01,2024-02-09,2024-02-19,2024-02-13,Open,C00019
PO003180,V00291,HR,Travel,Indirect,2230.55,2024-02-24,2024-03-09,2024-03-30,2024-04-05,Closed,
PO003181,V00063,Marketing,Raw Materials,Direct,15575.85,2024-10-09,2024-10-20,2024-11-17,2024-11-26,Closed,
PO003182,V00169,Sales,Capital Equipment,Direct,17940.42,2024-08-17,2024-08-27,2024-10-11,2024-09-28,Cancelled,C00346
PO003183,V00147,Operations,Professional Services,Indirect,7921.92,2025-12-02,2025-12-12,2026-01-03,2026-01-05,Closed,
PO003184,V00366,HR,Marketing,Indirect,29901.3,2024-12-24,2024-12-26,2025-01-07,2025-01-07,Closed,C00342
PO003185,V00021,Manufacturing,Logistics,Direct,8364.65,2024-06-09,2024-06-21,2024-07-18,2024-07-16,Closed,
PO003186,V00368,Finance,IT Services,Indirect,37252.43,2025-04-04,2025-04-09,2025-04-29,2025-05-02,Open,C00366
PO003187,V00140,Legal,MRO,Direct,4633.1,2025-01-24,2025-02-05,2025-02-12,2025-02-14,Closed,C00412
PO003188,V00375,Manufacturing,Raw Materials,Direct,22935.21,2024-06-17,2024-06-23,2024-07-10,2024-07-15,Closed,C00006
PO003189,V00430,Facilities,IT Services,Indirect,11778.76,2025-08-20,2025-08-22,2025-09-01,2025-09-08,Closed,C00642
PO003190,V00368,R&D,IT Services,Indirect,9267.89,2025-08-18,2025-08-29,2025-10-02,2025-10-01,Closed,C00365
PO003191,V00158,HR,Travel,Indirect,5406.86,2024-09-10,2024-09-16,2024-10-11,2024-10-12,Closed,C00318
PO003192,V00465,Operations,Raw Materials,Direct,8077.99,2024-05-11,2024-05-15,2024-06-09,2024-06-11,Closed,C00210
PO003193,V00233,IT,Raw Materials,Direct,64120.76,2024-10-29,2024-11-12,2024-12-22,2024-12-23,Closed,C00559
PO003194,V00077,Operations,Marketing,Indirect,11865.04,2024-10-03,2024-10-11,2024-11-07,2024-11-13,Closed,C00043
PO003195,V00393,Operations,Professional Services,Indirect,15569.93,2025-02-17,2025-02-24,2025-04-08,2025-04-16,Open,C00472
PO003196,V00078,Legal,Professional Services,Indirect,44207.29,2024-05-13,2024-05-14,2024-06-04,2024-06-07,Open,C00084
PO003197,V00199,HR,Raw Materials,Direct,4162.13,2024-05-29,2024-06-09,2024-06-24,2024-06-23,Closed,C00466
PO003198,V00257,Manufacturing,Raw Materials,Direct,14366.75,2025-02-03,2025-02-09,2025-03-18,2025-03-14,Cancelled,C00634
PO003199,V00403,IT,Logistics,Direct,4421.05,2025-06-04,2025-06-09,2025-06-25,2025-06-29,Cancelled,C00566
PO003200,V00385,Engineering,Professional Services,Indirect,48997.74,2023-12-21,2024-01-03,2024-02-10,2024-02-10,Closed,C00076
PO003201,V00460,Manufacturing,Raw Materials,Direct,4826.83,2024-03-08,2024-03-21,2024-04-06,2024-04-10,Closed,
PO003202,V00452,IT,Travel,Indirect,2324.22,2025-08-21,2025-09-02,2025-09-28,2025-09-27,Closed,C00117
PO003203,V00128,R&D,Capital Equipment,Direct,36713.51,2025-06-10,2025-06-21,2025-08-04,2025-07-29,Open,
PO003204,V00201,Engineering,IT Services,Indirect,23876.88,2024-09-09,2024-09-22,2024-10-30,2024-10-23,Closed,C00662
PO003205,V00246,Engineering,Logistics,Direct,14134.43,2024-07-05,2024-07-10,2024-08-11,2024-08-05,Closed,
PO003206,V00255,Legal,Professional Services,Indirect,52090.46,2024-06-11,2024-06-22,2024-08-04,2024-08-01,Closed,C00630
PO003207,V00430,Marketing,IT Services,Indirect,25352.15,2024-11-25,2024-12-01,2025-01-14,2025-01-16,Closed,C00642
PO003208,V00230,Marketing,Marketing,Indirect,1899.83,2025-03-03,2025-03-13,2025-03-29,2025-03-25,Closed,
PO003209,V00479,Manufacturing,Facilities,Indirect,832.27,2024-02-25,2024-03-08,2024-04-10,2024-04-26,Cancelled,C00381
PO003210,V00180,Legal,Marketing,Indirect,3185.98,2025-01-14,2025-01-22,2025-02-09,2025-02-11,Closed,C00536
PO003211,V00403,IT,Logistics,Direct,23162.59,2024-06-12,2024-06-13,2024-07-12,2024-07-12,Closed,C00566
PO003212,V00138,Legal,Facilities,Indirect,2562.73,2025-08-10,2025-08-13,2025-09-21,2025-09-26,Open,C00205
PO003213,V00004,R&D,Professional Services,Indirect,23989.93,2024-12-15,2024-12-20,2025-01-12,2025-01-11,Closed,C00285
PO003214,V00062,Engineering,Office Supplies,Indirect,14517.25,2024-11-19,2024-11-21,2024-12-31,2025-01-05,Cancelled,C00651
PO003215,V00403,HR,Logistics,Direct,10547.41,2024-04-16,2024-04-28,2024-05-20,2024-05-20,Cancelled,C00566
PO003216,V00405,R&D,Raw Materials,Direct,7432.55,2025-10-01,2025-10-09,2025-11-11,2025-11-14,Closed,
PO003217,V00234,Facilities,Marketing,Indirect,10750.4,2024-07-05,2024-07-16,2024-08-27,2024-08-27,Open,C00548
PO003218,V00368,Facilities,IT Services,Indirect,5571.25,2023-12-29,2024-01-07,2024-02-06,2024-02-08,Closed,C00365
PO003219,V00368,Manufacturing,IT Services,Indirect,7862.44,2024-12-24,2025-01-07,2025-02-08,2025-02-12,Closed,C00365
PO003220,V00094,Facilities,Logistics,Direct,5887.05,2024-09-04,2024-09-06,2024-09-23,2024-09-17,Closed,
PO003221,V00430,Operations,IT Services,Indirect,56875.97,2024-12-25,2025-01-04,2025-02-02,2025-02-02,Closed,C00641
PO003222,V00046,IT,Capital Equipment,Direct,39161.76,2024-07-04,2024-07-11,2024-08-23,2024-09-01,Open,
PO003223,V00126,Engineering,IT Services,Indirect,47217.81,2024-09-26,2024-10-03,2024-10-31,2024-10-30,Cancelled,C00511
PO003224,V00448,Manufacturing,Capital Equipment,Direct,23811.72,2025-04-05,2025-04-07,2025-05-07,2025-05-10,Cancelled,C00475
PO003225,V00478,Sales,Professional Services,Indirect,29301.85,2024-02-20,2024-02-21,2024-04-03,2024-04-08,Closed,
PO003226,V00368,Manufacturing,IT Services,Indirect,21497.24,2025-03-22,2025-04-02,2025-05-12,2025-05-13,Closed,C00365
PO003227,V00448,IT,Capital Equipment,Direct,182127.58,2024-03-05,2024-03-07,2024-04-07,2024-04-06,Closed,C00474
PO003228,V00369,HR,IT Services,Indirect,38087.24,2025-03-31,2025-04-03,2025-05-02,2025-05-01,Closed,C00482
PO003229,V00125,Manufacturing,Raw Materials,Direct,8353.66,2024-01-04,2024-01-06,2024-01-27,2024-01-31,Closed,
PO003230,V00473,Legal,Raw Materials,Direct,20681.84,2025-08-26,2025-08-29,2025-09-29,2025-09-29,Closed,C00171
PO003231,V00045,Operations,IT Services,Indirect,20118.36,2025-06-17,2025-06-30,2025-08-10,2025-08-14,Closed,C00582
PO003232,V00194,Legal,IT Services,Indirect,2762.83,2025-05-10,2025-05-17,2025-06-09,2025-06-11,Open,
PO003233,V00154,IT,Raw Materials,Direct,17143.87,2025-01-17,2025-01-19,2025-02-25,2025-03-01,Open,C00224
PO003234,V00288,HR,Facilities,Indirect,2753.27,2024-04-16,2024-04-22,2024-05-11,2024-05-02,Closed,C00476
PO003235,V00116,Operations,Raw Materials,Direct,22184.57,2025-06-20,2025-06-26,2025-07-03,2025-07-02,Closed,
PO003236,V00423,Manufacturing,Raw Materials,Direct,9092.3,2025-06-19,2025-07-02,2025-08-09,2025-08-10,Closed,C00547
PO003237,V00456,Legal,Raw Materials,Direct,24195.78,2024-08-23,2024-08-24,2024-09-28,2024-10-01,Closed,C00146
PO003238,V00094,Engineering,Logistics,Direct,8379.15,2025-09-29,2025-10-01,2025-11-08,2025-11-04,Cancelled,
PO003239,V00496,Sales,Raw Materials,Direct,12306.3,2024-04-15,2024-04-24,2024-05-12,2024-05-18,Closed,C00030
PO003240,V00368,R&D,IT Services,Indirect,9869.5,2025-01-23,2025-02-06,2025-02-25,2025-02-28,Closed,C00365
PO003241,V00205,IT,Raw Materials,Direct,7705.46,2025-01-10,2025-01-20,2025-01-29,2025-01-25,Closed,
PO003242,V00368,Engineering,IT Services,Indirect,6669.57,2024-09-13,2024-09-27,2024-11-03,2024-11-11,Open,C00366
PO003243,V00235,Sales,MRO,Direct,10533.44,2025-08-18,2025-08-31,2025-10-05,2025-10-02,Closed,
PO003244,V00289,R&D,Facilities,Indirect,12385.2,2025-08-24,2025-09-06,2025-09-29,2025-10-07,Open,
PO003245,V00269,Facilities,Raw Materials,Direct,5423.73,2025-05-18,2025-05-22,2025-07-02,2025-07-06,Cancelled,C00141
PO003246,V00042,Legal,Raw Materials,Direct,58078.86,2025-12-17,2025-12-31,2026-01-24,2026-01-18,Open,
PO003247,V00412,Marketing,Professional Services,Indirect,40104.76,2024-07-04,2024-07-14,2024-08-11,2024-08-20,Closed,C00573
PO003248,V00063,Engineering,Raw Materials,Direct,4756.71,2025-02-24,2025-03-04,2025-04-07,2025-04-08,Closed,
PO003249,V00219,Sales,IT Services,Indirect,22283.5,2024-01-27,2024-02-05,2024-02-12,2024-02-08,Closed,C00287
PO003250,V00076,IT,Office Supplies,Indirect,6330.14,2025-03-04,2025-03-15,2025-03-30,2025-03-30,Closed,
PO003251,V00117,Manufacturing,IT Services,Indirect,2036.21,2024-09-09,2024-09-21,2024-10-09,2024-10-02,Closed,
PO003252,V00423,R&D,Raw Materials,Direct,11626.63,2025-10-08,2025-10-16,2025-11-02,2025-11-06,Closed,C00547
PO003253,V00432,IT,Capital Equipment,Direct,5503.68,2024-12-18,2024-12-21,2025-01-13,2025-01-13,Closed,C00176
PO003254,V00336,IT,Marketing,Indirect,8649.42,2025-06-13,2025-06-23,2025-08-02,2025-08-13,Closed,
PO003255,V00424,R&D,Professional Services,Indirect,16192.41,2025-07-10,2025-07-19,2025-08-09,2025-08-08,Closed,
PO003256,V00482,Facilities,MRO,Direct,1947.91,2024-09-07,2024-09-18,2024-10-24,2024-10-24,Closed,C00545
PO003257,V00440,Manufacturing,Marketing,Indirect,11574.27,2025-11-24,2025-12-08,2026-01-03,2026-01-17,Cancelled,C00415
PO003258,V00289,Facilities,Facilities,Indirect,11542.35,2024-06-02,2024-06-07,2024-06-17,2024-06-19,Closed,C00671
PO003259,V00400,Manufacturing,Logistics,Direct,14440.55,2025-03-17,2025-03-29,2025-04-26,2025-04-29,Closed,
PO003260,V00060,IT,Capital Equipment,Direct,30846.69,2025-06-25,2025-06-29,2025-07-29,2025-07-23,Closed,C00418
PO003261,V00105,Finance,Professional Services,Indirect,31780.14,2024-02-17,2024-02-21,2024-03-16,2024-03-14,Cancelled,C00010
PO003262,V00148,Operations,Facilities,Indirect,6807.46,2025-04-14,2025-04-19,2025-05-14,2025-05-13,Cancelled,
PO003263,V00424,Facilities,Professional Services,Indirect,160315.97,2024-02-15,2024-02-18,2024-03-15,2024-03-08,Closed,C00207
PO003264,V00042,HR,Raw Materials,Direct,4873.13,2024-02-09,2024-02-14,2024-03-23,2024-03-30,Closed,
PO003265,V00368,Finance,IT Services,Indirect,7347.11,2024-11-10,2024-11-15,2024-12-20,2024-12-26,Open,C00365
PO003266,V00278,Facilities,Professional Services,Indirect,55314.01,2024-11-02,2024-11-12,2024-11-26,2024-12-04,Closed,C00134
PO003267,V00029,Engineering,Capital Equipment,Direct,87886.07,2025-12-19,2025-12-21,2026-01-30,2026-02-03,Closed,
PO003268,V00104,Legal,Professional Services,Indirect,4201.22,2024-04-03,2024-04-11,2024-05-23,2024-05-20,Closed,
PO003269,V00164,IT,Professional Services,Indirect,84627.65,2025-06-30,2025-07-05,2025-08-06,2025-08-08,Cancelled,
PO003270,V00149,IT,Capital Equipment,Direct,121360.85,2024-12-28,2024-12-31,2025-01-26,2025-01-25,Closed,
PO003271,V00204,Facilities,IT Services,Indirect,2898.13,2025-06-07,2025-06-14,2025-07-28,2025-08-02,Closed,
PO003272,V00347,Marketing,MRO,Direct,3318.43,2024-06-19,2024-06-24,2024-08-08,2024-08-09,Closed,C00429
PO003273,V00495,Operations,Marketing,Indirect,3360.8,2025-12-20,2025-12-21,2026-01-21,2026-01-21,Closed,
PO003274,V00456,Finance,Raw Materials,Direct,20139.17,2024-12-29,2025-01-04,2025-01-11,2025-01-12,Closed,C00146
PO003275,V00273,Operations,Office Supplies,Indirect,7091.26,2025-03-25,2025-04-02,2025-04-19,2025-04-19,Closed,C00356
PO003276,V00077,R&D,Marketing,Indirect,876.55,2024-11-06,2024-11-08,2024-11-26,2024-12-02,Closed,C00043
PO003277,V00287,Operations,Professional Services,Indirect,25832.41,2024-08-04,2024-08-05,2024-09-10,2024-09-14,Closed,C00417
PO003278,V00300,Legal,MRO,Direct,510.25,2024-12-14,2024-12-17,2024-12-26,2025-01-01,Cancelled,C00391
PO003279,V00370,Finance,Logistics,Direct,47468.59,2024-03-12,2024-03-13,2024-04-19,2024-04-22,Closed,
PO003280,V00207,IT,Raw Materials,Direct,5981.83,2025-06-13,2025-06-23,2025-07-23,2025-07-19,Closed,C00627
PO003281,V00266,HR,MRO,Direct,2440.28,2024-09-04,2024-09-15,2024-10-22,2024-11-02,Open,C00256
PO003282,V00102,Sales,IT Services,Indirect,4568.72,2025-04-03,2025-04-11,2025-05-18,2025-05-16,Closed,C00052
PO003283,V00317,Legal,Logistics,Direct,6512.52,2025-05-27,2025-06-01,2025-06-14,2025-06-17,Closed,C00034
PO003284,V00476,Legal,Raw Materials,Direct,17516.41,2024-01-18,2024-02-01,2024-02-22,2024-02-26,Closed,C00056
PO003285,V00158,HR,Travel,Indirect,8347.89,2024-12-23,2025-01-05,2025-02-16,2025-02-15,Closed,C00318
PO003286,V00403,Marketing,Logistics,Direct,17645.69,2024-04-03,2024-04-10,2024-04-18,2024-04-28,Cancelled,C00567
PO003287,V00037,Operations,Professional Services,Indirect,3781.5,2025-02-03,2025-02-10,2025-02-27,2025-02-28,Closed,C00408
PO003288,V00286,Facilities,Professional Services,Indirect,45957.58,2025-01-12,2025-01-26,2025-02-19,2025-02-25,Closed,C00572
PO003289,V00372,R&D,Professional Services,Indirect,6990.1,2024-09-04,2024-09-11,2024-10-11,2024-10-13,Closed,
PO003290,V00132,Finance,IT Services,Indirect,44095.54,2025-10-13,2025-10-19,2025-10-28,2025-11-02,Open,
PO003291,V00211,Marketing,MRO,Direct,3844.77,2024-10-07,2024-10-11,2024-11-18,2024-11-23,Cancelled,C00345
PO003292,V00145,HR,Professional Services,Indirect,24476.91,2024-04-30,2024-05-06,2024-06-17,2024-06-17,Open,C00328
PO003293,V00147,Legal,Professional Services,Indirect,89025.41,2025-09-20,2025-09-26,2025-10-13,2025-10-15,Cancelled,
PO003294,V00029,Legal,Capital Equipment,Direct,379927.66,2024-08-19,2024-08-25,2024-09-11,2024-09-17,Closed,C00601
PO003295,V00187,Sales,Logistics,Direct,33330.26,2024-08-01,2024-08-02,2024-08-23,2024-09-01,Closed,C00591
PO003296,V00395,Engineering,Professional Services,Indirect,65410.76,2025-03-24,2025-04-03,2025-04-15,2025-04-11,Cancelled,C00011
PO003297,V00393,Marketing,Professional Services,Indirect,5479.85,2025-11-06,2025-11-08,2025-11-27,2025-12-01,Open,C00472
PO003298,V00403,Sales,Logistics,Direct,6644.47,2025-03-31,2025-04-03,2025-05-07,2025-05-14,Open,C00567
PO003299,V00368,Engineering,IT Services,Indirect,40469.8,2025-04-07,2025-04-09,2025-04-20,2025-04-16,Closed,C00366
PO003300,V00003,Sales,Raw Materials,Direct,6297.36,2025-03-03,2025-03-13,2025-04-01,2025-04-04,Closed,C00064
PO003301,V00350,Engineering,Logistics,Direct,24694.16,2024-07-25,2024-07-26,2024-08-17,2024-08-16,Closed,C00564
PO003302,V00352,Facilities,Marketing,Indirect,10875.49,2025-06-01,2025-06-10,2025-07-06,2025-07-07,Closed,C00504
PO003303,V00215,Marketing,Logistics,Direct,2097.67,2025-01-16,2025-01-20,2025-02-01,2025-01-27,Closed,
PO003304,V00022,R&D,Facilities,Indirect,17101.64,2025-11-22,2025-12-02,2025-12-24,2025-12-25,Cancelled,
PO003305,V00186,Marketing,Raw Materials,Direct,11838.78,2025-07-02,2025-07-08,2025-08-13,2025-08-14,Closed,C00082
PO003306,V00171,Finance,Professional Services,Indirect,9912.62,2024-03-19,2024-03-29,2024-04-26,2024-05-01,Open,C00602
PO003307,V00010,IT,Logistics,Direct,3864.12,2025-11-25,2025-12-05,2025-12-25,2025-12-27,Closed,C00020
PO003308,V00179,IT,Professional Services,Indirect,19173.47,2025-09-23,2025-10-05,2025-10-27,2025-10-24,Closed,C00619
PO003309,V00148,Operations,Facilities,Indirect,725.35,2024-12-04,2024-12-10,2024-12-18,2024-12-24,Closed,C00473
PO003310,V00335,Finance,IT Services,Indirect,16327.75,2025-10-25,2025-11-01,2025-12-06,2025-12-12,Closed,
PO003311,V00031,Facilities,IT Services,Indirect,10242.44,2025-11-09,2025-11-16,2025-12-03,2025-12-06,Closed,
PO003312,V00318,Marketing,Facilities,Indirect,4855.01,2024-04-01,2024-04-09,2024-05-23,2024-05-24,Closed,C00137
PO003313,V00113,Legal,IT Services,Indirect,15082.07,2025-07-03,2025-07-06,2025-07-15,2025-07-15,Closed,C00535
PO003314,V00196,HR,MRO,Direct,2894.1,2025-07-01,2025-07-04,2025-08-03,2025-08-16,Closed,
PO003315,V00042,R&D,Raw Materials,Direct,80779.07,2024-12-08,2024-12-19,2025-02-01,2025-02-01,Cancelled,
PO003316,V00165,Legal,Professional Services,Indirect,10605.77,2025-08-30,2025-09-11,2025-10-25,2025-10-25,Closed,C00551
PO003317,V00216,Marketing,Marketing,Indirect,609.84,2025-05-06,2025-05-09,2025-05-31,2025-05-26,Open,C00650
PO003318,V00012,Finance,IT Services,Indirect,9643.83,2025-04-21,2025-05-05,2025-06-14,2025-06-13,Closed,
PO003319,V00112,HR,Raw Materials,Direct,17220.62,2024-10-04,2024-10-17,2024-11-24,2024-11-24,Closed,C00422
PO003320,V00255,Engineering,Professional Services,Indirect,49074.1,2024-05-21,2024-06-02,2024-06-23,2024-06-24,Closed,
PO003321,V00399,Facilities,IT Services,Indirect,12638.83,2024-12-22,2024-12-23,2025-01-18,2025-01-19,Closed,C00605
PO003322,V00332,Engineering,Raw Materials,Direct,11721.94,2025-04-27,2025-04-28,2025-05-20,2025-05-24,Closed,C00201
PO003323,V00008,Facilities,IT Services,Indirect,15751.92,2024-02-15,2024-02-22,2024-03-17,2024-03-22,Closed,C00308
PO003324,V00239,Manufacturing,Professional Services,Indirect,14619.55,2025-03-06,2025-03-17,2025-04-05,2025-03-31,Cancelled,C00123
PO003325,V00235,Marketing,MRO,Direct,4940.53,2024-04-22,2024-05-03,2024-05-13,2024-05-12,Closed,C00403
PO003326,V00169,R&D,Capital Equipment,Direct,282558.19,2025-07-17,2025-07-23,2025-08-25,2025-08-31,Open,C00347
PO003327,V00333,Marketing,IT Services,Indirect,35590.86,2024-12-12,2024-12-19,2025-01-10,2025-01-16,Closed,C00193
PO003328,V00145,Engineering,Professional Services,Indirect,10851.03,2024-05-21,2024-05-23,2024-06-03,2024-06-08,Closed,C00328
PO003329,V00361,Marketing,Raw Materials,Direct,7882.3,2025-04-03,2025-04-12,2025-04-28,2025-04-24,Closed,C00428
PO003330,V00403,Operations,Logistics,Direct,12951.52,2025-10-15,2025-10-29,2025-11-24,2025-11-17,Closed,C00567
PO003331,V00341,Marketing,MRO,Direct,1190.07,2024-08-07,2024-08-19,2024-09-07,2024-09-12,Closed,C00534
PO003332,V00460,IT,Raw Materials,Direct,4683.02,2025-08-28,2025-09-09,2025-09-29,2025-09-25,Closed,
PO003333,V00169,Manufacturing,Capital Equipment,Direct,40054.44,2024-01-05,2024-01-09,2024-01-16,2024-01-14,Cancelled,C00346
PO003334,V00243,Finance,IT Services,Indirect,21995.27,2024-02-11,2024-02-13,2024-03-29,2024-03-26,Closed,C00589
PO003335,V00236,Marketing,Marketing,Indirect,16740.95,2024-09-18,2024-09-27,2024-10-27,2024-10-25,Open,
PO003336,V00054,Marketing,Professional Services,Indirect,27138.05,2024-02-23,2024-03-01,2024-03-20,2024-03-25,Closed,
PO003337,V00456,Facilities,Raw Materials,Direct,11105.67,2025-06-15,2025-06-20,2025-07-07,2025-07-08,Open,C00148
PO003338,V00308,Operations,Raw Materials,Direct,6006.38,2025-01-22,2025-01-23,2025-02-12,2025-02-15,Cancelled,
PO003339,V00053,IT,IT Services,Indirect,14409.05,2024-05-14,2024-05-17,2024-06-21,2024-06-24,Closed,
PO003340,V00327,Marketing,Logistics,Direct,10153.3,2024-02-20,2024-02-24,2024-03-23,2024-03-23,Cancelled,
PO003341,V00045,R&D,IT Services,Indirect,17562.21,2025-04-07,2025-04-18,2025-05-22,2025-05-29,Cancelled,C00582
PO003342,V00370,Legal,Logistics,Direct,9501.81,2025-02-25,2025-03-03,2025-03-22,2025-03-17,Cancelled,C00331
PO003343,V00452,Operations,Travel,Indirect,2161.44,2025-12-09,2025-12-17,2026-01-24,2026-02-02,Open,C00117
PO003344,V00117,IT,IT Services,Indirect,93602.73,2025-06-16,2025-06-24,2025-07-12,2025-07-16,Closed,C00277
PO003345,V00406,Manufacturing,Logistics,Direct,3291.71,2024-03-28,2024-04-01,2024-05-09,2024-05-07,Closed,C00289
PO003346,V00083,Facilities,MRO,Direct,11164.89,2025-12-19,2025-12-27,2026-01-26,2026-01-26,Closed,C00153
PO003347,V00403,IT,Logistics,Direct,8148.03,2025-10-21,2025-10-24,2025-11-28,2025-11-27,Cancelled,C00567
PO003348,V00222,Sales,Professional Services,Indirect,28090.89,2024-05-23,2024-05-27,2024-06-06,2024-06-12,Closed,C00610
PO003349,V00069,R&D,Raw Materials,Direct,12704.28,2024-02-15,2024-02-28,2024-03-31,2024-03-27,Closed,
PO003350,V00354,Legal,Professional Services,Indirect,80732.27,2024-12-30,2025-01-12,2025-02-26,2025-02-26,Cancelled,C00401
PO003351,V00466,R&D,Professional Services,Indirect,32114.48,2024-12-01,2024-12-03,2024-12-27,2024-12-30,Closed,C00150
PO003352,V00405,Marketing,Raw Materials,Direct,23072.43,2025-05-27,2025-06-03,2025-07-02,2025-07-01,Closed,
PO003353,V00495,Manufacturing,Marketing,Indirect,1401.66,2024-12-21,2024-12-23,2025-02-04,2025-02-05,Closed,C00108
PO003354,V00403,Legal,Logistics,Direct,8163.74,2024-02-29,2024-03-10,2024-04-04,2024-03-29,Closed,C00567
PO003355,V00169,Finance,Capital Equipment,Direct,49097.29,2025-11-12,2025-11-14,2025-12-06,2025-12-06,Cancelled,C00347
PO003356,V00457,Marketing,Raw Materials,Direct,29442.17,2025-10-30,2025-10-31,2025-12-14,2025-12-16,Cancelled,
PO003357,V00025,Legal,Logistics,Direct,2322.65,2025-03-27,2025-03-31,2025-05-13,2025-05-15,Open,
PO003358,V00357,HR,Travel,Indirect,9429.76,2024-10-11,2024-10-13,2024-11-26,2024-11-26,Open,C00041
PO003359,V00445,Facilities,IT Services,Indirect,31859.56,2025-10-18,2025-10-22,2025-11-24,2025-12-02,Closed,
PO003360,V00127,R&D,Raw Materials,Direct,34335.88,2024-03-19,2024-03-22,2024-03-30,2024-04-01,Cancelled,
PO003361,V00193,Facilities,Capital Equipment,Direct,30137.38,2025-11-23,2025-12-06,2026-01-18,2026-01-21,Closed,C00248
PO003362,V00110,Sales,Professional Services,Indirect,76721.21,2025-02-18,2025-03-01,2025-04-05,2025-04-08,Closed,C00357
PO003363,V00300,R&D,MRO,Direct,8643.3,2024-05-15,2024-05-16,2024-06-21,2024-06-18,Closed,
PO003364,V00361,Engineering,Raw Materials,Direct,16468.61,2024-05-12,2024-05-26,2024-06-14,2024-06-22,Closed,C00428
PO003365,V00325,Engineering,Raw Materials,Direct,45542.68,2025-07-18,2025-07-20,2025-08-21,2025-08-18,Closed,C00173
PO003366,V00324,Legal,Raw Materials,Direct,10714.58,2024-04-02,2024-04-14,2024-05-06,2024-05-06,Open,C00112
PO003367,V00470,HR,IT Services,Indirect,2549.3,2025-01-02,2025-01-06,2025-01-19,2025-01-20,Closed,C00461
PO003368,V00112,Manufacturing,Raw Materials,Direct,4136.68,2024-01-27,2024-02-09,2024-03-19,2024-03-24,Cancelled,C00422
PO003369,V00403,Legal,Logistics,Direct,13388.51,2025-02-08,2025-02-10,2025-03-09,2025-03-15,Closed,C00567
PO003370,V00112,Engineering,Raw Materials,Direct,7531.41,2025-08-01,2025-08-02,2025-09-06,2025-09-09,Closed,
PO003371,V00125,HR,Raw Materials,Direct,2032.95,2025-09-26,2025-10-08,2025-11-15,2025-11-15,Closed,C00015
PO003372,V00071,Legal,Marketing,Indirect,3823.68,2024-12-16,2024-12-18,2025-01-07,2025-01-11,Closed,C00070
PO003373,V00476,Legal,Raw Materials,Direct,13588.66,2025-04-03,2025-04-04,2025-05-03,2025-04-28,Closed,C00055
PO003374,V00026,R&D,Facilities,Indirect,2874.24,2024-10-10,2024-10-12,2024-10-24,2024-10-20,Cancelled,C00209
PO003375,V00405,Engineering,Raw Materials,Direct,4973.56,2025-05-14,2025-05-24,2025-06-18,2025-06-08,Closed,C00335
PO003376,V00378,Operations,Raw Materials,Direct,7985.22,2025-06-08,2025-06-20,2025-07-11,2025-07-04,Open,C00012
PO003377,V00461,R&D,IT Services,Indirect,5525.94,2025-07-21,2025-07-28,2025-08-06,2025-08-04,Cancelled,
PO003378,V00287,Manufacturing,Professional Services,Indirect,21207.91,2025-12-25,2025-12-29,2026-01-24,2026-01-27,Closed,C00417
PO003379,V00429,Legal,IT Services,Indirect,103852.37,2025-07-09,2025-07-10,2025-08-19,2025-08-21,Closed,C00297
PO003380,V00471,IT,IT Services,Indirect,1893.69,2024-09-16,2024-09-28,2024-10-05,2024-10-04,Closed,C00241
PO003381,V00342,IT,MRO,Direct,3202.47,2024-07-03,2024-07-12,2024-07-24,2024-07-21,Closed,C00131
PO003382,V00368,IT,IT Services,Indirect,21026.93,2024-06-24,2024-07-02,2024-08-06,2024-08-08,Closed,C00366
PO003383,V00125,Operations,Raw Materials,Direct,8373.37,2024-10-14,2024-10-27,2024-11-05,2024-11-09,Cancelled,C00015
PO003384,V00251,Manufacturing,IT Services,Indirect,15994.23,2025-11-03,2025-11-09,2025-12-18,2025-12-18,Closed,C00385
PO003385,V00169,IT,Capital Equipment,Direct,91630.04,2025-06-14,2025-06-16,2025-07-31,2025-08-01,Cancelled,C00347
PO003386,V00008,Legal,IT Services,Indirect,35814.47,2025-05-27,2025-05-29,2025-06-17,2025-06-19,Cancelled,C00309
PO003387,V00134,Marketing,Professional Services,Indirect,21807.61,2025-05-17,2025-05-23,2025-06-13,2025-06-23,Closed,C00579
PO003388,V00300,HR,MRO,Direct,996.86,2025-11-09,2025-11-22,2026-01-01,2026-01-14,Closed,
PO003389,V00477,HR,Office Supplies,Indirect,7833.09,2025-11-10,2025-11-20,2025-11-30,2025-11-28,Open,
PO003390,V00379,HR,Marketing,Indirect,741.78,2024-01-23,2024-02-04,2024-03-09,2024-03-12,Closed,C00618
PO003391,V00353,IT,Professional Services,Indirect,22048.1,2025-05-02,2025-05-14,2025-06-16,2025-06-19,Closed,C00129
PO003392,V00369,HR,IT Services,Indirect,13034.82,2025-11-17,2025-11-18,2026-01-02,2026-01-03,Closed,
PO003393,V00332,IT,Raw Materials,Direct,5610.07,2024-04-02,2024-04-14,2024-04-24,2024-04-24,Closed,C00201
PO003394,V00127,R&D,Raw Materials,Direct,16117.52,2025-11-28,2025-12-10,2026-01-08,2026-01-10,Closed,C00235
PO003395,V00094,IT,Logistics,Direct,30925.28,2025-09-23,2025-09-29,2025-10-14,2025-10-16,Closed,
PO003396,V00147,Engineering,Professional Services,Indirect,50298.82,2025-10-30,2025-11-11,2025-12-18,2025-12-19,Cancelled,
PO003397,V00280,Facilities,Facilities,Indirect,4851.32,2025-08-16,2025-08-27,2025-09-15,2025-09-18,Open,
PO003398,V00158,Facilities,Travel,Indirect,5484.74,2024-07-02,2024-07-13,2024-08-22,2024-08-26,Open,C00316
PO003399,V00084,Manufacturing,Professional Services,Indirect,26795.04,2024-12-01,2024-12-13,2025-01-05,2025-01-05,Closed,C00371
PO003400,V00196,Manufacturing,MRO,Direct,1715.04,2024-08-28,2024-09-01,2024-10-13,2024-10-16,Closed,
PO003401,V00494,Sales,Office Supplies,Indirect,2821.58,2025-10-28,2025-11-06,2025-11-19,2025-11-23,Closed,C00349
PO003402,V00169,Operations,Capital Equipment,Direct,75646.05,2024-11-21,2024-12-03,2024-12-24,2024-12-26,Closed,C00346
PO003403,V00437,Engineering,MRO,Direct,16686.44,2024-11-02,2024-11-06,2024-12-20,2024-12-26,Closed,C00424
PO003404,V00235,R&D,MRO,Direct,16111.59,2025-04-21,2025-04-27,2025-06-07,2025-06-08,Cancelled,C00402
PO003405,V00355,IT,Capital Equipment,Direct,8497.72,2024-01-02,2024-01-08,2024-02-09,2024-02-09,Closed,
PO003406,V00470,Manufacturing,IT Services,Indirect,1962.36,2025-09-23,2025-09-28,2025-11-02,2025-11-03,Closed,C00461
PO003407,V00300,Marketing,MRO,Direct,1471.84,2025-11-07,2025-11-17,2025-12-21,2025-12-22,Closed,
PO003408,V00397,Manufacturing,IT Services,Indirect,26878.65,2025-06-19,2025-06-28,2025-07-25,2025-07-26,Closed,C00532
PO003409,V00302,IT,Travel,Indirect,9106.22,2025-10-03,2025-10-17,2025-11-27,2025-12-04,Closed,
PO003410,V00447,Manufacturing,IT Services,Indirect,51102.14,2025-09-14,2025-09-21,2025-10-27,2025-10-29,Cancelled,C00664
PO003411,V00394,Marketing,Logistics,Direct,14144.66,2025-04-19,2025-04-28,2025-05-23,2025-05-18,Closed,
PO003412,V00143,Manufacturing,IT Services,Indirect,25001.67,2025-09-26,2025-10-08,2025-11-09,2025-11-04,Closed,C00603
PO003413,V00322,Finance,IT Services,Indirect,5108.88,2025-01-21,2025-02-03,2025-02-25,2025-02-24,Closed,C00157
PO003414,V00381,IT,Logistics,Direct,13547.44,2025-02-16,2025-02-23,2025-03-28,2025-03-27,Closed,C00447
PO003415,V00478,Manufacturing,Professional Services,Indirect,61570.72,2024-07-29,2024-08-12,2024-09-08,2024-09-18,Closed,
PO003416,V00363,Engineering,Professional Services,Indirect,2628.1,2025-09-27,2025-09-30,2025-10-17,2025-10-21,Cancelled,C00172
PO003417,V00478,Operations,Professional Services,Indirect,1712.91,2025-08-02,2025-08-03,2025-09-03,2025-09-08,Open,
PO003418,V00093,Engineering,MRO,Direct,2538.31,2024-03-08,2024-03-13,2024-04-15,2024-04-12,Closed,C00361
PO003419,V00498,Sales,Logistics,Direct,18407.02,2025-11-06,2025-11-20,2025-12-21,2025-12-25,Cancelled,C00048
PO003420,V00126,Finance,IT Services,Indirect,59194.98,2025-09-12,2025-09-18,2025-10-25,2025-11-02,Cancelled,C00511
PO003421,V00004,Manufacturing,Professional Services,Indirect,65219.53,2025-01-03,2025-01-06,2025-01-26,2025-02-01,Open,C00286
PO003422,V00182,HR,Raw Materials,Direct,10365.69,2025-11-13,2025-11-15,2025-11-26,2025-11-24,Closed,
PO003423,V00194,Sales,IT Services,Indirect,9220.25,2025-03-16,2025-03-22,2025-03-30,2025-03-30,Cancelled,C00100
PO003424,V00491,Operations,Raw Materials,Direct,10847.16,2025-12-18,2025-12-22,2026-01-05,2026-01-14,Closed,
PO003425,V00368,Sales,IT Services,Indirect,21907.67,2025-11-01,2025-11-06,2025-12-20,2025-12-24,Closed,C00365
PO003426,V00461,Manufacturing,IT Services,Indirect,5906.22,2025-05-18,2025-05-21,2025-05-31,2025-05-31,Closed,
PO003427,V00169,Facilities,Capital Equipment,Direct,139052.21,2025-05-18,2025-06-01,2025-06-18,2025-06-16,Closed,C00346
PO003428,V00028,HR,Raw Materials,Direct,554.04,2024-10-04,2024-10-16,2024-11-06,2024-11-13,Cancelled,
PO003429,V00074,Legal,IT Services,Indirect,25301.34,2024-04-28,2024-05-02,2024-05-19,2024-05-22,Closed,
PO003430,V00300,Manufacturing,MRO,Direct,11831.15,2024-11-17,2024-11-26,2024-12-17,2024-12-11,Closed,C00391
PO003431,V00145,Engineering,Professional Services,Indirect,30259.95,2024-12-14,2024-12-22,2025-01-23,2025-01-24,Closed,C00328
PO003432,V00368,Legal,IT Services,Indirect,11390.07,2024-10-20,2024-10-24,2024-11-14,2024-11-20,Cancelled,C00365
PO003433,V00491,Facilities,Raw Materials,Direct,13672.07,2025-08-17,2025-08-21,2025-09-05,2025-09-04,Closed,
PO003434,V00368,HR,IT Services,Indirect,30829.08,2025-11-19,2025-11-30,2025-12-13,2025-12-14,Closed,C00366
PO003435,V00368,HR,IT Services,Indirect,25932.46,2025-04-13,2025-04-16,2025-04-29,2025-04-29,Closed,
PO003436,V00178,Finance,IT Services,Indirect,55132.24,2024-08-15,2024-08-23,2024-09-06,2024-09-01,Closed,C00436
PO003437,V00105,Engineering,Professional Services,Indirect,8443.69,2024-05-06,2024-05-17,2024-06-25,2024-07-02,Open,
PO003438,V00288,R&D,Facilities,Indirect,9983.63,2024-07-02,2024-07-07,2024-07-31,2024-07-29,Closed,C00477
PO003439,V00284,Engineering,Professional Services,Indirect,29383.63,2025-05-19,2025-06-02,2025-07-09,2025-07-12,Closed,C00586
PO003440,V00461,R&D,IT Services,Indirect,10588.35,2025-06-16,2025-06-20,2025-07-29,2025-08-02,Closed,
PO003441,V00078,Manufacturing,Professional Services,Indirect,22715.04,2024-08-05,2024-08-10,2024-08-30,2024-09-01,Closed,C00084
PO003442,V00140,Operations,MRO,Direct,959.3,2025-09-17,2025-09-23,2025-10-30,2025-11-03,Cancelled,
PO003443,V00412,Marketing,Professional Services,Indirect,16765.66,2025-07-22,2025-08-02,2025-08-15,2025-08-15,Closed,C00574
PO003444,V00426,R&D,Professional Services,Indirect,7270.8,2025-04-12,2025-04-21,2025-05-02,2025-05-02,Closed,
PO003445,V00200,Marketing,Professional Services,Indirect,23513.61,2025-11-04,2025-11-17,2025-12-08,2025-12-10,Closed,C00376
PO003446,V00407,HR,Facilities,Indirect,3809.19,2025-10-15,2025-10-29,2025-11-30,2025-12-07,Closed,
PO003447,V00001,HR,Logistics,Direct,5530.2,2024-06-26,2024-07-08,2024-07-16,2024-07-12,Closed,C00087
PO003448,V00363,Legal,Professional Services,Indirect,55277.62,2024-06-29,2024-07-11,2024-08-18,2024-08-20,Closed,C00172
PO003449,V00169,Sales,Capital Equipment,Direct,99188.16,2024-11-24,2024-12-02,2025-01-12,2025-01-13,Closed,C00347
PO003450,V00145,Marketing,Professional Services,Indirect,15827.94,2025-07-05,2025-07-15,2025-08-15,2025-08-20,Closed,C00328
PO003451,V00479,Facilities,Facilities,Indirect,2592.27,2024-01-09,2024-01-16,2024-02-26,2024-02-23,Cancelled,C00380
PO003452,V00437,Operations,MRO,Direct,10529.31,2025-09-28,2025-10-10,2025-11-17,2025-11-18,Cancelled,C00424
PO003453,V00066,Legal,Professional Services,Indirect,27053.15,2024-01-15,2024-01-28,2024-02-10,2024-02-03,Cancelled,C00584
PO003454,V00075,R&D,Raw Materials,Direct,2078.16,2025-01-14,2025-01-24,2025-03-09,2025-03-14,Closed,C00379
PO003455,V00223,Sales,Professional Services,Indirect,6805.11,2025-05-02,2025-05-03,2025-05-26,2025-06-02,Closed,C00268
PO003456,V00422,R&D,Professional Services,Indirect,74286.7,2025-11-27,2025-12-04,2025-12-31,2026-01-07,Open,C00626
PO003457,V00383,R&D,Logistics,Direct,4659.5,2025-10-25,2025-10-27,2025-11-13,2025-11-11,Cancelled,
PO003458,V00083,Legal,MRO,Direct,1253.13,2025-05-16,2025-05-21,2025-07-03,2025-07-06,Cancelled,C00153
PO003459,V00142,Legal,Raw Materials,Direct,25261.22,2025-07-24,2025-08-04,2025-09-15,2025-09-16,Open,C00341
PO003460,V00169,IT,Capital Equipment,Direct,35410.74,2024-04-11,2024-04-15,2024-04-29,2024-04-30,Closed,C00347
PO003461,V00478,Marketing,Professional Services,Indirect,32205.84,2025-11-01,2025-11-14,2025-12-07,2025-12-04,Closed,
PO003462,V00140,Operations,MRO,Direct,4567.71,2025-01-23,2025-01-24,2025-02-28,2025-02-28,Closed,C00412
PO003463,V00335,IT,IT Services,Indirect,27839.69,2025-06-17,2025-06-25,2025-08-09,2025-08-14,Closed,C00054
PO003464,V00396,R&D,Raw Materials,Direct,4894.47,2025-08-10,2025-08-22,2025-09-17,2025-09-20,Closed,C00509
PO003465,V00026,Finance,Facilities,Indirect,6458.6,2024-07-13,2024-07-27,2024-08-26,2024-08-31,Closed,C00209
PO003466,V00169,Legal,Capital Equipment,Direct,61917.98,2025-09-24,2025-09-29,2025-11-03,2025-11-07,Open,C00347
PO003467,V00034,Sales,Professional Services,Indirect,6926.87,2024-12-20,2024-12-31,2025-02-06,2025-02-02,Cancelled,C00083
PO003468,V00123,HR,Facilities,Indirect,7758.55,2024-09-29,2024-10-12,2024-11-15,2024-11-17,Open,C00493
PO003469,V00382,Operations,Raw Materials,Direct,16507.12,2025-06-17,2025-06-25,2025-07-20,2025-07-18,Cancelled,C00168
PO003470,V00404,Finance,MRO,Direct,3910.08,2024-05-18,2024-05-31,2024-06-10,2024-06-17,Closed,
PO003471,V00368,Operations,IT Services,Indirect,66051.79,2025-05-08,2025-05-16,2025-05-30,2025-06-03,Cancelled,C00365
PO003472,V00377,Legal,Capital Equipment,Direct,80051.12,2025-06-06,2025-06-07,2025-07-10,2025-07-12,Cancelled,C00526
PO003473,V00434,Manufacturing,MRO,Direct,3916.27,2025-08-08,2025-08-20,2025-09-14,2025-09-18,Closed,C00188
PO003474,V00052,Operations,Raw Materials,Direct,7553.84,2024-06-21,2024-07-05,2024-08-09,2024-08-13,Closed,C00612
PO003475,V00079,Finance,MRO,Direct,8020.65,2025-09-02,2025-09-08,2025-10-17,2025-10-19,Closed,C00107
PO003476,V00151,Sales,Raw Materials,Direct,10509.96,2025-10-31,2025-11-13,2025-12-19,2025-12-21,Cancelled,
PO003477,V00136,Facilities,Raw Materials,Direct,15331.85,2025-09-01,2025-09-13,2025-09-26,2025-09-20,Closed,
PO003478,V00184,HR,Marketing,Indirect,701.69,2024-05-30,2024-06-03,2024-06-26,2024-07-04,Closed,
PO003479,V00067,Sales,Logistics,Direct,24100.38,2025-09-25,2025-10-02,2025-11-06,2025-10-31,Closed,C00259
PO003480,V00302,Finance,Travel,Indirect,5198.49,2025-10-01,2025-10-06,2025-10-23,2025-10-23,Closed,
PO003481,V00403,Marketing,Logistics,Direct,4399.8,2025-10-29,2025-10-31,2025-12-06,2025-12-02,Closed,C00567
PO003482,V00368,R&D,IT Services,Indirect,9650.88,2024-01-07,2024-01-11,2024-01-29,2024-01-21,Closed,C00366
PO003483,V00078,Sales,Professional Services,Indirect,24604.5,2024-12-13,2024-12-18,2025-01-16,2025-01-18,Closed,C00085
PO003484,V00353,Marketing,Professional Services,Indirect,19880.16,2025-06-18,2025-06-24,2025-07-24,2025-07-30,Cancelled,
PO003485,V00368,Manufacturing,IT Services,Indirect,48970.04,2024-08-24,2024-08-29,2024-09-10,2024-09-11,Closed,C00366
PO003486,V00369,Facilities,IT Services,Indirect,28132.49,2024-08-08,2024-08-14,2024-09-25,2024-10-01,Closed,C00482
PO003487,V00430,Marketing,IT Services,Indirect,11297.54,2025-01-18,2025-01-21,2025-02-18,2025-02-17,Closed,
PO003488,V00045,Operations,IT Services,Indirect,47229.96,2024-10-21,2024-10-23,2024-12-06,2024-12-13,Closed,C00582
PO003489,V00169,Finance,Capital Equipment,Direct,41357.84,2024-03-21,2024-03-26,2024-04-18,2024-04-15,Open,C00346
PO003490,V00121,Facilities,Professional Services,Indirect,39012.76,2025-12-02,2025-12-14,2025-12-31,2026-01-03,Closed,
PO003491,V00289,Marketing,Facilities,Indirect,8398.37,2025-09-27,2025-10-03,2025-10-19,2025-10-21,Cancelled,
PO003492,V00234,Marketing,Marketing,Indirect,4215.79,2025-10-23,2025-11-05,2025-12-10,2025-12-02,Closed,C00548
PO003493,V00403,Operations,Logistics,Direct,7555.49,2025-10-04,2025-10-06,2025-11-17,2025-11-15,Closed,C00567
PO003494,V00117,R&D,IT Services,Indirect,16441.61,2025-06-17,2025-06-26,2025-07-10,2025-07-14,Open,C00277
PO003495,V00334,R&D,Capital Equipment,Direct,20015.47,2024-08-20,2024-09-01,2024-09-08,2024-09-09,Closed,
PO003496,V00492,R&D,IT Services,Indirect,11174.16,2024-05-12,2024-05-21,2024-06-04,2024-06-08,Closed,C00038
PO003497,V00368,Finance,IT Services,Indirect,47779.32,2024-08-12,2024-08-24,2024-09-03,2024-09-03,Closed,C00365
PO003498,V00076,IT,Office Supplies,Indirect,9391.98,2024-10-09,2024-10-22,2024-12-05,2024-12-06,Closed,C00181
PO003499,V00047,Operations,Logistics,Direct,4870.13,2025-10-12,2025-10-19,2025-10-27,2025-10-24,Cancelled,C00119
PO003500,V00109,Operations,Travel,Indirect,2694.09,2024-04-30,2024-05-14,2024-06-17,2024-06-17,Open,C00312
PO003501,V00430,Operations,IT Services,Indirect,27135.58,2024-10-10,2024-10-19,2024-11-07,2024-11-05,Closed,
PO003502,V00368,Sales,IT Services,Indirect,15680.83,2025-08-17,2025-08-27,2025-09-23,2025-09-24,Closed,C00366
PO003503,V00234,Marketing,Marketing,Indirect,3936.71,2024-01-06,2024-01-08,2024-01-31,2024-02-01,Open,
PO003504,V00179,Facilities,Professional Services,Indirect,5285.52,2024-11-18,2024-11-25,2024-12-24,2024-12-25,Closed,C00619
PO003505,V00169,R&D,Capital Equipment,Direct,18739.82,2025-08-07,2025-08-12,2025-09-03,2025-09-04,Cancelled,C00346
PO003506,V00075,Marketing,Raw Materials,Direct,2780.52,2025-03-24,2025-04-02,2025-05-03,2025-05-04,Closed,
PO003507,V00211,Legal,MRO,Direct,37684.16,2025-11-11,2025-11-25,2025-12-16,2025-12-20,Closed,C00345
PO003508,V00273,Finance,Office Supplies,Indirect,332.79,2024-08-11,2024-08-16,2024-08-29,2024-09-08,Cancelled,C00356
PO003509,V00284,IT,Professional Services,Indirect,19914.89,2024-11-22,2024-11-30,2024-12-23,2024-12-24,Closed,C00586
PO003510,V00171,R&D,Professional Services,Indirect,25425.66,2024-11-02,2024-11-07,2024-11-16,2024-11-16,Closed,C00602
PO003511,V00006,Facilities,Professional Services,Indirect,29637.48,2025-03-12,2025-03-21,2025-04-30,2025-04-24,Closed,C00275
PO003512,V00061,R&D,Raw Materials,Direct,3504.56,2025-06-07,2025-06-13,2025-07-14,2025-07-14,Closed,
PO003513,V00499,Facilities,IT Services,Indirect,25476.91,2025-07-20,2025-07-23,2025-08-14,2025-08-05,Closed,C00623
PO003514,V00200,Manufacturing,Professional Services,Indirect,20234.32,2025-04-08,2025-04-18,2025-06-02,2025-06-05,Open,C00376
PO003515,V00240,HR,Office Supplies,Indirect,2751.95,2025-08-11,2025-08-24,2025-09-02,2025-09-02,Closed,
PO003516,V00291,Manufacturing,Travel,Indirect,2186.14,2025-11-05,2025-11-16,2025-11-24,2025-11-20,Closed,C00135
PO003517,V00013,HR,Raw Materials,Direct,5297.92,2025-10-17,2025-10-22,2025-11-27,2025-11-28,Closed,C00598
PO003518,V00034,IT,Professional Services,Indirect,16540.61,2024-10-31,2024-11-10,2024-11-21,2024-11-30,Closed,C00083
PO003519,V00368,IT,IT Services,Indirect,35060.6,2025-11-16,2025-11-24,2026-01-06,2026-01-13,Closed,C00366
PO003520,V00432,Marketing,Capital Equipment,Direct,88096.11,2025-07-08,2025-07-21,2025-07-31,2025-07-27,Open,C00176
PO003521,V00368,Facilities,IT Services,Indirect,1761.61,2024-06-24,2024-07-08,2024-08-19,2024-08-20,Closed,C00366
PO003522,V00243,Operations,IT Services,Indirect,12743.02,2024-10-14,2024-10-25,2024-11-15,2024-11-18,Closed,C00590
PO003523,V00339,Finance,Facilities,Indirect,5496.61,2025-09-17,2025-09-20,2025-10-05,2025-10-13,Closed,
PO003524,V00033,Sales,Professional Services,Indirect,23627.87,2024-07-01,2024-07-09,2024-08-06,2024-08-09,Closed,C00655
PO003525,V00449,Facilities,Office Supplies,Indirect,2944.44,2025-04-28,2025-05-03,2025-06-12,2025-06-18,Closed,C00636
PO003526,V00062,IT,Office Supplies,Indirect,3140.65,2025-04-15,2025-04-27,2025-06-07,2025-06-06,Closed,C00651
PO003527,V00410,Finance,Marketing,Indirect,14816.82,2024-10-18,2024-10-26,2024-11-23,2024-12-02,Cancelled,C00068
PO003528,V00403,Legal,Logistics,Direct,1545.04,2024-10-28,2024-11-10,2024-12-17,2024-12-17,Closed,C00567
PO003529,V00078,IT,Professional Services,Indirect,21372.3,2025-05-02,2025-05-05,2025-06-01,2025-06-08,Closed,C00084
PO003530,V00343,Marketing,IT Services,Indirect,8990.11,2025-12-03,2025-12-14,2026-01-18,2026-01-26,Closed,C00607
PO003531,V00234,R&D,Marketing,Indirect,3922.56,2024-09-25,2024-10-07,2024-10-19,2024-10-17,Cancelled,C00548
PO003532,V00169,HR,Capital Equipment,Direct,103015.54,2024-12-07,2024-12-19,2024-12-30,2024-12-30,Closed,C00346
PO003533,V00450,Sales,Raw Materials,Direct,24572.35,2024-05-19,2024-05-21,2024-06-14,2024-06-15,Closed,C00442
PO003534,V00312,Legal,Raw Materials,Direct,16129.48,2025-03-16,2025-03-30,2025-04-28,2025-04-27,Closed,C00549
PO003535,V00148,Legal,Facilities,Indirect,4137.18,2024-08-14,2024-08-23,2024-09-08,2024-09-06,Open,C00473
PO003536,V00157,Engineering,Marketing,Indirect,3434.49,2024-02-25,2024-02-26,2024-03-10,2024-03-09,Open,
PO003537,V00343,Marketing,IT Services,Indirect,23917.53,2025-05-05,2025-05-11,2025-06-24,2025-06-25,Closed,C00607
PO003538,V00145,Legal,Professional Services,Indirect,34806.27,2024-08-11,2024-08-13,2024-08-20,2024-08-20,Closed,C00328
PO003539,V00368,Finance,IT Services,Indirect,61709.83,2024-11-28,2024-12-09,2024-12-27,2024-12-26,Closed,C00365
PO003540,V00245,Facilities,Logistics,Direct,14771.6,2024-12-02,2024-12-14,2024-12-29,2024-12-28,Closed,C00414
PO003541,V00077,IT,Marketing,Indirect,2921.26,2024-05-05,2024-05-15,2024-06-20,2024-06-18,Closed,C00043
PO003542,V00422,Manufacturing,Professional Services,Indirect,4370.84,2024-04-19,2024-04-25,2024-05-16,2024-05-24,Cancelled,C00625
PO003543,V00389,Facilities,Raw Materials,Direct,5319.57,2025-06-02,2025-06-09,2025-07-07,2025-07-10,Closed,C00029
PO003544,V00411,Engineering,Raw Materials,Direct,30949.45,2025-05-11,2025-05-21,2025-06-02,2025-06-02,Closed,C00098
PO003545,V00325,Sales,Raw Materials,Direct,3773.1,2024-09-19,2024-09-28,2024-10-06,2024-10-07,Cancelled,
PO003546,V00173,Facilities,Professional Services,Indirect,18852.29,2024-07-02,2024-07-09,2024-08-11,2024-08-13,Closed,C00155
PO003547,V00221,Facilities,Raw Materials,Direct,4429.21,2025-11-22,2025-11-30,2025-12-14,2025-12-21,Open,C00218
PO003548,V00488,IT,IT Services,Indirect,22304.05,2024-04-20,2024-04-24,2024-05-10,2024-05-10,Closed,C00541
PO003549,V00368,Legal,IT Services,Indirect,20928.99,2025-08-16,2025-08-24,2025-09-13,2025-09-10,Closed,C00366
PO003550,V00056,R&D,IT Services,Indirect,6577.78,2024-03-12,2024-03-23,2024-05-07,2024-05-09,Closed,C00101
PO003551,V00308,Marketing,Raw Materials,Direct,9813.72,2024-10-29,2024-10-31,2024-11-18,2024-11-15,Open,
PO003552,V00195,Legal,IT Services,Indirect,11164.4,2025-06-28,2025-06-30,2025-08-12,2025-08-22,Closed,C00023
PO003553,V00321,Sales,Capital Equipment,Direct,45222.64,2025-08-15,2025-08-25,2025-09-21,2025-09-27,Closed,C00221
PO003554,V00025,HR,Logistics,Direct,2008.2,2025-01-14,2025-01-21,2025-02-09,2025-02-11,Closed,
PO003555,V00300,Operations,MRO,Direct,3562.79,2025-09-08,2025-09-13,2025-09-23,2025-09-28,Closed,
PO003556,V00454,Facilities,Raw Materials,Direct,34163.6,2025-12-02,2025-12-04,2025-12-24,2025-12-24,Open,
PO003557,V00354,IT,Professional Services,Indirect,4378.28,2024-07-11,2024-07-21,2024-08-23,2024-08-17,Closed,C00401
PO003558,V00461,Facilities,IT Services,Indirect,76007.56,2024-08-10,2024-08-18,2024-09-23,2024-09-23,Closed,C00583
PO003559,V00172,HR,IT Services,Indirect,36088.53,2023-12-22,2024-01-03,2024-02-16,2024-02-11,Cancelled,C00645
PO003560,V00287,Legal,Professional Services,Indirect,6248.52,2025-10-05,2025-10-06,2025-10-16,2025-10-18,Closed,C00417
PO003561,V00378,IT,Raw Materials,Direct,6419.44,2024-03-27,2024-04-05,2024-05-18,2024-05-17,Closed,C00013
PO003562,V00071,Marketing,Marketing,Indirect,494.43,2025-06-04,2025-06-18,2025-07-29,2025-07-28,Closed,
PO003563,V00088,Sales,Professional Services,Indirect,35360.73,2025-08-25,2025-09-03,2025-09-27,2025-09-26,Closed,
PO003564,V00227,HR,Logistics,Direct,22324.08,2024-11-23,2024-11-25,2025-01-01,2024-12-27,Closed,
PO003565,V00076,HR,Office Supplies,Indirect,1552.41,2024-03-17,2024-03-23,2024-04-07,2024-04-11,Open,C00181
PO003566,V00284,Sales,Professional Services,Indirect,13601.88,2024-11-24,2024-12-07,2024-12-23,2024-12-30,Open,C00586
PO003567,V00465,Manufacturing,Raw Materials,Direct,14110.06,2025-03-27,2025-04-05,2025-05-13,2025-05-17,Closed,C00210
PO003568,V00427,IT,MRO,Direct,3665.66,2024-09-07,2024-09-10,2024-10-13,2024-10-18,Closed,C00271
PO003569,V00141,Sales,Professional Services,Indirect,71834.3,2025-04-21,2025-05-02,2025-05-18,2025-05-21,Cancelled,C00244
PO003570,V00105,Engineering,Professional Services,Indirect,8638.98,2025-08-03,2025-08-12,2025-09-22,2025-09-22,Closed,C00010
PO003571,V00417,HR,Raw Materials,Direct,41225.26,2025-11-30,2025-12-12,2026-01-09,2026-01-15,Closed,C00469
PO003572,V00403,HR,Logistics,Direct,22997.15,2024-09-21,2024-09-29,2024-11-13,2024-11-18,Closed,C00567
PO003573,V00357,Finance,Travel,Indirect,3150.04,2025-04-11,2025-04-18,2025-05-07,2025-05-07,Open,C00041
PO003574,V00366,Finance,Marketing,Indirect,4450.28,2025-11-24,2025-12-08,2026-01-12,2026-01-20,Closed,C00343
PO003575,V00362,Marketing,MRO,Direct,1570.71,2025-07-26,2025-07-29,2025-09-01,2025-09-06,Cancelled,C00003
PO003576,V00368,Operations,IT Services,Indirect,1035.83,2025-04-01,2025-04-10,2025-05-18,2025-05-23,Closed,C00365
PO003577,V00273,Engineering,Office Supplies,Indirect,12978.15,2025-08-26,2025-09-01,2025-09-08,2025-09-14,Closed,
PO003578,V00251,Marketing,IT Services,Indirect,9665.56,2025-12-12,2025-12-19,2026-01-05,2026-01-07,Closed,
PO003579,V00359,Legal,Professional Services,Indirect,30943.65,2025-12-03,2025-12-13,2026-01-23,2026-01-24,Open,C00382
PO003580,V00407,Legal,Facilities,Indirect,22093.49,2024-06-02,2024-06-10,2024-07-01,2024-06-29,Closed,
PO003581,V00110,Legal,Professional Services,Indirect,12047.15,2025-05-06,2025-05-15,2025-06-29,2025-06-30,Open,C00357
PO003582,V00121,Facilities,Professional Services,Indirect,11466.83,2025-04-21,2025-04-26,2025-05-19,2025-05-20,Cancelled,C00563
PO003583,V00436,Marketing,MRO,Direct,8867.87,2025-11-08,2025-11-11,2025-12-09,2025-12-16,Closed,
PO003584,V00411,Sales,Raw Materials,Direct,15424.35,2025-02-24,2025-03-05,2025-03-29,2025-03-25,Closed,C00098
PO003585,V00332,Marketing,Raw Materials,Direct,6682.38,2025-11-18,2025-11-20,2026-01-01,2025-12-31,Open,
PO003586,V00366,Sales,Marketing,Indirect,3528.87,2025-11-15,2025-11-18,2025-12-06,2025-12-09,Open,C00342
PO003587,V00368,Engineering,IT Services,Indirect,63024.7,2025-04-16,2025-04-24,2025-05-15,2025-05-21,Closed,C00365
PO003588,V00017,Finance,Raw Materials,Direct,27586.48,2024-01-03,2024-01-08,2024-02-03,2024-02-03,Cancelled,
PO003589,V00478,Manufacturing,Professional Services,Indirect,3626.72,2024-07-01,2024-07-05,2024-07-26,2024-07-26,Closed,
PO003590,V00321,Engineering,Capital Equipment,Direct,23126.7,2025-03-17,2025-03-29,2025-04-28,2025-05-02,Closed,C00221
PO003591,V00233,Legal,Raw Materials,Direct,49606.1,2025-06-17,2025-06-26,2025-07-14,2025-07-14,Open,C00558
PO003592,V00016,Marketing,IT Services,Indirect,22964.25,2024-10-02,2024-10-11,2024-11-22,2024-11-17,Closed,C00184
PO003593,V00482,Sales,MRO,Direct,8659.3,2025-11-28,2025-12-08,2026-01-14,2026-01-16,Closed,C00544
PO003594,V00030,R&D,Raw Materials,Direct,15813.04,2024-11-04,2024-11-14,2024-12-22,2024-12-26,Closed,C00299
PO003595,V00240,R&D,Office Supplies,Indirect,46031.45,2024-12-15,2024-12-26,2025-01-20,2025-01-20,Closed,C00488
PO003596,V00422,Engineering,Professional Services,Indirect,6554.09,2025-06-09,2025-06-20,2025-07-02,2025-06-28,Closed,C00625
PO003597,V00378,IT,Raw Materials,Direct,6252.03,2024-03-04,2024-03-12,2024-04-21,2024-04-23,Closed,C00012
PO003598,V00282,IT,Professional Services,Indirect,4649.91,2024-09-18,2024-09-24,2024-10-28,2024-11-03,Closed,
PO003599,V00387,Sales,IT Services,Indirect,13879.85,2024-12-28,2024-12-31,2025-01-24,2025-01-24,Open,C00507
PO003600,V00348,Operations,Professional Services,Indirect,4813.73,2024-11-07,2024-11-18,2024-11-27,2024-12-05,Cancelled,C00178
PO003601,V00160,Finance,Logistics,Direct,8000.66,2025-04-25,2025-05-07,2025-06-18,2025-06-24,Open,
PO003602,V00348,Marketing,Professional Services,Indirect,14991.8,2024-03-13,2024-03-17,2024-04-16,2024-04-12,Closed,
PO003603,V00476,Engineering,Raw Materials,Direct,7552.6,2024-11-06,2024-11-14,2024-12-02,2024-12-02,Closed,C00056
PO003604,V00369,Operations,IT Services,Indirect,5334.44,2024-10-19,2024-10-27,2024-12-06,2024-12-06,Cancelled,C00482
PO003605,V00408,Legal,Professional Services,Indirect,600.72,2024-03-05,2024-03-10,2024-03-22,2024-03-27,Closed,C00492
PO003606,V00191,IT,IT Services,Indirect,22440.37,2024-10-18,2024-10-19,2024-11-28,2024-12-01,Closed,
PO003607,V00074,Marketing,IT Services,Indirect,40862.42,2025-12-01,2025-12-14,2026-01-23,2026-01-25,Cancelled,
PO003608,V00142,Manufacturing,Raw Materials,Direct,29457.03,2025-05-07,2025-05-14,2025-06-20,2025-06-25,Closed,C00341
PO003609,V00076,HR,Office Supplies,Indirect,9781.53,2025-04-17,2025-04-30,2025-05-27,2025-06-03,Closed,
PO003610,V00114,HR,Marketing,Indirect,2796.93,2024-09-04,2024-09-15,2024-09-30,2024-09-22,Closed,C00239
PO003611,V00398,Engineering,IT Services,Indirect,12766.22,2024-08-19,2024-08-20,2024-09-30,2024-09-28,Cancelled,C00568
PO003612,V00495,R&D,Marketing,Indirect,3274.9,2025-06-27,2025-07-10,2025-08-16,2025-08-15,Closed,C00108
PO003613,V00492,Engineering,IT Services,Indirect,22153.28,2025-03-30,2025-04-12,2025-05-18,2025-05-12,Open,C00038
PO003614,V00339,Finance,Facilities,Indirect,7248.8,2025-06-10,2025-06-17,2025-07-01,2025-07-01,Closed,C00430
PO003615,V00381,Facilities,Logistics,Direct,3836.19,2025-04-15,2025-04-23,2025-05-22,2025-05-25,Closed,C00448
PO003616,V00368,Finance,IT Services,Indirect,5429.37,2024-07-25,2024-08-05,2024-09-11,2024-09-12,Closed,C00365
PO003617,V00169,Legal,Capital Equipment,Direct,10764.14,2024-05-16,2024-05-26,2024-06-17,2024-06-26,Closed,C00347
PO003618,V00241,Facilities,Logistics,Direct,7290.44,2024-04-17,2024-04-21,2024-06-02,2024-06-05,Closed,C00614
PO003619,V00037,Manufacturing,Professional Services,Indirect,13261.31,2025-05-09,2025-05-17,2025-05-26,2025-05-30,Closed,C00408
PO003620,V00005,HR,Professional Services,Indirect,6644.02,2024-05-10,2024-05-21,2024-06-08,2024-06-04,Closed,
PO003621,V00174,Legal,Logistics,Direct,18432.93,2025-04-07,2025-04-20,2025-04-29,2025-04-30,Open,C00062
PO003622,V00284,IT,Professional Services,Indirect,73768.08,2024-08-01,2024-08-09,2024-08-26,2024-08-25,Cancelled,C00586
PO003623,V00368,Engineering,IT Services,Indirect,9974.89,2024-01-15,2024-01-19,2024-01-30,2024-02-01,Closed,C00366
PO003624,V00368,Legal,IT Services,Indirect,42142.89,2025-06-14,2025-06-18,2025-06-26,2025-06-25,Closed,C00365
PO003625,V00403,Finance,Logistics,Direct,6260.69,2025-01-26,2025-02-02,2025-02-25,2025-02-26,Closed,C00566
PO003626,V00326,Marketing,Facilities,Indirect,7021.7,2025-04-01,2025-04-05,2025-05-08,2025-05-06,Closed,C00577
PO003627,V00361,Legal,Raw Materials,Direct,27100.75,2025-09-28,2025-10-06,2025-11-19,2025-11-27,Cancelled,C00428
PO003628,V00375,HR,Raw Materials,Direct,2878.35,2025-08-07,2025-08-17,2025-09-21,2025-09-28,Closed,
PO003629,V00438,Facilities,Capital Equipment,Direct,3831.75,2024-02-09,2024-02-14,2024-03-03,2024-03-02,Closed,C00302
PO003630,V00479,Operations,Facilities,Indirect,1394.55,2024-03-28,2024-04-03,2024-04-12,2024-04-08,Cancelled,C00381
PO003631,V00019,Operations,Professional Services,Indirect,4968.37,2025-04-01,2025-04-12,2025-05-21,2025-05-18,Open,
PO003632,V00368,Marketing,IT Services,Indirect,19890.16,2024-04-08,2024-04-22,2024-05-13,2024-05-17,Cancelled,C00365
PO003633,V00319,R&D,Marketing,Indirect,7021.03,2024-07-11,2024-07-14,2024-07-22,2024-07-29,Closed,
PO003634,V00336,IT,Marketing,Indirect,1324.77,2024-12-21,2024-12-24,2025-01-19,2025-01-25,Cancelled,
PO003635,V00379,Facilities,Marketing,Indirect,12219.4,2024-07-17,2024-07-22,2024-08-25,2024-09-04,Closed,C00617
PO003636,V00252,Finance,MRO,Direct,25118.92,2025-10-01,2025-10-07,2025-10-26,2025-10-27,Closed,
PO003637,V00354,HR,Professional Services,Indirect,4954.93,2024-03-19,2024-03-31,2024-04-16,2024-04-16,Open,C00401
PO003638,V00441,Finance,IT Services,Indirect,3488.99,2024-12-27,2025-01-01,2025-01-16,2025-01-10,Cancelled,C00060
PO003639,V00403,Manufacturing,Logistics,Direct,4095.12,2025-12-08,2025-12-17,2026-01-10,2026-01-11,Closed,C00566
PO003640,V00378,Manufacturing,Raw Materials,Direct,18953.19,2025-07-01,2025-07-05,2025-07-25,2025-08-03,Closed,C00014
PO003641,V00403,Manufacturing,Logistics,Direct,46544.91,2025-02-23,2025-02-26,2025-03-31,2025-03-26,Closed,C00566
PO003642,V00247,IT,Raw Materials,Direct,9721.65,2025-06-22,2025-06-30,2025-07-25,2025-07-24,Closed,C00500
PO003643,V00416,R&D,Logistics,Direct,15170.31,2024-11-16,2024-11-25,2024-12-30,2025-01-02,Closed,C00090
PO003644,V00396,Finance,Raw Materials,Direct,27668.69,2025-07-27,2025-08-09,2025-08-20,2025-09-01,Closed,C00509
PO003645,V00269,Facilities,Raw Materials,Direct,16051.44,2025-11-17,2025-11-24,2026-01-02,2025-12-30,Closed,C00141
PO003646,V00475,Engineering,Marketing,Indirect,1303.89,2025-06-03,2025-06-14,2025-07-23,2025-07-23,Closed,C00465
PO003647,V00016,IT,IT Services,Indirect,21333.1,2025-10-21,2025-10-25,2025-11-07,2025-10-27,Closed,
PO003648,V00423,HR,Raw Materials,Direct,56055.76,2025-03-18,2025-03-22,2025-04-10,2025-04-10,Closed,C00547
PO003649,V00415,Facilities,Professional Services,Indirect,11104.72,2024-06-27,2024-07-04,2024-07-28,2024-07-31,Closed,C00162
PO003650,V00113,IT,IT Services,Indirect,32709.35,2024-11-04,2024-11-08,2024-11-19,2024-11-22,Closed,C00535
PO003651,V00104,Facilities,Professional Services,Indirect,7286.64,2024-07-27,2024-08-04,2024-08-26,2024-08-21,Closed,C00449
PO003652,V00368,HR,IT Services,Indirect,4092.99,2024-09-17,2024-10-01,2024-10-19,2024-10-30,Closed,C00366
PO003653,V00384,Engineering,Professional Services,Indirect,13067.87,2025-03-19,2025-03-30,2025-04-17,2025-04-15,Open,
PO003654,V00412,Sales,Professional Services,Indirect,4217.13,2024-03-28,2024-03-30,2024-05-11,2024-05-14,Cancelled,C00574
PO003655,V00368,Marketing,IT Services,Indirect,4907.74,2024-03-30,2024-04-02,2024-04-13,2024-04-11,Closed,C00366
PO003656,V00284,Operations,Professional Services,Indirect,5408.32,2025-09-08,2025-09-19,2025-09-27,2025-10-01,Closed,C00586
PO003657,V00235,R&D,MRO,Direct,2390.45,2024-09-15,2024-09-21,2024-10-09,2024-10-14,Cancelled,
PO003658,V00268,Marketing,Raw Materials,Direct,2843.55,2025-11-28,2025-12-07,2025-12-19,2025-12-23,Open,C00657
PO003659,V00468,Facilities,Raw Materials,Direct,55321.55,2025-01-23,2025-01-31,2025-02-19,2025-02-20,Closed,C00367
PO003660,V00250,Sales,Logistics,Direct,14075.58,2025-02-25,2025-03-01,2025-03-08,2025-03-07,Closed,
PO003661,V00057,Engineering,Facilities,Indirect,7588.73,2025-11-19,2025-11-22,2025-12-24,2025-12-26,Open,C00195
PO003662,V00248,Facilities,Raw Materials,Direct,7677.87,2024-03-30,2024-04-10,2024-05-15,2024-05-13,Closed,C00213
PO003663,V00427,R&D,MRO,Direct,13871.16,2025-03-06,2025-03-08,2025-04-05,2025-04-05,Cancelled,C00272
PO003664,V00117,IT,IT Services,Indirect,9745.05,2024-03-20,2024-03-25,2024-04-03,2024-04-14,Closed,C00277
PO003665,V00069,Facilities,Raw Materials,Direct,18910.61,2024-10-28,2024-11-10,2024-12-10,2024-12-20,Closed,C00016
PO003666,V00394,R&D,Logistics,Direct,7513.36,2025-04-17,2025-04-18,2025-05-25,2025-05-28,Open,C00440
PO003667,V00071,Legal,Marketing,Indirect,865.5,2024-09-30,2024-10-07,2024-11-21,2024-11-21,Cancelled,C00070
PO003668,V00395,HR,Professional Services,Indirect,6561.77,2024-04-17,2024-05-01,2024-05-29,2024-06-02,Closed,C00011
PO003669,V00259,HR,Raw Materials,Direct,1666.08,2024-07-14,2024-07-15,2024-08-28,2024-08-23,Closed,
PO003670,V00368,Sales,IT Services,Indirect,37840.99,2024-11-15,2024-11-25,2025-01-03,2024-12-31,Closed,C00366
PO003671,V00202,IT,IT Services,Indirect,6894.88,2024-09-12,2024-09-19,2024-10-12,2024-10-07,Closed,
PO003672,V00368,Finance,IT Services,Indirect,14998.64,2024-03-24,2024-03-30,2024-04-17,2024-04-27,Closed,C00365
PO003673,V00318,Manufacturing,Facilities,Indirect,3371.23,2024-06-20,2024-06-22,2024-07-23,2024-07-26,Open,C00137
PO003674,V00119,Marketing,IT Services,Indirect,19631.61,2025-06-01,2025-06-10,2025-06-26,2025-07-02,Closed,C00320
PO003675,V00447,Sales,IT Services,Indirect,74451.1,2025-09-14,2025-09-19,2025-10-16,2025-10-15,Closed,
PO003676,V00140,Engineering,MRO,Direct,562.25,2025-09-13,2025-09-19,2025-09-27,2025-09-27,Closed,
PO003677,V00161,Engineering,Raw Materials,Direct,3293.52,2024-11-01,2024-11-14,2024-12-19,2024-12-27,Open,
PO003678,V00282,HR,Professional Services,Indirect,45781.7,2025-04-18,2025-04-20,2025-05-27,2025-05-27,Open,C00211
PO003679,V00006,Manufacturing,Professional Services,Indirect,23900.55,2025-11-22,2025-12-05,2026-01-14,2026-01-19,Open,C00274
PO003680,V00081,Operations,Professional Services,Indirect,20015.46,2025-09-28,2025-10-01,2025-10-26,2025-10-26,Closed,
PO003681,V00357,HR,Travel,Indirect,4150.35,2025-04-12,2025-04-22,2025-05-01,2025-05-02,Closed,C00041
PO003682,V00368,HR,IT Services,Indirect,95122.31,2025-10-18,2025-10-30,2025-11-28,2025-11-30,Closed,C00366
PO003683,V00076,HR,Office Supplies,Indirect,8745.6,2024-08-16,2024-08-23,2024-10-04,2024-09-30,Cancelled,C00181
PO003684,V00197,Operations,IT Services,Indirect,24235.19,2025-04-22,2025-04-24,2025-05-11,2025-05-18,Closed,C00411
PO003685,V00281,Finance,Marketing,Indirect,13860.19,2024-12-13,2024-12-15,2025-01-04,2025-01-04,Closed,C00040
PO003686,V00326,Sales,Facilities,Indirect,1462.41,2024-04-18,2024-04-19,2024-05-22,2024-05-27,Closed,
PO003687,V00068,HR,Professional Services,Indirect,81017.33,2025-07-26,2025-07-27,2025-08-15,2025-08-20,Closed,
PO003688,V00169,Facilities,Capital Equipment,Direct,38824.17,2025-11-02,2025-11-03,2025-12-04,2025-12-04,Closed,C00347
PO003689,V00160,Engineering,Logistics,Direct,5263.46,2024-07-14,2024-07-18,2024-07-30,2024-08-02,Closed,
PO003690,V00491,Facilities,Raw Materials,Direct,3543.39,2025-12-25,2025-12-31,2026-02-06,2026-02-08,Closed,
PO003691,V00110,Marketing,Professional Services,Indirect,29184.61,2025-08-09,2025-08-22,2025-09-18,2025-09-11,Closed,
PO003692,V00091,Marketing,IT Services,Indirect,8995.85,2024-08-17,2024-08-31,2024-09-25,2024-10-06,Closed,C00158
PO003693,V00417,Finance,Raw Materials,Direct,11590.91,2024-03-17,2024-03-31,2024-04-14,2024-04-14,Closed,C00469
PO003694,V00062,HR,Office Supplies,Indirect,4137.96,2024-11-22,2024-12-05,2025-01-14,2025-01-18,Closed,C00651
PO003695,V00171,Engineering,Professional Services,Indirect,3836.62,2024-10-23,2024-11-05,2024-11-17,2024-11-17,Closed,C00602
PO003696,V00425,Marketing,Raw Materials,Direct,16339.66,2025-12-07,2025-12-20,2026-01-18,2026-01-11,Closed,
PO003697,V00093,Legal,MRO,Direct,1520.69,2025-10-07,2025-10-13,2025-10-29,2025-10-30,Closed,
PO003698,V00482,Finance,MRO,Direct,634.71,2025-10-01,2025-10-08,2025-11-01,2025-11-10,Closed,C00544
PO003699,V00037,Marketing,Professional Services,Indirect,25597.43,2025-11-02,2025-11-04,2025-11-24,2025-12-04,Closed,
PO003700,V00373,Facilities,Office Supplies,Indirect,12448.9,2025-09-14,2025-09-21,2025-10-13,2025-10-16,Closed,
PO003701,V00362,Engineering,MRO,Direct,3260.25,2025-10-24,2025-11-02,2025-12-06,2025-12-02,Closed,C00003
PO003702,V00403,HR,Logistics,Direct,44564.22,2025-11-16,2025-11-17,2025-12-11,2025-12-23,Closed,C00566
PO003703,V00403,Facilities,Logistics,Direct,120204.84,2025-05-12,2025-05-16,2025-06-09,2025-06-10,Open,C00566
PO003704,V00171,Facilities,Professional Services,Indirect,9093.97,2024-07-13,2024-07-14,2024-07-27,2024-07-19,Closed,C00602
PO003705,V00116,HR,Raw Materials,Direct,5273.41,2024-10-21,2024-11-03,2024-11-30,2024-12-06,Closed,C00561
PO003706,V00433,Legal,Office Supplies,Indirect,4106.69,2025-11-24,2025-12-04,2026-01-05,2026-01-11,Closed,C00539
PO003707,V00453,Finance,Logistics,Direct,27733.76,2025-08-10,2025-08-11,2025-09-25,2025-09-26,Closed,C00581
PO003708,V00026,Manufacturing,Facilities,Indirect,6397.55,2025-05-29,2025-06-05,2025-07-14,2025-07-15,Closed,C00209
PO003709,V00261,Legal,Facilities,Indirect,18135.58,2024-04-12,2024-04-14,2024-05-29,2024-06-03,Closed,C00669
PO003710,V00391,Facilities,Professional Services,Indirect,21646.35,2024-03-07,2024-03-16,2024-04-26,2024-04-24,Cancelled,C00332
PO003711,V00079,Engineering,MRO,Direct,1314.37,2024-01-24,2024-02-04,2024-02-18,2024-02-23,Closed,C00106
PO003712,V00389,Legal,Raw Materials,Direct,3499.1,2024-10-26,2024-10-29,2024-11-18,2024-11-20,Closed,
PO003713,V00399,HR,IT Services,Indirect,8799.92,2025-11-14,2025-11-23,2025-12-22,2025-12-23,Cancelled,C00605
PO003714,V00144,Operations,Capital Equipment,Direct,21353.82,2024-12-05,2024-12-09,2025-01-02,2025-01-01,Open,C00485
PO003715,V00365,Sales,Raw Materials,Direct,2273.15,2025-08-25,2025-09-08,2025-10-01,2025-10-05,Closed,C00413
PO003716,V00379,Facilities,Marketing,Indirect,8880.33,2024-01-08,2024-01-09,2024-02-13,2024-02-20,Closed,C00617
PO003717,V00169,Finance,Capital Equipment,Direct,16863.28,2024-07-08,2024-07-20,2024-08-14,2024-08-15,Closed,
PO003718,V00313,Facilities,IT Services,Indirect,10476.45,2024-10-28,2024-11-11,2024-11-18,2024-11-14,Cancelled,C00163
PO003719,V00003,HR,Raw Materials,Direct,12037.96,2024-08-09,2024-08-16,2024-09-10,2024-09-10,Open,C00064
PO003720,V00368,IT,IT Services,Indirect,77098.99,2025-08-14,2025-08-21,2025-09-01,2025-08-24,Closed,C00365
PO003721,V00368,IT,IT Services,Indirect,98167.38,2024-01-20,2024-01-21,2024-02-03,2024-02-04,Closed,C00365
PO003722,V00210,HR,Professional Services,Indirect,10975.16,2024-02-28,2024-03-09,2024-04-02,2024-04-05,Cancelled,C00071
PO003723,V00216,Finance,Marketing,Indirect,12810.96,2024-03-02,2024-03-05,2024-03-26,2024-03-27,Cancelled,C00649
PO003724,V00169,R&D,Capital Equipment,Direct,73736.24,2024-11-27,2024-11-28,2025-01-10,2025-01-10,Closed,C00347
PO003725,V00003,Operations,Raw Materials,Direct,16651.19,2025-08-03,2025-08-12,2025-09-01,2025-09-02,Closed,C00064
PO003726,V00368,IT,IT Services,Indirect,47077.38,2024-09-29,2024-10-06,2024-10-16,2024-10-18,Closed,C00365
PO003727,V00403,Legal,Logistics,Direct,10511.83,2025-04-16,2025-04-30,2025-06-10,2025-06-20,Closed,C00567
PO003728,V00300,R&D,MRO,Direct,5672.17,2024-03-24,2024-04-01,2024-04-25,2024-04-30,Cancelled,C00391
PO003729,V00018,IT,Raw Materials,Direct,6293.23,2025-11-04,2025-11-15,2025-12-08,2025-12-12,Closed,C00252
PO003730,V00422,Finance,Professional Services,Indirect,8029.65,2025-01-27,2025-01-28,2025-02-04,2025-02-07,Closed,C00626
PO003731,V00173,HR,Professional Services,Indirect,59557.0,2024-07-23,2024-07-28,2024-09-08,2024-09-03,Open,C00155
PO003732,V00067,R&D,Logistics,Direct,27464.75,2024-03-09,2024-03-21,2024-04-11,2024-04-11,Closed,
PO003733,V00156,Manufacturing,Professional Services,Indirect,11355.67,2025-07-13,2025-07-19,2025-08-27,2025-08-23,Closed,C00008
PO003734,V00121,Sales,Professional Services,Indirect,3296.42,2025-09-28,2025-10-04,2025-10-26,2025-10-26,Closed,
PO003735,V00285,Engineering,IT Services,Indirect,21815.98,2024-01-25,2024-01-29,2024-02-19,2024-02-29,Closed,C00510
PO003736,V00125,Operations,Raw Materials,Direct,3516.83,2024-12-25,2024-12-31,2025-01-21,2025-01-25,Closed,C00015
PO003737,V00034,IT,Professional Services,Indirect,10835.74,2024-03-25,2024-04-02,2024-05-10,2024-05-10,Closed,C00083
PO003738,V00109,Engineering,Travel,Indirect,315.6,2025-08-20,2025-08-21,2025-09-23,2025-09-22,Closed,C00311
PO003739,V00268,Manufacturing,Raw Materials,Direct,2974.81,2024-04-21,2024-04-30,2024-05-15,2024-05-26,Closed,C00657
PO003740,V00279,Operations,IT Services,Indirect,9008.33,2025-09-28,2025-10-05,2025-11-16,2025-11-18,Closed,C00167
PO003741,V00417,Manufacturing,Raw Materials,Direct,5176.17,2024-05-19,2024-05-25,2024-06-09,2024-06-21,Closed,C00469
PO003742,V00403,HR,Logistics,Direct,1968.9,2024-12-17,2024-12-20,2024-12-28,2024-12-31,Open,C00566
PO003743,V00062,Engineering,Office Supplies,Indirect,3448.53,2025-11-06,2025-11-20,2025-12-11,2025-12-11,Closed,C00651
PO003744,V00357,HR,Travel,Indirect,2670.34,2024-02-07,2024-02-20,2024-03-24,2024-03-24,Closed,
PO003745,V00071,Finance,Marketing,Indirect,1241.67,2025-12-01,2025-12-15,2026-01-19,2026-01-19,Closed,C00070
PO003746,V00494,Engineering,Office Supplies,Indirect,3000.26,2025-12-19,2025-12-21,2026-01-20,2026-01-27,Cancelled,C00349
PO003747,V00403,Marketing,Logistics,Direct,19029.61,2025-09-20,2025-10-02,2025-11-03,2025-11-04,Closed,C00566
PO003748,V00180,Legal,Marketing,Indirect,3885.29,2023-12-28,2024-01-01,2024-01-24,2024-01-24,Cancelled,C00536
PO003749,V00430,Engineering,IT Services,Indirect,27551.18,2025-08-18,2025-09-01,2025-09-24,2025-09-20,Open,C00641
PO003750,V00422,Marketing,Professional Services,Indirect,5963.15,2025-01-01,2025-01-02,2025-01-27,2025-01-24,Closed,C00625
PO003751,V00019,Marketing,Professional Services,Indirect,35366.74,2025-09-04,2025-09-13,2025-10-03,2025-10-10,Closed,
PO003752,V00357,Sales,Travel,Indirect,4716.74,2025-01-15,2025-01-29,2025-02-23,2025-02-26,Closed,C00041
PO003753,V00368,Sales,IT Services,Indirect,15703.34,2025-01-04,2025-01-16,2025-01-28,2025-01-29,Closed,C00366
PO003754,V00205,Manufacturing,Raw Materials,Direct,24971.62,2025-11-09,2025-11-12,2025-12-12,2025-12-19,Closed,
PO003755,V00187,HR,Logistics,Direct,5369.3,2025-01-18,2025-02-01,2025-02-12,2025-02-11,Open,C00591
PO003756,V00068,Facilities,Professional Services,Indirect,39351.63,2025-12-02,2025-12-16,2026-01-16,2026-01-22,Cancelled,
PO003757,V00323,Operations,Marketing,Indirect,8830.37,2024-12-13,2024-12-25,2025-01-16,2025-01-20,Closed,C00190
PO003758,V00118,Sales,Raw Materials,Direct,7297.5,2025-11-27,2025-12-04,2026-01-12,2026-01-18,Closed,
PO003759,V00019,Marketing,Professional Services,Indirect,21183.43,2025-10-12,2025-10-21,2025-12-05,2025-12-13,Cancelled,
PO003760,V00279,Facilities,IT Services,Indirect,19870.98,2025-03-15,2025-03-29,2025-04-10,2025-04-01,Cancelled,C00166
PO003761,V00475,Sales,Marketing,Indirect,2389.26,2025-10-17,2025-10-22,2025-11-29,2025-12-02,Cancelled,
PO003762,V00392,Manufacturing,Raw Materials,Direct,16627.68,2025-10-07,2025-10-19,2025-11-12,2025-11-13,Cancelled,C00124
PO003763,V00228,R&D,Professional Services,Indirect,23650.9,2024-05-19,2024-05-29,2024-06-24,2024-06-30,Closed,C00228
PO003764,V00276,R&D,Capital Equipment,Direct,31706.75,2025-11-16,2025-11-26,2025-12-12,2025-12-14,Closed,
PO003765,V00439,R&D,Professional Services,Indirect,18133.24,2025-12-21,2025-12-25,2026-01-31,2026-01-29,Closed,
PO003766,V00403,Sales,Logistics,Direct,24885.05,2024-12-09,2024-12-15,2025-01-06,2025-01-13,Closed,C00566
PO003767,V00251,Operations,IT Services,Indirect,3637.7,2025-06-23,2025-06-28,2025-08-02,2025-08-07,Closed,C00386
PO003768,V00396,Marketing,Raw Materials,Direct,5432.47,2025-01-10,2025-01-20,2025-02-03,2025-02-08,Closed,C00509
PO003769,V00169,Manufacturing,Capital Equipment,Direct,169694.33,2025-09-18,2025-09-20,2025-10-25,2025-10-27,Closed,C00346
PO003770,V00069,Engineering,Raw Materials,Direct,25457.58,2025-10-09,2025-10-15,2025-11-27,2025-12-04,Closed,
PO003771,V00073,Facilities,Logistics,Direct,34822.07,2024-10-13,2024-10-21,2024-10-30,2024-11-07,Closed,C00095
PO003772,V00356,Sales,Capital Equipment,Direct,20293.34,2024-01-20,2024-02-02,2024-03-08,2024-03-11,Cancelled,C00529
PO003773,V00465,Engineering,Raw Materials,Direct,10538.95,2025-11-19,2025-12-01,2025-12-13,2025-12-25,Closed,
PO003774,V00452,Finance,Travel,Indirect,2849.41,2025-11-12,2025-11-20,2025-12-17,2025-12-13,Closed,C00118
PO003775,V00354,Facilities,Professional Services,Indirect,37804.86,2025-12-18,2025-12-30,2026-02-10,2026-02-12,Closed,
PO003776,V00121,HR,Professional Services,Indirect,6907.25,2024-06-23,2024-06-27,2024-07-19,2024-07-20,Open,C00563
PO003777,V00299,Manufacturing,Logistics,Direct,6724.12,2024-05-13,2024-05-19,2024-06-08,2024-06-16,Open,
PO003778,V00198,Manufacturing,Logistics,Direct,20916.52,2025-09-15,2025-09-23,2025-10-24,2025-10-31,Closed,C00555
PO003779,V00317,R&D,Logistics,Direct,8129.01,2024-12-15,2024-12-27,2025-01-30,2025-01-27,Open,C00034
PO003780,V00159,Marketing,IT Services,Indirect,21290.42,2025-09-29,2025-10-06,2025-11-01,2025-11-06,Closed,C00433
PO003781,V00201,Legal,IT Services,Indirect,17105.68,2025-09-24,2025-10-02,2025-11-16,2025-11-19,Open,C00662
PO003782,V00114,Marketing,Marketing,Indirect,1480.6,2025-11-04,2025-11-15,2025-12-25,2025-12-23,Closed,
PO003783,V00439,Operations,Professional Services,Indirect,15375.1,2025-12-17,2025-12-19,2026-01-19,2026-01-22,Closed,
PO003784,V00376,Legal,Logistics,Direct,14608.93,2024-11-05,2024-11-11,2024-11-20,2024-11-16,Closed,C00352
PO003785,V00403,HR,Logistics,Direct,22247.66,2025-09-04,2025-09-05,2025-10-12,2025-10-23,Open,C00566
PO003786,V00335,Operations,IT Services,Indirect,9110.2,2024-11-16,2024-11-19,2024-12-09,2024-12-15,Cancelled,C00054
PO003787,V00491,IT,Raw Materials,Direct,57970.98,2024-08-10,2024-08-23,2024-09-16,2024-09-12,Closed,C00037
PO003788,V00471,Engineering,IT Services,Indirect,2730.53,2025-08-02,2025-08-12,2025-08-26,2025-08-31,Closed,
PO003789,V00067,Legal,Logistics,Direct,6099.06,2025-03-26,2025-04-04,2025-05-10,2025-05-11,Cancelled,C00258
PO003790,V00169,Finance,Capital Equipment,Direct,63639.25,2025-12-20,2025-12-21,2026-01-09,2026-01-16,Open,C00347
PO003791,V00378,Engineering,Raw Materials,Direct,18481.59,2024-06-07,2024-06-14,2024-07-28,2024-08-06,Closed,C00014
PO003792,V00178,Finance,IT Services,Indirect,481922.32,2025-07-17,2025-07-29,2025-08-23,2025-08-29,Cancelled,C00438
PO003793,V00221,Finance,Raw Materials,Direct,10678.44,2025-07-09,2025-07-10,2025-08-01,2025-08-04,Closed,C00218
PO003794,V00062,Manufacturing,Office Supplies,Indirect,4172.75,2025-03-18,2025-03-26,2025-05-08,2025-05-11,Closed,C00651
PO003795,V00488,Manufacturing,IT Services,Indirect,61119.17,2025-03-04,2025-03-14,2025-04-28,2025-05-01,Closed,C00542
PO003796,V00193,Facilities,Capital Equipment,Direct,22171.76,2024-04-08,2024-04-15,2024-05-27,2024-05-30,Open,C00247
PO003797,V00079,Sales,MRO,Direct,8476.51,2025-07-08,2025-07-22,2025-09-05,2025-09-08,Closed,C00107
PO003798,V00219,R&D,IT Services,Indirect,14989.36,2025-07-03,2025-07-16,2025-08-26,2025-08-27,Closed,
PO003799,V00067,Engineering,Logistics,Direct,15731.92,2024-10-23,2024-11-06,2024-12-07,2024-12-15,Closed,C00259
PO003800,V00295,Finance,Marketing,Indirect,777.82,2025-04-13,2025-04-22,2025-05-02,2025-05-09,Closed,
PO003801,V00372,Finance,Professional Services,Indirect,3138.76,2024-06-24,2024-07-04,2024-07-15,2024-07-15,Closed,
PO003802,V00108,Finance,MRO,Direct,779.18,2024-07-23,2024-07-30,2024-08-29,2024-09-04,Closed,C00575
PO003803,V00261,Finance,Facilities,Indirect,4987.7,2025-04-21,2025-05-01,2025-05-21,2025-05-29,Closed,C00669
PO003804,V00438,Facilities,Capital Equipment,Direct,108256.17,2024-10-12,2024-10-17,2024-11-16,2024-11-12,Closed,
PO003805,V00095,Operations,Marketing,Indirect,4302.63,2025-10-12,2025-10-24,2025-11-04,2025-11-08,Cancelled,
PO003806,V00403,Finance,Logistics,Direct,14688.45,2024-05-18,2024-05-31,2024-07-08,2024-07-08,Cancelled,C00566
PO003807,V00471,Operations,IT Services,Indirect,18908.46,2024-12-03,2024-12-07,2024-12-29,2024-12-26,Cancelled,C00241
PO003808,V00468,Facilities,Raw Materials,Direct,24042.22,2025-10-21,2025-11-01,2025-11-26,2025-12-05,Closed,C00367
PO003809,V00395,Operations,Professional Services,Indirect,36268.49,2024-08-25,2024-09-06,2024-09-29,2024-09-29,Closed,C00011
PO003810,V00368,Operations,IT Services,Indirect,31399.45,2025-10-13,2025-10-14,2025-10-31,2025-10-31,Cancelled,C00366
PO003811,V00462,Operations,Professional Services,Indirect,19429.59,2025-05-10,2025-05-24,2025-06-17,2025-06-21,Open,C00045
PO003812,V00368,R&D,IT Services,Indirect,19221.47,2024-12-09,2024-12-11,2025-01-07,2025-01-10,Open,C00365
PO003813,V00026,Operations,Facilities,Indirect,464.11,2025-12-28,2025-12-29,2026-01-14,2026-01-18,Closed,C00209
PO003814,V00453,IT,Logistics,Direct,6564.93,2025-12-17,2025-12-25,2026-02-08,2026-02-07,Closed,C00581
PO003815,V00024,HR,IT Services,Indirect,14407.31,2024-06-05,2024-06-11,2024-06-18,2024-06-15,Cancelled,C00266
PO003816,V00368,Finance,IT Services,Indirect,10315.07,2025-08-27,2025-09-09,2025-09-23,2025-09-25,Open,C00366
PO003817,V00196,HR,MRO,Direct,642.61,2024-09-28,2024-10-06,2024-11-13,2024-11-11,Closed,
PO003818,V00486,R&D,IT Services,Indirect,2191.63,2025-05-16,2025-05-18,2025-06-30,2025-06-26,Closed,C00079
PO003819,V00234,HR,Marketing,Indirect,1496.27,2025-08-01,2025-08-13,2025-09-24,2025-09-23,Closed,C00548
PO003820,V00288,Engineering,Facilities,Indirect,7163.32,2024-01-29,2024-02-10,2024-02-25,2024-03-04,Closed,C00477
PO003821,V00048,Manufacturing,Facilities,Indirect,1573.36,2025-09-08,2025-09-17,2025-09-27,2025-10-01,Open,
PO003822,V00490,Operations,Marketing,Indirect,21145.97,2025-06-06,2025-06-17,2025-07-20,2025-07-27,Cancelled,
PO003823,V00293,Marketing,Capital Equipment,Direct,40822.48,2024-06-05,2024-06-10,2024-06-21,2024-06-22,Closed,C00648
PO003824,V00199,R&D,Raw Materials,Direct,14000.62,2025-11-23,2025-12-01,2026-01-01,2026-01-01,Closed,
PO003825,V00117,Facilities,IT Services,Indirect,8087.72,2025-01-05,2025-01-09,2025-02-12,2025-02-06,Closed,
PO003826,V00116,Facilities,Raw Materials,Direct,26914.21,2024-09-08,2024-09-15,2024-09-28,2024-09-27,Open,C00561
PO003827,V00066,Operations,Professional Services,Indirect,24171.95,2024-04-24,2024-05-01,2024-05-08,2024-05-05,Closed,C00584
PO003828,V00410,Sales,Marketing,Indirect,5655.89,2024-10-17,2024-10-18,2024-11-22,2024-11-27,Cancelled,C00068
PO003829,V00423,Manufacturing,Raw Materials,Direct,7831.46,2024-05-05,2024-05-14,2024-06-17,2024-06-18,Cancelled,C00546
PO003830,V00247,Engineering,Raw Materials,Direct,9324.07,2025-10-08,2025-10-20,2025-11-06,2025-11-08,Open,
PO003831,V00369,IT,IT Services,Indirect,23138.4,2025-01-19,2025-01-21,2025-02-20,2025-02-22,Closed,C00482
PO003832,V00455,HR,Facilities,Indirect,4920.12,2025-03-26,2025-03-31,2025-04-10,2025-04-11,Cancelled,C00339
PO003833,V00370,Operations,Logistics,Direct,5717.95,2025-07-28,2025-08-09,2025-09-14,2025-09-14,Closed,C00330
PO003834,V00083,Legal,MRO,Direct,3098.02,2025-10-29,2025-11-01,2025-11-18,2025-11-22,Closed,C00153
PO003835,V00363,Manufacturing,Professional Services,Indirect,38051.71,2025-01-18,2025-02-01,2025-03-15,2025-03-15,Closed,
PO003836,V00368,Sales,IT Services,Indirect,38466.98,2025-06-09,2025-06-21,2025-07-01,2025-07-01,Open,C00365
PO003837,V00239,IT,Professional Services,Indirect,10790.79,2025-06-01,2025-06-11,2025-06-24,2025-06-24,Closed,C00123
PO003838,V00066,Marketing,Professional Services,Indirect,22711.23,2025-06-06,2025-06-19,2025-07-18,2025-07-13,Closed,C00584
PO003839,V00412,IT,Professional Services,Indirect,11103.57,2024-02-27,2024-03-12,2024-04-12,2024-04-19,Closed,C00573
PO003840,V00080,Manufacturing,IT Services,Indirect,20874.47,2025-11-11,2025-11-12,2025-12-24,2025-12-28,Cancelled,
PO003841,V00261,Marketing,Facilities,Indirect,2676.45,2025-06-18,2025-06-26,2025-07-16,2025-07-20,Open,
PO003842,V00169,R&D,Capital Equipment,Direct,58186.25,2024-12-19,2024-12-21,2024-12-31,2024-12-22,Cancelled,C00347
PO003843,V00245,Marketing,Logistics,Direct,12037.72,2025-12-27,2025-12-31,2026-02-12,2026-02-14,Closed,
PO003844,V00368,Engineering,IT Services,Indirect,2995.02,2024-05-20,2024-05-21,2024-07-01,2024-07-02,Closed,C00366
PO003845,V00169,Facilities,Capital Equipment,Direct,54723.78,2025-11-14,2025-11-22,2025-12-22,2026-01-02,Closed,C00347
PO003846,V00195,Finance,IT Services,Indirect,7039.86,2025-11-10,2025-11-11,2025-12-04,2025-12-10,Closed,C00023
PO003847,V00368,Facilities,IT Services,Indirect,4402.52,2024-06-08,2024-06-12,2024-06-19,2024-06-19,Open,C00365
PO003848,V00347,HR,MRO,Direct,6389.84,2024-11-26,2024-12-04,2025-01-01,2025-01-01,Closed,C00429
PO003849,V00368,R&D,IT Services,Indirect,12110.31,2025-06-28,2025-07-01,2025-08-09,2025-08-10,Closed,C00366
PO003850,V00422,Engineering,Professional Services,Indirect,37690.96,2025-03-20,2025-04-01,2025-04-16,2025-04-17,Cancelled,C00626
PO003851,V00124,HR,Professional Services,Indirect,5834.85,2024-02-06,2024-02-11,2024-03-18,2024-03-18,Closed,C00479
PO003852,V00184,R&D,Marketing,Indirect,342.85,2024-11-30,2024-12-12,2025-01-11,2025-01-11,Closed,C00495
PO003853,V00494,Legal,Office Supplies,Indirect,3173.58,2025-07-31,2025-08-09,2025-08-17,2025-08-23,Closed,C00348
PO003854,V00275,Finance,IT Services,Indirect,13280.12,2025-10-26,2025-10-27,2025-12-04,2025-12-05,Closed,
PO003855,V00148,Finance,Facilities,Indirect,11608.37,2025-05-15,2025-05-19,2025-06-04,2025-06-04,Closed,C00473
PO003856,V00082,Manufacturing,MRO,Direct,3431.57,2025-08-22,2025-08-30,2025-09-20,2025-09-18,Closed,C00452
PO003857,V00230,IT,Marketing,Indirect,8052.31,2024-08-23,2024-09-06,2024-09-26,2024-09-30,Closed,
PO003858,V00282,Engineering,Professional Services,Indirect,11896.32,2025-11-12,2025-11-15,2025-12-11,2025-12-10,Open,C00211
PO003859,V00077,IT,Marketing,Indirect,6971.79,2024-04-22,2024-05-03,2024-05-30,2024-05-30,Closed,C00043
PO003860,V00319,Legal,Marketing,Indirect,7015.93,2025-08-21,2025-08-28,2025-09-23,2025-09-22,Closed,C00294
PO003861,V00396,Facilities,Raw Materials,Direct,2634.98,2025-05-12,2025-05-24,2025-07-08,2025-07-18,Cancelled,C00509
PO003862,V00384,Marketing,Professional Services,Indirect,15190.19,2025-01-16,2025-01-18,2025-02-12,2025-02-07,Closed,C00592
PO003863,V00200,Facilities,Professional Services,Indirect,2502.55,2025-06-11,2025-06-18,2025-07-09,2025-07-08,Closed,C00376
PO003864,V00416,Engineering,Logistics,Direct,38252.76,2025-03-23,2025-03-27,2025-04-18,2025-04-12,Open,
PO003865,V00403,R&D,Logistics,Direct,10683.48,2024-06-19,2024-06-25,2024-07-03,2024-07-02,Closed,C00566
PO003866,V00266,Manufacturing,MRO,Direct,5371.49,2024-12-28,2025-01-10,2025-02-20,2025-02-20,Cancelled,C00255
PO003867,V00120,Marketing,Facilities,Indirect,1318.99,2025-11-18,2025-11-21,2025-12-22,2025-12-20,Closed,
PO003868,V00204,HR,IT Services,Indirect,12617.01,2025-06-08,2025-06-14,2025-07-04,2025-07-01,Cancelled,C00231
PO003869,V00207,R&D,Raw Materials,Direct,12619.04,2024-08-28,2024-08-31,2024-09-19,2024-09-24,Closed,
PO003870,V00169,Legal,Capital Equipment,Direct,43894.95,2024-07-29,2024-08-06,2024-09-13,2024-09-17,Closed,C00347
PO003871,V00099,HR,Logistics,Direct,7877.51,2024-06-03,2024-06-04,2024-07-17,2024-07-14,Closed,
PO003872,V00101,Facilities,Logistics,Direct,32437.52,2025-07-21,2025-07-30,2025-08-10,2025-08-10,Cancelled,C00638
PO003873,V00389,Legal,Raw Materials,Direct,6367.61,2025-10-15,2025-10-29,2025-12-07,2025-12-03,Open,C00029
PO003874,V00207,Manufacturing,Raw Materials,Direct,2424.33,2025-10-03,2025-10-06,2025-11-16,2025-11-12,Open,C00627
PO003875,V00424,R&D,Professional Services,Indirect,14451.4,2025-10-12,2025-10-22,2025-11-06,2025-11-12,Closed,C00206
PO003876,V00354,Facilities,Professional Services,Indirect,3756.88,2024-12-11,2024-12-15,2024-12-29,2024-12-29,Closed,C00401
PO003877,V00470,IT,IT Services,Indirect,44598.79,2024-12-07,2024-12-12,2025-01-21,2025-01-21,Cancelled,C00461
PO003878,V00324,Engineering,Raw Materials,Direct,2804.25,2024-04-14,2024-04-18,2024-05-11,2024-05-12,Closed,C00111
PO003879,V00490,R&D,Marketing,Indirect,9943.08,2024-12-14,2024-12-21,2024-12-31,2024-12-31,Closed,C00319
PO003880,V00430,Facilities,IT Services,Indirect,26301.4,2025-06-19,2025-06-24,2025-07-04,2025-07-03,Closed,C00642
PO003881,V00246,Legal,Logistics,Direct,2106.82,2025-01-02,2025-01-16,2025-02-05,2025-02-06,Closed,C00372
PO003882,V00305,Facilities,IT Services,Indirect,26900.24,2024-05-29,2024-06-05,2024-07-15,2024-07-14,Closed,
PO003883,V00397,Operations,IT Services,Indirect,20751.24,2025-11-23,2025-12-04,2026-01-08,2026-01-16,Closed,C00532
PO003884,V00368,Manufacturing,IT Services,Indirect,4353.59,2025-04-27,2025-05-05,2025-06-19,2025-06-20,Closed,C00366
PO003885,V00291,Finance,Travel,Indirect,3699.3,2024-07-10,2024-07-18,2024-08-08,2024-08-04,Open,C00135
PO003886,V00263,Facilities,IT Services,Indirect,17295.84,2025-01-02,2025-01-10,2025-02-19,2025-02-19,Closed,C00110
PO003887,V00148,Finance,Facilities,Indirect,4958.52,2024-05-08,2024-05-15,2024-06-15,2024-06-13,Closed,C00473
PO003888,V00496,Sales,Raw Materials,Direct,25040.46,2025-06-15,2025-06-21,2025-07-19,2025-07-20,Closed,C00031
PO003889,V00267,Finance,Professional Services,Indirect,20143.45,2024-05-27,2024-06-06,2024-07-21,2024-07-22,Closed,C00265
PO003890,V00036,Manufacturing,Raw Materials,Direct,5116.45,2025-08-26,2025-09-02,2025-09-10,2025-09-08,Closed,
PO003891,V00139,Finance,Office Supplies,Indirect,4529.8,2025-06-26,2025-06-30,2025-08-11,2025-08-16,Closed,
PO003892,V00220,IT,Raw Materials,Direct,15581.28,2024-11-24,2024-11-27,2024-12-13,2024-12-08,Closed,C00516
PO003893,V00029,Marketing,Capital Equipment,Direct,191618.49,2025-06-13,2025-06-14,2025-07-05,2025-07-06,Closed,C00601
PO003894,V00239,Finance,Professional Services,Indirect,16497.37,2025-11-26,2025-12-07,2025-12-19,2025-12-28,Open,C00123
PO003895,V00490,Legal,Marketing,Indirect,735.59,2025-04-01,2025-04-12,2025-05-14,2025-05-15,Closed,C00319
PO003896,V00235,Manufacturing,MRO,Direct,5897.97,2025-04-03,2025-04-13,2025-05-17,2025-05-15,Closed,C00402
PO003897,V00374,Engineering,Logistics,Direct,14262.94,2025-09-08,2025-09-14,2025-10-28,2025-10-30,Cancelled,C00326
PO003898,V00222,Finance,Professional Services,Indirect,12298.64,2025-01-02,2025-01-16,2025-02-09,2025-02-10,Cancelled,C00610
PO003899,V00313,Sales,IT Services,Indirect,3274.17,2024-03-16,2024-03-27,2024-04-23,2024-04-23,Closed,C00164
PO003900,V00482,HR,MRO,Direct,1085.67,2025-07-18,2025-07-29,2025-08-17,2025-08-22,Closed,C00545
PO003901,V00342,IT,MRO,Direct,14726.09,2025-06-17,2025-06-27,2025-07-10,2025-07-15,Closed,C00131
PO003902,V00186,Facilities,Raw Materials,Direct,6367.33,2024-09-19,2024-10-03,2024-11-10,2024-11-16,Closed,C00081
PO003903,V00283,Finance,Logistics,Direct,11819.73,2024-12-25,2025-01-01,2025-01-25,2025-01-19,Closed,
PO003904,V00452,Marketing,Travel,Indirect,607.88,2025-05-06,2025-05-19,2025-06-21,2025-06-13,Closed,C00118
PO003905,V00261,Facilities,Facilities,Indirect,691.02,2025-11-02,2025-11-07,2025-12-15,2025-12-07,Cancelled,
PO003906,V00416,Finance,Logistics,Direct,1403.26,2024-01-11,2024-01-17,2024-02-29,2024-03-04,Cancelled,
PO003907,V00070,R&D,IT Services,Indirect,40727.32,2025-09-10,2025-09-18,2025-10-15,2025-10-13,Closed,
PO003908,V00020,Engineering,MRO,Direct,4750.12,2025-04-28,2025-05-11,2025-06-20,2025-06-16,Open,C00189
PO003909,V00490,Manufacturing,Marketing,Indirect,7089.35,2025-11-08,2025-11-13,2025-12-04,2025-12-08,Closed,
PO003910,V00403,Facilities,Logistics,Direct,10395.25,2024-06-28,2024-07-09,2024-08-03,2024-08-04,Closed,C00567
PO003911,V00079,Manufacturing,MRO,Direct,492.98,2025-09-09,2025-09-17,2025-10-12,2025-10-12,Cancelled,C00107
PO003912,V00368,Sales,IT Services,Indirect,138037.72,2024-10-14,2024-10-24,2024-11-30,2024-12-05,Closed,C00366
PO003913,V00023,R&D,Capital Equipment,Direct,27962.66,2024-02-25,2024-02-26,2024-03-30,2024-03-30,Closed,
PO003914,V00169,Facilities,Capital Equipment,Direct,118549.3,2024-06-07,2024-06-10,2024-07-19,2024-08-02,Closed,C00347
PO003915,V00042,Operations,Raw Materials,Direct,8217.19,2025-02-14,2025-02-17,2025-03-23,2025-03-27,Closed,
PO003916,V00223,Legal,Professional Services,Indirect,29105.5,2024-12-23,2024-12-28,2025-02-06,2025-02-06,Closed,C00268
PO003917,V00461,Facilities,IT Services,Indirect,16166.99,2024-05-24,2024-05-28,2024-06-20,2024-06-14,Open,C00583
PO003918,V00231,Marketing,Professional Services,Indirect,64057.25,2025-03-21,2025-03-25,2025-04-19,2025-04-17,Closed,
PO003919,V00462,Engineering,Professional Services,Indirect,1713.29,2025-01-18,2025-01-25,2025-02-14,2025-02-20,Closed,C00045
PO003920,V00108,Legal,MRO,Direct,3173.79,2024-04-22,2024-04-30,2024-06-10,2024-06-11,Open,
PO003921,V00400,Finance,Logistics,Direct,37214.98,2024-03-20,2024-03-23,2024-05-02,2024-05-01,Closed,C00398
PO003922,V00403,Operations,Logistics,Direct,30642.73,2025-12-11,2025-12-17,2026-01-09,2026-01-15,Closed,C00566
PO003923,V00013,R&D,Raw Materials,Direct,4064.37,2025-07-07,2025-07-15,2025-07-25,2025-08-03,Closed,C00597
PO003924,V00463,Engineering,IT Services,Indirect,5314.31,2024-09-23,2024-09-30,2024-10-20,2024-10-25,Closed,C00282
PO003925,V00068,Finance,Professional Services,Indirect,35180.96,2024-11-04,2024-11-07,2024-12-11,2024-12-11,Closed,
PO003926,V00368,Sales,IT Services,Indirect,6919.69,2024-01-09,2024-01-17,2024-03-02,2024-03-06,Cancelled,C00365
PO003927,V00182,Facilities,Raw Materials,Direct,4088.86,2024-09-10,2024-09-20,2024-10-24,2024-10-24,Cancelled,
PO003928,V00132,Legal,IT Services,Indirect,46810.46,2025-03-21,2025-04-04,2025-05-18,2025-05-19,Closed,
PO003929,V00110,R&D,Professional Services,Indirect,12378.86,2025-10-10,2025-10-19,2025-11-05,2025-11-05,Closed,C00357
PO003930,V00117,Legal,IT Services,Indirect,38917.14,2025-11-28,2025-12-04,2026-01-18,2026-01-22,Open,
PO003931,V00424,Sales,Professional Services,Indirect,122097.69,2025-11-25,2025-11-27,2025-12-27,2025-12-26,Closed,C00206
PO003932,V00082,IT,MRO,Direct,1420.94,2025-09-17,2025-09-19,2025-10-09,2025-10-15,Closed,C00452
PO003933,V00295,HR,Marketing,Indirect,13211.15,2024-08-31,2024-09-14,2024-10-20,2024-10-20,Closed,C00530
PO003934,V00101,Manufacturing,Logistics,Direct,9082.7,2024-12-30,2025-01-02,2025-02-09,2025-02-09,Closed,
PO003935,V00173,Legal,Professional Services,Indirect,14942.23,2025-11-16,2025-11-17,2025-11-24,2025-11-24,Closed,C00155
PO003936,V00383,HR,Logistics,Direct,6596.56,2025-09-10,2025-09-14,2025-09-27,2025-09-28,Closed,
PO003937,V00297,IT,IT Services,Indirect,16606.89,2025-08-26,2025-09-06,2025-10-19,2025-10-19,Cancelled,C00462
PO003938,V00098,Sales,Logistics,Direct,5930.44,2025-03-04,2025-03-13,2025-04-19,2025-04-29,Closed,
PO003939,V00368,HR,IT Services,Indirect,53513.83,2024-07-28,2024-08-05,2024-09-01,2024-09-06,Closed,C00365
PO003940,V00117,Operations,IT Services,Indirect,58234.58,2025-09-13,2025-09-26,2025-10-10,2025-10-15,Closed,
PO003941,V00496,Facilities,Raw Materials,Direct,12846.76,2024-08-22,2024-08-25,2024-09-17,2024-09-19,Open,C00032
PO003942,V00064,Engineering,Raw Materials,Direct,24917.07,2024-09-27,2024-10-05,2024-10-16,2024-10-16,Cancelled,C00075
PO003943,V00465,IT,Raw Materials,Direct,33966.33,2025-05-20,2025-05-21,2025-06-17,2025-06-17,Open,C00210
PO003944,V00298,Manufacturing,Capital Equipment,Direct,79685.83,2024-12-27,2025-01-07,2025-02-17,2025-02-19,Closed,C00468
PO003945,V00012,Engineering,IT Services,Indirect,8897.34,2025-11-05,2025-11-12,2025-11-23,2025-11-23,Closed,C00089
PO003946,V00234,Sales,Marketing,Indirect,632.65,2024-12-23,2024-12-24,2025-01-17,2025-01-11,Closed,C00548
PO003947,V00373,Operations,Office Supplies,Indirect,6171.42,2025-09-03,2025-09-11,2025-10-12,2025-10-13,Open,
PO003948,V00186,Marketing,Raw Materials,Direct,7137.76,2024-11-01,2024-11-13,2024-12-19,2024-12-11,Cancelled,C00082
PO003949,V00196,Legal,MRO,Direct,6206.07,2025-05-24,2025-05-25,2025-06-22,2025-06-27,Closed,
PO003950,V00423,Legal,Raw Materials,Direct,5211.1,2024-10-04,2024-10-08,2024-10-18,2024-10-14,Closed,
PO003951,V00415,Marketing,Professional Services,Indirect,4602.4,2025-05-02,2025-05-16,2025-06-18,2025-06-18,Cancelled,C00162
PO003952,V00352,HR,Marketing,Indirect,593.56,2024-07-21,2024-07-27,2024-08-16,2024-08-21,Open,C00504
PO003953,V00169,Manufacturing,Capital Equipment,Direct,21018.6,2025-08-18,2025-08-21,2025-10-04,2025-09-26,Closed,C00347
PO003954,V00318,Facilities,Facilities,Indirect,5342.32,2024-12-28,2025-01-04,2025-02-05,2025-02-09,Closed,C00137
PO003955,V00073,IT,Logistics,Direct,45450.87,2025-08-07,2025-08-09,2025-09-14,2025-09-18,Closed,C00095
PO003956,V00337,Facilities,Raw Materials,Direct,27107.21,2024-08-28,2024-09-04,2024-10-09,2024-10-09,Closed,C00058
PO003957,V00123,Marketing,Facilities,Indirect,18172.74,2025-03-31,2025-04-14,2025-04-25,2025-04-22,Cancelled,
PO003958,V00219,R&D,IT Services,Indirect,81639.19,2025-10-09,2025-10-18,2025-11-13,2025-11-13,Open,
PO003959,V00365,Legal,Raw Materials,Direct,10840.04,2024-03-17,2024-03-25,2024-04-23,2024-05-02,Closed,C00413
PO003960,V00062,Marketing,Office Supplies,Indirect,7582.2,2025-02-25,2025-03-09,2025-03-30,2025-03-20,Closed,C00651
PO003961,V00434,Engineering,MRO,Direct,4379.11,2025-11-25,2025-12-09,2026-01-06,2026-01-10,Closed,C00188
PO003962,V00391,Operations,Professional Services,Indirect,35129.81,2025-10-24,2025-10-31,2025-12-05,2025-12-14,Cancelled,C00332
PO003963,V00093,Operations,MRO,Direct,3483.31,2025-06-15,2025-06-24,2025-07-05,2025-07-16,Closed,
PO003964,V00312,R&D,Raw Materials,Direct,3032.21,2025-10-31,2025-11-10,2025-11-24,2025-11-23,Closed,
PO003965,V00324,Marketing,Raw Materials,Direct,42799.89,2025-04-10,2025-04-21,2025-05-11,2025-05-16,Closed,C00111
PO003966,V00210,Legal,Professional Services,Indirect,12887.51,2025-12-01,2025-12-03,2025-12-14,2025-12-13,Closed,C00071
PO003967,V00389,Operations,Raw Materials,Direct,14035.87,2025-07-27,2025-08-01,2025-09-05,2025-09-14,Closed,C00029
PO003968,V00006,Finance,Professional Services,Indirect,23009.35,2025-10-16,2025-10-22,2025-11-04,2025-11-09,Closed,C00274
PO003969,V00393,Finance,Professional Services,Indirect,7617.22,2025-07-24,2025-08-03,2025-08-20,2025-08-25,Closed,C00472
PO003970,V00095,Legal,Marketing,Indirect,5231.09,2024-11-03,2024-11-14,2024-11-24,2024-11-30,Closed,
PO003971,V00234,R&D,Marketing,Indirect,5108.25,2024-05-26,2024-05-28,2024-07-01,2024-07-01,Cancelled,
PO003972,V00309,Marketing,Raw Materials,Direct,5485.61,2025-06-21,2025-07-05,2025-08-19,2025-08-22,Closed,
PO003973,V00452,Marketing,Travel,Indirect,4817.93,2025-07-20,2025-08-01,2025-09-10,2025-09-07,Open,C00118
PO003974,V00171,Manufacturing,Professional Services,Indirect,19059.97,2024-04-13,2024-04-21,2024-06-04,2024-06-09,Cancelled,C00602
PO003975,V00153,Sales,Professional Services,Indirect,7334.99,2023-12-31,2024-01-02,2024-02-01,2024-02-02,Closed,C00364
PO003976,V00319,Marketing,Marketing,Indirect,789.03,2025-08-11,2025-08-14,2025-08-30,2025-08-25,Open,
PO003977,V00358,Facilities,Logistics,Direct,32087.62,2024-01-26,2024-02-09,2024-03-19,2024-03-18,Cancelled,C00284
PO003978,V00176,HR,IT Services,Indirect,47858.61,2024-01-22,2024-02-05,2024-03-08,2024-03-11,Closed,
PO003979,V00359,Legal,Professional Services,Indirect,7253.98,2024-06-13,2024-06-25,2024-08-01,2024-08-06,Closed,C00383
PO003980,V00084,Finance,Professional Services,Indirect,8693.26,2025-06-26,2025-07-08,2025-08-07,2025-08-12,Closed,C00371
PO003981,V00403,Finance,Logistics,Direct,64278.81,2025-08-29,2025-09-04,2025-10-02,2025-10-10,Closed,C00566
PO003982,V00403,Operations,Logistics,Direct,4328.12,2024-04-12,2024-04-18,2024-05-10,2024-05-10,Closed,C00567
PO003983,V00407,Sales,Facilities,Indirect,12823.52,2025-04-12,2025-04-16,2025-04-30,2025-04-29,Closed,
PO003984,V00292,HR,Capital Equipment,Direct,187416.21,2024-04-05,2024-04-09,2024-05-02,2024-04-27,Open,
PO003985,V00012,IT,IT Services,Indirect,65179.89,2025-08-07,2025-08-14,2025-08-31,2025-08-28,Closed,C00089
PO003986,V00220,IT,Raw Materials,Direct,42310.59,2025-10-15,2025-10-28,2025-11-24,2025-11-24,Open,C00516
PO003987,V00368,Finance,IT Services,Indirect,13609.37,2024-01-19,2024-01-28,2024-02-28,2024-02-29,Closed,C00365
PO003988,V00108,R&D,MRO,Direct,2221.77,2025-03-23,2025-03-24,2025-04-27,2025-04-27,Cancelled,C00575
PO003989,V00492,Facilities,IT Services,Indirect,18997.53,2025-03-26,2025-04-01,2025-04-30,2025-05-09,Closed,C00038
PO003990,V00490,Manufacturing,Marketing,Indirect,5697.63,2024-12-15,2024-12-22,2025-01-27,2025-01-25,Closed,C00319
PO003991,V00070,Operations,IT Services,Indirect,10816.36,2024-05-18,2024-06-01,2024-06-27,2024-07-01,Open,C00143
PO003992,V00096,Finance,Marketing,Indirect,364.97,2025-12-18,2025-12-25,2026-02-04,2026-02-08,Closed,
PO003993,V00403,IT,Logistics,Direct,6833.46,2024-12-18,2024-12-19,2025-01-28,2025-02-05,Closed,C00567
PO003994,V00180,HR,Marketing,Indirect,1515.18,2025-12-06,2025-12-18,2025-12-29,2026-01-04,Open,
PO003995,V00300,Facilities,MRO,Direct,2355.33,2025-09-13,2025-09-20,2025-10-18,2025-10-22,Closed,
PO003996,V00211,IT,MRO,Direct,3347.14,2025-10-03,2025-10-09,2025-10-23,2025-10-21,Closed,C00345
PO003997,V00163,Marketing,Professional Services,Indirect,13236.27,2025-01-20,2025-01-31,2025-02-20,2025-02-27,Open,
PO003998,V00434,Finance,MRO,Direct,5644.92,2024-03-17,2024-03-19,2024-04-08,2024-04-08,Closed,C00188
PO003999,V00061,R&D,Raw Materials,Direct,9094.93,2024-01-14,2024-01-24,2024-03-08,2024-03-12,Open,C00290
PO004000,V00368,Legal,IT Services,Indirect,8011.71,2024-09-08,2024-09-17,2024-10-03,2024-10-11,Closed,C00365
PO004001,V00399,Manufacturing,IT Services,Indirect,18543.72,2024-01-15,2024-01-23,2024-03-02,2024-03-04,Closed,C00605
PO004002,V00247,Operations,Raw Materials,Direct,13287.83,2025-09-20,2025-09-21,2025-10-21,2025-10-21,Closed,
PO004003,V00466,Facilities,Professional Services,Indirect,68403.56,2024-04-22,2024-05-02,2024-05-28,2024-05-21,Closed,C00150
PO004004,V00335,Manufacturing,IT Services,Indirect,4986.13,2024-10-19,2024-11-01,2024-11-09,2024-11-05,Closed,C00054
PO004005,V00368,Engineering,IT Services,Indirect,37500.06,2024-12-06,2024-12-07,2024-12-29,2024-12-31,Open,C00366
PO004006,V00249,Engineering,Professional Services,Indirect,20230.74,2025-08-12,2025-08-17,2025-09-10,2025-09-10,Closed,C00359
PO004007,V00114,Manufacturing,Marketing,Indirect,480.26,2024-03-20,2024-03-28,2024-04-30,2024-04-30,Closed,C00239
PO004008,V00468,IT,Raw Materials,Direct,4428.4,2025-08-21,2025-08-22,2025-09-17,2025-09-21,Closed,C00369
PO004009,V00100,IT,Capital Equipment,Direct,116931.21,2024-07-23,2024-07-31,2024-08-28,2024-08-29,Cancelled,
PO004010,V00210,Finance,Professional Services,Indirect,10381.83,2024-08-29,2024-08-31,2024-10-10,2024-10-14,Cancelled,C00071
PO004011,V00468,Sales,Raw Materials,Direct,13093.29,2025-12-27,2025-12-29,2026-01-12,2026-01-15,Closed,C00367
PO004012,V00372,Legal,Professional Services,Indirect,30838.46,2024-12-22,2025-01-02,2025-01-22,2025-01-20,Closed,C00027
PO004013,V00294,R&D,IT Services,Indirect,5025.25,2023-12-25,2024-01-06,2024-01-28,2024-02-03,Cancelled,
PO004014,V00378,HR,Raw Materials,Direct,17191.66,2024-11-08,2024-11-18,2024-12-05,2024-12-13,Closed,C00013
PO004015,V00446,Finance,IT Services,Indirect,10151.93,2025-10-30,2025-11-06,2025-11-18,2025-11-27,Closed,
PO004016,V00405,Engineering,Raw Materials,Direct,7606.9,2025-11-23,2025-12-01,2026-01-15,2026-01-15,Closed,C00335
PO004017,V00471,HR,IT Services,Indirect,14230.67,2025-09-01,2025-09-05,2025-10-16,2025-10-20,Closed,
PO004018,V00368,Facilities,IT Services,Indirect,61931.08,2025-08-15,2025-08-29,2025-10-13,2025-10-05,Closed,C00365
PO004019,V00368,Finance,IT Services,Indirect,10507.11,2024-04-05,2024-04-13,2024-05-21,2024-05-27,Closed,C00365
PO004020,V00450,Engineering,Raw Materials,Direct,6131.77,2025-01-14,2025-01-23,2025-01-30,2025-01-30,Closed,C00444
PO004021,V00234,IT,Marketing,Indirect,2409.56,2024-05-02,2024-05-08,2024-05-16,2024-05-16,Closed,C00548
PO004022,V00478,Manufacturing,Professional Services,Indirect,47738.26,2024-12-27,2025-01-10,2025-02-22,2025-02-26,Closed,
PO004023,V00339,Sales,Facilities,Indirect,11123.13,2024-05-01,2024-05-03,2024-05-23,2024-05-19,Closed,C00430
PO004024,V00368,Legal,IT Services,Indirect,23147.13,2024-12-22,2024-12-27,2025-01-03,2025-01-06,Closed,C00365
PO004025,V00398,IT,IT Services,Indirect,20775.02,2025-05-04,2025-05-08,2025-06-08,2025-06-14,Closed,C00568
PO004026,V00433,HR,Office Supplies,Indirect,8346.29,2025-09-05,2025-09-19,2025-10-28,2025-10-29,Closed,C00540
PO004027,V00024,R&D,IT Services,Indirect,18562.7,2025-10-10,2025-10-16,2025-10-25,2025-10-25,Closed,
PO004028,V00354,R&D,Professional Services,Indirect,3052.65,2025-05-18,2025-06-01,2025-06-09,2025-06-08,Closed,
PO004029,V00134,Facilities,Professional Services,Indirect,44019.89,2025-11-10,2025-11-17,2025-12-12,2025-12-19,Closed,C00579
PO004030,V00484,R&D,IT Services,Indirect,18848.08,2024-09-01,2024-09-05,2024-09-22,2024-09-30,Closed,
PO004031,V00500,HR,Professional Services,Indirect,15603.34,2025-11-24,2025-12-01,2025-12-09,2025-12-20,Cancelled,
PO004032,V00368,Sales,IT Services,Indirect,7446.67,2024-02-17,2024-02-24,2024-03-31,2024-04-04,Closed,C00365
PO004033,V00171,Engineering,Professional Services,Indirect,10595.82,2025-05-26,2025-06-06,2025-06-22,2025-06-23,Open,
PO004034,V00183,Facilities,Capital Equipment,Direct,36508.4,2024-09-03,2024-09-12,2024-10-24,2024-10-24,Open,C00096
PO004035,V00086,Manufacturing,Logistics,Direct,14210.76,2024-04-10,2024-04-18,2024-04-30,2024-05-02,Cancelled,
PO004036,V00475,Marketing,Marketing,Indirect,20615.24,2025-04-11,2025-04-13,2025-05-06,2025-05-12,Closed,C00465
PO004037,V00204,Sales,IT Services,Indirect,7206.87,2024-12-26,2024-12-31,2025-01-28,2025-01-24,Closed,
PO004038,V00169,HR,Capital Equipment,Direct,171569.9,2024-11-21,2024-12-02,2024-12-10,2024-12-04,Cancelled,C00346
PO004039,V00347,HR,MRO,Direct,5859.69,2025-05-27,2025-05-30,2025-07-04,2025-07-04,Open,C00429
PO004040,V00361,IT,Raw Materials,Direct,7798.7,2025-12-10,2025-12-20,2026-01-29,2026-02-07,Cancelled,C00428
PO004041,V00226,Engineering,Professional Services,Indirect,5199.53,2025-10-14,2025-10-22,2025-10-31,2025-10-25,Closed,C00400
PO004042,V00368,Engineering,IT Services,Indirect,150683.01,2025-05-31,2025-06-06,2025-06-23,2025-07-05,Closed,C00365
PO004043,V00169,IT,Capital Equipment,Direct,22146.11,2025-02-11,2025-02-14,2025-03-27,2025-03-16,Closed,C00346
PO004044,V00308,Finance,Raw Materials,Direct,2627.69,2025-03-31,2025-04-02,2025-05-03,2025-05-05,Closed,
PO004045,V00109,Legal,Travel,Indirect,3070.46,2024-03-28,2024-04-06,2024-04-20,2024-04-22,Closed,
PO004046,V00098,IT,Logistics,Direct,7703.14,2025-09-03,2025-09-04,2025-10-15,2025-10-02,Closed,
PO004047,V00465,Facilities,Raw Materials,Direct,1474.33,2025-11-22,2025-12-05,2026-01-05,2025-12-31,Closed,C00210
PO004048,V00019,Marketing,Professional Services,Indirect,60755.59,2024-06-08,2024-06-15,2024-07-02,2024-07-06,Closed,C00104
PO004049,V00368,Finance,IT Services,Indirect,48630.5,2024-09-25,2024-09-29,2024-11-11,2024-11-11,Closed,C00366
PO004050,V00194,Sales,IT Services,Indirect,14495.27,2024-03-13,2024-03-14,2024-03-30,2024-04-01,Closed,C00099
PO004051,V00443,Operations,Logistics,Direct,6499.53,2024-05-10,2024-05-11,2024-06-02,2024-05-31,Closed,C00489
PO004052,V00040,R&D,Facilities,Indirect,3581.21,2025-08-05,2025-08-18,2025-09-01,2025-09-04,Cancelled,
PO004053,V00075,R&D,Raw Materials,Direct,37127.8,2025-07-25,2025-08-07,2025-09-21,2025-09-27,Open,
PO004054,V00321,HR,Capital Equipment,Direct,147736.56,2025-11-11,2025-11-24,2025-12-04,2025-12-11,Closed,C00223
PO004055,V00060,Finance,Capital Equipment,Direct,231102.26,2024-09-02,2024-09-15,2024-10-17,2024-10-19,Closed,
PO004056,V00317,Operations,Logistics,Direct,29342.86,2024-05-26,2024-05-28,2024-07-11,2024-07-08,Closed,C00035
PO004057,V00032,Sales,Logistics,Direct,23914.66,2025-12-08,2025-12-09,2026-01-12,2026-01-18,Closed,
PO004058,V00433,Operations,Office Supplies,Indirect,463.94,2025-07-10,2025-07-14,2025-08-25,2025-08-21,Closed,C00540
PO004059,V00222,Facilities,Professional Services,Indirect,7053.64,2024-06-08,2024-06-14,2024-07-29,2024-07-29,Cancelled,C00610
PO004060,V00394,Legal,Logistics,Direct,26464.43,2025-10-02,2025-10-07,2025-10-28,2025-11-05,Closed,C00440
PO004061,V00470,Facilities,IT Services,Indirect,62331.11,2024-12-04,2024-12-11,2025-01-07,2025-01-07,Open,C00461
PO004062,V00158,Finance,Travel,Indirect,3473.05,2025-03-21,2025-03-29,2025-04-30,2025-04-28,Closed,
PO004063,V00185,Manufacturing,Capital Equipment,Direct,35175.19,2025-11-16,2025-11-18,2025-12-22,2025-12-21,Closed,
PO004064,V00105,Facilities,Professional Services,Indirect,8166.51,2025-10-26,2025-11-06,2025-11-30,2025-11-28,Closed,
PO004065,V00249,IT,Professional Services,Indirect,24403.64,2024-04-06,2024-04-08,2024-04-28,2024-04-25,Cancelled,C00359
PO004066,V00186,Finance,Raw Materials,Direct,22582.12,2025-05-10,2025-05-22,2025-06-05,2025-06-12,Open,C00082
PO004067,V00437,Manufacturing,MRO,Direct,53044.1,2025-10-03,2025-10-10,2025-10-27,2025-10-26,Closed,C00424
PO004068,V00447,Sales,IT Services,Indirect,29453.75,2024-10-05,2024-10-10,2024-11-06,2024-11-14,Cancelled,C00663
PO004069,V00177,Marketing,Marketing,Indirect,6880.41,2025-11-26,2025-12-07,2025-12-20,2025-12-22,Open,C00219
PO004070,V00221,HR,Raw Materials,Direct,3410.96,2025-04-20,2025-04-21,2025-06-01,2025-06-07,Cancelled,C00218
PO004071,V00166,Legal,Raw Materials,Direct,9416.23,2025-01-02,2025-01-10,2025-02-18,2025-02-19,Open,C00373
PO004072,V00377,Marketing,Capital Equipment,Direct,11372.89,2025-12-18,2025-12-29,2026-01-21,2026-01-20,Cancelled,
PO004073,V00161,Legal,Raw Materials,Direct,5322.83,2024-02-03,2024-02-10,2024-02-28,2024-02-28,Closed,
PO004074,V00180,Marketing,Marketing,Indirect,16175.63,2025-09-19,2025-10-02,2025-11-12,2025-11-15,Closed,
PO004075,V00083,Marketing,MRO,Direct,3492.3,2025-08-14,2025-08-23,2025-09-04,2025-08-29,Closed,C00153
PO004076,V00326,Manufacturing,Facilities,Indirect,23896.21,2025-09-25,2025-10-01,2025-10-08,2025-10-10,Closed,C00577
PO004077,V00229,Facilities,IT Services,Indirect,7619.3,2025-01-27,2025-02-03,2025-02-28,2025-03-03,Closed,
PO004078,V00210,Manufacturing,Professional Services,Indirect,12103.83,2025-10-10,2025-10-14,2025-11-04,2025-11-04,Cancelled,C00071
PO004079,V00332,Manufacturing,Raw Materials,Direct,6187.77,2025-07-14,2025-07-23,2025-08-03,2025-08-15,Closed,C00201
PO004080,V00169,Facilities,Capital Equipment,Direct,32365.73,2025-04-28,2025-04-30,2025-05-19,2025-05-19,Closed,C00346
PO004081,V00368,Engineering,IT Services,Indirect,44575.31,2025-12-09,2025-12-16,2025-12-23,2025-12-26,Closed,C00366
PO004082,V00375,Legal,Raw Materials,Direct,52399.84,2025-06-14,2025-06-23,2025-08-01,2025-08-04,Closed,C00006
PO004083,V00354,Engineering,Professional Services,Indirect,10243.58,2025-06-30,2025-07-03,2025-08-12,2025-08-12,Closed,
PO004084,V00284,Legal,Professional Services,Indirect,4501.03,2024-08-16,2024-08-29,2024-09-08,2024-09-06,Open,C00586
PO004085,V00183,Manufacturing,Capital Equipment,Direct,22814.3,2025-04-13,2025-04-19,2025-05-11,2025-05-11,Closed,
PO004086,V00385,Marketing,Professional Services,Indirect,14223.85,2024-04-24,2024-04-25,2024-05-30,2024-05-30,Closed,C00076
PO004087,V00418,R&D,Professional Services,Indirect,11619.37,2024-02-10,2024-02-14,2024-02-24,2024-02-24,Open,C00230
PO004088,V00173,R&D,Professional Services,Indirect,53326.18,2024-04-15,2024-04-16,2024-04-28,2024-05-05,Closed,
PO004089,V00494,Manufacturing,Office Supplies,Indirect,1702.5,2024-04-01,2024-04-15,2024-05-02,2024-04-29,Closed,C00348
PO004090,V00324,Marketing,Raw Materials,Direct,47001.29,2025-05-04,2025-05-11,2025-05-29,2025-06-01,Closed,
PO004091,V00308,Facilities,Raw Materials,Direct,44808.11,2025-01-26,2025-01-30,2025-02-14,2025-02-15,Open,
PO004092,V00116,Marketing,Raw Materials,Direct,6729.57,2025-10-09,2025-10-20,2025-11-17,2025-11-23,Closed,
PO004093,V00235,Marketing,MRO,Direct,5156.23,2024-01-07,2024-01-12,2024-01-23,2024-01-24,Open,C00403
PO004094,V00151,Finance,Raw Materials,Direct,25393.81,2024-06-19,2024-06-30,2024-07-22,2024-07-24,Closed,C00434
PO004095,V00177,HR,Marketing,Indirect,5493.26,2025-11-05,2025-11-09,2025-12-07,2025-12-07,Closed,C00220
PO004096,V00496,Sales,Raw Materials,Direct,15042.56,2025-03-14,2025-03-20,2025-04-28,2025-04-27,Closed,C00032
PO004097,V00398,Facilities,IT Services,Indirect,124859.08,2024-06-06,2024-06-10,2024-07-11,2024-07-16,Closed,C00568
PO004098,V00368,Finance,IT Services,Indirect,43678.74,2024-06-18,2024-06-21,2024-07-05,2024-07-10,Cancelled,C00365
PO004099,V00077,Manufacturing,Marketing,Indirect,1478.12,2024-08-11,2024-08-18,2024-08-31,2024-09-01,Open,C00043
PO004100,V00291,Sales,Travel,Indirect,2920.1,2025-03-06,2025-03-10,2025-04-18,2025-04-15,Cancelled,C00135
PO004101,V00020,Engineering,MRO,Direct,2912.99,2025-01-27,2025-02-06,2025-03-20,2025-03-10,Cancelled,C00189
PO004102,V00460,Marketing,Raw Materials,Direct,10858.14,2024-01-01,2024-01-14,2024-01-27,2024-01-26,Closed,
PO004103,V00112,Engineering,Raw Materials,Direct,10450.07,2024-09-26,2024-10-07,2024-10-19,2024-10-19,Closed,C00421
PO004104,V00409,Engineering,Logistics,Direct,35946.98,2025-05-10,2025-05-12,2025-06-13,2025-06-14,Closed,C00036
PO004105,V00272,HR,Professional Services,Indirect,42561.78,2025-04-04,2025-04-05,2025-05-13,2025-05-09,Open,C00242
PO004106,V00235,HR,MRO,Direct,4465.85,2024-05-07,2024-05-11,2024-06-20,2024-06-28,Open,C00403
PO004107,V00140,Finance,MRO,Direct,2203.96,2023-12-20,2024-01-01,2024-02-04,2024-02-04,Cancelled,
PO004108,V00352,Marketing,Marketing,Indirect,1132.84,2024-11-18,2024-11-22,2024-12-04,2024-12-08,Closed,C00505
PO004109,V00354,Manufacturing,Professional Services,Indirect,26001.78,2024-06-06,2024-06-15,2024-06-27,2024-06-27,Closed,C00401
PO004110,V00037,Marketing,Professional Services,Indirect,80737.88,2024-05-06,2024-05-11,2024-06-12,2024-06-11,Open,C00409
PO004111,V00043,IT,Professional Services,Indirect,59834.03,2024-06-08,2024-06-12,2024-07-22,2024-07-24,Closed,C00216
PO004112,V00352,Finance,Marketing,Indirect,3572.27,2024-06-01,2024-06-13,2024-06-23,2024-06-19,Closed,C00505
PO004113,V00180,Facilities,Marketing,Indirect,1078.5,2025-05-17,2025-05-18,2025-06-12,2025-06-14,Closed,
PO004114,V00403,IT,Logistics,Direct,13259.96,2025-06-08,2025-06-11,2025-07-12,2025-07-16,Closed,C00566
PO004115,V00312,IT,Raw Materials,Direct,31046.69,2024-11-05,2024-11-06,2024-12-21,2024-12-19,Closed,C00549
PO004116,V00408,IT,Professional Services,Indirect,29302.73,2025-03-21,2025-03-26,2025-04-22,2025-04-17,Closed,C00492
PO004117,V00182,Legal,Raw Materials,Direct,19469.8,2024-07-04,2024-07-11,2024-08-11,2024-08-09,Open,
PO004118,V00432,R&D,Capital Equipment,Direct,8776.93,2025-09-06,2025-09-14,2025-10-24,2025-10-22,Cancelled,C00176
PO004119,V00308,Operations,Raw Materials,Direct,76114.56,2025-11-27,2025-12-02,2025-12-15,2025-12-14,Closed,
PO004120,V00199,Sales,Raw Materials,Direct,15802.65,2024-09-14,2024-09-26,2024-10-11,2024-10-19,Open,C00466
PO004121,V00368,Legal,IT Services,Indirect,36901.77,2025-05-29,2025-06-11,2025-07-16,2025-07-22,Closed,C00366
PO004122,V00217,Manufacturing,IT Services,Indirect,10528.8,2024-05-21,2024-05-22,2024-06-08,2024-06-02,Closed,
PO004123,V00403,Finance,Logistics,Direct,20942.72,2024-08-06,2024-08-13,2024-09-25,2024-10-02,Closed,C00567
PO004124,V00091,Facilities,IT Services,Indirect,176253.71,2024-08-17,2024-08-27,2024-10-10,2024-10-10,Closed,C00160
PO004125,V00293,R&D,Capital Equipment,Direct,58432.26,2025-12-26,2025-12-31,2026-01-14,2026-01-05,Closed,
PO004126,V00051,Legal,Professional Services,Indirect,2138.54,2024-09-19,2024-09-20,2024-10-15,2024-10-17,Open,
PO004127,V00272,Finance,Professional Services,Indirect,1770.8,2025-03-04,2025-03-10,2025-03-26,2025-04-05,Closed,C00242
PO004128,V00153,Engineering,Professional Services,Indirect,91556.59,2025-11-01,2025-11-06,2025-11-16,2025-11-17,Closed,C00364
PO004129,V00240,Legal,Office Supplies,Indirect,9587.96,2025-04-25,2025-04-26,2025-05-18,2025-05-20,Closed,
PO004130,V00368,R&D,IT Services,Indirect,5043.18,2025-08-09,2025-08-20,2025-08-28,2025-09-04,Closed,C00365
PO004131,V00317,R&D,Logistics,Direct,6085.68,2024-06-27,2024-07-01,2024-08-13,2024-08-11,Closed,C00034
PO004132,V00187,Legal,Logistics,Direct,25434.3,2025-12-15,2025-12-27,2026-01-22,2026-01-19,Open,C00591
PO004133,V00352,IT,Marketing,Indirect,2468.47,2024-09-24,2024-10-03,2024-11-04,2024-11-05,Closed,
PO004134,V00165,Sales,Professional Services,Indirect,9417.24,2024-05-31,2024-06-13,2024-07-04,2024-07-02,Open,C00551
PO004135,V00006,R&D,Professional Services,Indirect,16019.5,2025-03-11,2025-03-24,2025-04-26,2025-04-26,Closed,
PO004136,V00403,Legal,Logistics,Direct,11959.81,2024-06-02,2024-06-12,2024-07-20,2024-07-20,Closed,C00567
PO004137,V00341,IT,MRO,Direct,3285.16,2025-11-28,2025-12-08,2026-01-05,2026-01-15,Closed,C00534
PO004138,V00368,Facilities,IT Services,Indirect,156501.24,2024-09-16,2024-09-28,2024-10-16,2024-10-16,Cancelled,C00365
PO004139,V00403,Finance,Logistics,Direct,34741.01,2025-01-08,2025-01-22,2025-01-30,2025-02-01,Closed,C00566
PO004140,V00438,HR,Capital Equipment,Direct,17709.52,2024-06-04,2024-06-14,2024-07-17,2024-07-24,Closed,
PO004141,V00430,Operations,IT Services,Indirect,47703.32,2025-09-28,2025-10-11,2025-11-06,2025-11-11,Closed,C00641
PO004142,V00330,Operations,Professional Services,Indirect,1899.7,2024-05-11,2024-05-23,2024-06-08,2024-06-06,Closed,C00237
PO004143,V00411,Operations,Raw Materials,Direct,13340.2,2025-06-17,2025-06-30,2025-07-22,2025-07-22,Closed,C00098
PO004144,V00485,Marketing,Marketing,Indirect,2355.45,2024-11-22,2024-12-01,2024-12-25,2025-01-02,Closed,C00616
PO004145,V00171,Marketing,Professional Services,Indirect,7943.97,2025-11-12,2025-11-23,2025-12-11,2025-12-16,Cancelled,
PO004146,V00242,HR,Marketing,Indirect,2505.36,2025-01-05,2025-01-07,2025-02-17,2025-02-21,Closed,
PO004147,V00400,Sales,Logistics,Direct,9062.08,2024-04-30,2024-05-05,2024-06-08,2024-06-11,Closed,C00398
PO004148,V00023,HR,Capital Equipment,Direct,68232.59,2025-08-20,2025-09-02,2025-10-13,2025-10-14,Closed,C00092
PO004149,V00291,Sales,Travel,Indirect,4441.43,2025-04-18,2025-05-02,2025-06-16,2025-06-24,Cancelled,C00135
PO004150,V00482,Legal,MRO,Direct,5682.02,2024-11-23,2024-12-04,2024-12-24,2024-12-29,Open,C00545
PO004151,V00240,HR,Office Supplies,Indirect,10827.96,2024-11-08,2024-11-11,2024-12-22,2024-12-24,Open,C00488
PO004152,V00238,Facilities,Raw Materials,Direct,46371.32,2024-07-14,2024-07-27,2024-08-18,2024-08-09,Open,
PO004153,V00240,Finance,Office Supplies,Indirect,1297.85,2025-04-29,2025-05-03,2025-05-26,2025-05-31,Open,
PO004154,V00417,Finance,Raw Materials,Direct,12555.02,2025-09-19,2025-10-01,2025-11-11,2025-11-05,Cancelled,C00469
PO004155,V00091,Finance,IT Services,Indirect,78537.25,2025-12-20,2025-12-25,2026-01-27,2026-01-26,Open,
PO004156,V00368,Engineering,IT Services,Indirect,2706.74,2024-05-22,2024-06-04,2024-07-18,2024-07-13,Closed,C00366
PO004157,V00443,Manufacturing,Logistics,Direct,4607.31,2025-05-04,2025-05-09,2025-05-30,2025-05-25,Cancelled,C00490
PO004158,V00417,Finance,Raw Materials,Direct,42000.48,2024-01-27,2024-02-01,2024-02-09,2024-02-07,Closed,C00469
PO004159,V00170,IT,Office Supplies,Indirect,10544.11,2025-12-23,2025-12-31,2026-02-11,2026-02-12,Closed,
PO004160,V00335,HR,IT Services,Indirect,6790.84,2024-04-06,2024-04-09,2024-04-26,2024-04-30,Cancelled,C00053
PO004161,V00285,HR,IT Services,Indirect,4700.48,2025-05-16,2025-05-30,2025-06-15,2025-06-24,Cancelled,C00510
PO004162,V00034,Sales,Professional Services,Indirect,5373.82,2024-10-01,2024-10-15,2024-11-05,2024-10-27,Closed,C00083
PO004163,V00403,Finance,Logistics,Direct,6825.22,2024-01-05,2024-01-18,2024-02-22,2024-02-22,Closed,C00567
PO004164,V00166,Manufacturing,Raw Materials,Direct,7106.75,2025-11-14,2025-11-22,2025-12-10,2025-12-13,Open,C00373
PO004165,V00319,IT,Marketing,Indirect,5859.08,2025-01-19,2025-01-28,2025-03-14,2025-03-13,Closed,C00294
PO004166,V00216,Facilities,Marketing,Indirect,1688.81,2024-09-27,2024-10-10,2024-10-18,2024-10-21,Open,C00650
PO004167,V00093,HR,MRO,Direct,12983.35,2025-05-13,2025-05-24,2025-06-29,2025-07-02,Closed,C00363
PO004168,V00045,Manufacturing,IT Services,Indirect,22392.94,2024-06-28,2024-07-12,2024-08-09,2024-08-13,Closed,C00582
PO004169,V00118,Engineering,Raw Materials,Direct,14595.84,2025-05-21,2025-05-22,2025-06-14,2025-06-21,Closed,C00215
PO004170,V00183,Engineering,Capital Equipment,Direct,28036.91,2024-12-30,2025-01-13,2025-02-05,2025-02-04,Cancelled,
PO004171,V00363,Sales,Professional Services,Indirect,10982.4,2025-03-07,2025-03-21,2025-04-14,2025-04-20,Closed,C00172
PO004172,V00345,Facilities,Raw Materials,Direct,6275.36,2025-12-11,2025-12-21,2025-12-28,2025-12-31,Closed,
PO004173,V00441,IT,IT Services,Indirect,19887.08,2025-10-09,2025-10-21,2025-11-22,2025-11-30,Closed,C00059
PO004174,V00403,Manufacturing,Logistics,Direct,7827.9,2024-12-09,2024-12-14,2025-01-20,2025-01-22,Closed,C00567
PO004175,V00368,Legal,IT Services,Indirect,50276.14,2025-05-14,2025-05-23,2025-06-14,2025-06-24,Closed,C00365
PO004176,V00245,IT,Logistics,Direct,7901.43,2025-09-22,2025-10-03,2025-11-12,2025-11-22,Closed,
PO004177,V00322,Manufacturing,IT Services,Indirect,13422.74,2025-11-27,2025-12-10,2026-01-10,2026-01-17,Cancelled,C00156
PO004178,V00266,Finance,MRO,Direct,2879.5,2025-06-23,2025-06-26,2025-08-07,2025-08-14,Cancelled,C00256
PO004179,V00068,Marketing,Professional Services,Indirect,34613.6,2025-11-03,2025-11-10,2025-12-03,2025-12-06,Cancelled,
PO004180,V00013,Engineering,Raw Materials,Direct,46848.41,2024-01-11,2024-01-15,2024-02-22,2024-02-23,Cancelled,C00598
PO004181,V00182,Legal,Raw Materials,Direct,13602.82,2025-08-01,2025-08-02,2025-09-07,2025-09-10,Closed,
PO004182,V00010,R&D,Logistics,Direct,18110.64,2024-11-12,2024-11-24,2024-12-07,2024-12-01,Closed,C00019
PO004183,V00116,HR,Raw Materials,Direct,18315.74,2025-09-10,2025-09-22,2025-10-20,2025-10-21,Closed,C00560
PO004184,V00165,HR,Professional Services,Indirect,26214.89,2025-04-17,2025-04-24,2025-05-30,2025-06-04,Cancelled,C00551
PO004185,V00226,Legal,Professional Services,Indirect,1375.17,2024-10-16,2024-10-30,2024-11-07,2024-11-10,Open,C00399
PO004186,V00235,Legal,MRO,Direct,8385.97,2024-10-22,2024-10-31,2024-11-25,2024-12-05,Closed,C00403
PO004187,V00185,HR,Capital Equipment,Direct,9145.53,2025-04-23,2025-04-27,2025-05-16,2025-05-16,Closed,
PO004188,V00024,Finance,IT Services,Indirect,37029.85,2025-07-01,2025-07-02,2025-07-18,2025-07-14,Closed,C00266
PO004189,V00130,HR,MRO,Direct,14612.61,2025-03-16,2025-03-23,2025-04-17,2025-04-12,Open,C00519
PO004190,V00486,Marketing,IT Services,Indirect,76084.84,2025-02-02,2025-02-16,2025-03-04,2025-03-09,Open,
PO004191,V00371,Engineering,Logistics,Direct,11281.0,2025-02-19,2025-02-26,2025-03-19,2025-03-17,Open,C00576
PO004192,V00169,R&D,Capital Equipment,Direct,40259.34,2024-12-09,2024-12-18,2025-01-26,2025-01-31,Open,C00346
PO004193,V00128,Operations,Capital Equipment,Direct,25177.95,2024-07-05,2024-07-10,2024-07-31,2024-08-05,Closed,
PO004194,V00062,Facilities,Office Supplies,Indirect,9437.95,2025-06-30,2025-07-03,2025-08-07,2025-08-07,Closed,C00651
PO004195,V00255,Operations,Professional Services,Indirect,61069.31,2025-02-17,2025-02-28,2025-04-05,2025-04-10,Cancelled,
PO004196,V00169,IT,Capital Equipment,Direct,65220.9,2025-12-02,2025-12-16,2026-01-20,2026-01-16,Closed,C00347
PO004197,V00251,Engineering,IT Services,Indirect,13107.37,2025-06-12,2025-06-14,2025-07-09,2025-07-20,Closed,C00386
PO004198,V00007,Legal,Professional Services,Indirect,82029.99,2025-08-02,2025-08-07,2025-08-25,2025-08-29,Closed,C00427
PO004199,V00348,Sales,Professional Services,Indirect,48214.65,2025-11-09,2025-11-21,2025-12-28,2026-01-01,Open,C00178
PO004200,V00165,Legal,Professional Services,Indirect,106976.3,2025-11-20,2025-12-02,2025-12-19,2025-12-19,Cancelled,C00551
PO004201,V00198,Facilities,Logistics,Direct,25772.27,2025-08-20,2025-09-01,2025-09-11,2025-09-18,Open,C00555
PO004202,V00177,Operations,Marketing,Indirect,6371.15,2024-02-08,2024-02-20,2024-03-12,2024-03-17,Closed,C00220
PO004203,V00492,Finance,IT Services,Indirect,8122.77,2025-08-28,2025-09-03,2025-10-18,2025-10-20,Cancelled,C00038
PO004204,V00424,Facilities,Professional Services,Indirect,17573.84,2025-11-15,2025-11-17,2025-12-19,2025-12-21,Closed,C00206
PO004205,V00341,Facilities,MRO,Direct,2929.07,2024-12-18,2024-12-25,2025-01-12,2025-01-12,Closed,C00534
PO004206,V00300,Operations,MRO,Direct,2945.44,2024-06-01,2024-06-02,2024-07-15,2024-07-26,Closed,C00391
PO004207,V00134,Operations,Professional Services,Indirect,10151.59,2025-12-02,2025-12-09,2025-12-31,2025-12-31,Closed,C00578
PO004208,V00116,R&D,Raw Materials,Direct,24790.64,2024-12-26,2024-12-31,2025-02-07,2025-02-16,Closed,C00560
PO004209,V00193,Finance,Capital Equipment,Direct,50080.68,2025-05-22,2025-06-04,2025-07-15,2025-07-09,Closed,
PO004210,V00104,Engineering,Professional Services,Indirect,5413.11,2025-05-17,2025-05-20,2025-06-21,2025-06-22,Closed,C00449
PO004211,V00079,R&D,MRO,Direct,3277.43,2024-12-04,2024-12-06,2025-01-08,2025-01-07,Open,C00107
PO004212,V00312,Legal,Raw Materials,Direct,6956.74,2025-04-23,2025-04-26,2025-05-27,2025-06-05,Closed,
PO004213,V00112,IT,Raw Materials,Direct,6991.63,2024-03-14,2024-03-17,2024-04-28,2024-05-01,Cancelled,C00421
PO004214,V00005,Marketing,Professional Services,Indirect,17833.77,2025-11-12,2025-11-20,2025-12-13,2025-12-23,Closed,
PO004215,V00240,Marketing,Office Supplies,Indirect,8848.0,2025-10-03,2025-10-10,2025-11-11,2025-11-15,Closed,
PO004216,V00110,Operations,Professional Services,Indirect,219457.49,2025-07-01,2025-07-03,2025-07-25,2025-07-27,Closed,C00357
PO004217,V00403,Facilities,Logistics,Direct,13781.1,2024-01-20,2024-01-21,2024-01-29,2024-01-27,Closed,C00567
PO004218,V00321,Finance,Capital Equipment,Direct,47875.17,2024-07-05,2024-07-14,2024-08-19,2024-08-17,Closed,C00223
PO004219,V00368,R&D,IT Services,Indirect,61180.1,2025-01-14,2025-01-18,2025-02-16,2025-02-13,Closed,C00365
PO004220,V00017,Facilities,Raw Materials,Direct,6920.4,2024-12-07,2024-12-12,2025-01-22,2025-01-15,Closed,C00280
PO004221,V00330,Engineering,Professional Services,Indirect,1397.33,2024-11-02,2024-11-10,2024-12-14,2024-12-07,Open,C00236
PO004222,V00141,Marketing,Professional Services,Indirect,653.27,2025-02-15,2025-02-25,2025-03-10,2025-03-14,Closed,
PO004223,V00008,Facilities,IT Services,Indirect,4290.2,2024-09-18,2024-09-29,2024-10-16,2024-10-19,Open,C00308
PO004224,V00069,Facilities,Raw Materials,Direct,21068.37,2024-06-29,2024-07-10,2024-07-23,2024-07-22,Closed,C00016
PO004225,V00011,Manufacturing,Raw Materials,Direct,2123.29,2024-10-23,2024-10-30,2024-12-08,2024-12-07,Cancelled,C00446
PO004226,V00194,Legal,IT Services,Indirect,31995.18,2024-10-05,2024-10-10,2024-11-17,2024-11-16,Closed,
PO004227,V00148,Engineering,Facilities,Indirect,5178.66,2025-03-23,2025-03-26,2025-05-08,2025-05-14,Closed,C00473
PO004228,V00023,Finance,Capital Equipment,Direct,93683.7,2024-05-23,2024-05-24,2024-06-09,2024-06-09,Open,C00093
PO004229,V00462,Marketing,Professional Services,Indirect,16885.28,2025-06-02,2025-06-11,2025-07-16,2025-07-10,Cancelled,
PO004230,V00411,Manufacturing,Raw Materials,Direct,3498.43,2024-05-05,2024-05-06,2024-05-13,2024-05-07,Closed,C00098
PO004231,V00145,R&D,Professional Services,Indirect,28603.36,2024-11-16,2024-11-25,2025-01-03,2025-01-05,Closed,
PO004232,V00032,Engineering,Logistics,Direct,1006.07,2024-06-26,2024-07-05,2024-08-06,2024-08-08,Cancelled,
PO004233,V00093,Facilities,MRO,Direct,6321.05,2024-10-23,2024-11-05,2024-11-24,2024-11-22,Closed,C00363
PO004234,V00232,R&D,IT Services,Indirect,1591.02,2024-08-03,2024-08-06,2024-08-26,2024-09-07,Cancelled,
PO004235,V00312,Marketing,Raw Materials,Direct,8275.2,2025-02-03,2025-02-09,2025-02-20,2025-02-20,Cancelled,C00549
PO004236,V00449,Engineering,Office Supplies,Indirect,9096.03,2024-08-24,2024-09-05,2024-09-20,2024-09-19,Closed,C00636
PO004237,V00499,Legal,IT Services,Indirect,13772.61,2025-07-29,2025-08-07,2025-08-29,2025-09-02,Closed,C00624
PO004238,V00397,Marketing,IT Services,Indirect,13052.84,2024-12-18,2024-12-27,2025-02-03,2025-02-07,Closed,
PO004239,V00385,HR,Professional Services,Indirect,11045.57,2025-09-21,2025-09-25,2025-10-25,2025-10-20,Closed,C00076
PO004240,V00417,HR,Raw Materials,Direct,8688.44,2024-12-16,2024-12-21,2025-01-22,2025-01-28,Closed,C00469
PO004241,V00406,Legal,Logistics,Direct,5400.44,2025-08-26,2025-09-01,2025-09-28,2025-09-29,Cancelled,
PO004242,V00013,HR,Raw Materials,Direct,7313.1,2024-03-09,2024-03-14,2024-04-27,2024-04-30,Closed,C00596
PO004243,V00083,Facilities,MRO,Direct,4516.3,2024-05-04,2024-05-14,2024-06-10,2024-06-07,Closed,C00153
PO004244,V00219,Engineering,IT Services,Indirect,120924.02,2024-09-19,2024-09-24,2024-10-22,2024-10-19,Cancelled,C00287
PO004245,V00123,Operations,Facilities,Indirect,2784.17,2024-08-24,2024-09-04,2024-09-21,2024-09-22,Closed,C00493
PO004246,V00296,R&D,Professional Services,Indirect,66710.66,2024-04-08,2024-04-09,2024-04-18,2024-04-17,Closed,
PO004247,V00172,Manufacturing,IT Services,Indirect,1058.47,2024-05-10,2024-05-18,2024-06-05,2024-06-05,Cancelled,C00645
PO004248,V00114,R&D,Marketing,Indirect,5074.72,2025-06-29,2025-07-01,2025-08-13,2025-08-18,Cancelled,
PO004249,V00419,IT,Professional Services,Indirect,3151.68,2024-12-04,2024-12-15,2024-12-31,2025-01-02,Closed,C00514
PO004250,V00209,HR,Logistics,Direct,4275.92,2024-06-12,2024-06-21,2024-06-29,2024-06-27,Open,C00260
PO004251,V00389,Marketing,Raw Materials,Direct,13442.61,2023-12-30,2024-01-11,2024-02-22,2024-02-19,Closed,
PO004252,V00352,Marketing,Marketing,Indirect,2557.06,2025-03-07,2025-03-20,2025-04-26,2025-05-01,Open,C00504
PO004253,V00387,HR,IT Services,Indirect,6595.76,2024-06-13,2024-06-21,2024-07-06,2024-07-08,Closed,
PO004254,V00034,Marketing,Professional Services,Indirect,79729.97,2024-11-04,2024-11-16,2024-12-24,2024-12-30,Cancelled,
PO004255,V00490,R&D,Marketing,Indirect,2309.57,2025-06-28,2025-06-29,2025-08-09,2025-08-13,Closed,
PO004256,V00491,Facilities,Raw Materials,Direct,9900.71,2025-09-15,2025-09-28,2025-10-08,2025-10-10,Closed,
PO004257,V00085,Marketing,Logistics,Direct,16796.28,2024-05-14,2024-05-25,2024-06-06,2024-05-29,Closed,
PO004258,V00440,Manufacturing,Marketing,Indirect,3447.38,2025-02-26,2025-03-11,2025-04-23,2025-04-24,Closed,
PO004259,V00412,IT,Professional Services,Indirect,6596.47,2024-06-09,2024-06-18,2024-07-25,2024-07-25,Closed,C00573
PO004260,V00120,HR,Facilities,Indirect,36371.22,2025-05-05,2025-05-14,2025-06-10,2025-06-15,Cancelled,
PO004261,V00292,HR,Capital Equipment,Direct,20212.51,2024-09-30,2024-10-09,2024-11-15,2024-11-16,Closed,
PO004262,V00146,Finance,Logistics,Direct,7301.72,2024-12-27,2025-01-02,2025-01-31,2025-01-31,Closed,C00360
PO004263,V00403,HR,Logistics,Direct,5688.13,2025-06-24,2025-07-05,2025-08-13,2025-08-18,Closed,C00567
PO004264,V00182,Finance,Raw Materials,Direct,1092.98,2024-04-26,2024-05-02,2024-06-02,2024-06-09,Closed,
PO004265,V00279,Engineering,IT Services,Indirect,14006.81,2024-11-07,2024-11-17,2024-12-19,2024-12-22,Closed,C00166
PO004266,V00201,Facilities,IT Services,Indirect,3116.7,2024-05-16,2024-05-19,2024-06-06,2024-06-07,Closed,C00662
PO004267,V00288,Facilities,Facilities,Indirect,3881.35,2024-08-31,2024-09-10,2024-10-16,2024-10-24,Cancelled,C00476
PO004268,V00356,Operations,Capital Equipment,Direct,50990.55,2025-02-16,2025-02-23,2025-03-30,2025-04-10,Open,
PO004269,V00233,IT,Raw Materials,Direct,12168.86,2024-07-22,2024-08-01,2024-08-17,2024-08-30,Closed,C00559
PO004270,V00076,IT,Office Supplies,Indirect,4304.73,2024-03-29,2024-04-09,2024-05-05,2024-05-02,Open,C00181
PO004271,V00231,R&D,Professional Services,Indirect,28706.57,2025-06-26,2025-07-03,2025-07-15,2025-07-23,Open,
PO004272,V00306,Sales,Raw Materials,Direct,11915.46,2025-12-02,2025-12-11,2025-12-21,2025-12-27,Closed,
PO004273,V00368,Legal,IT Services,Indirect,66964.55,2024-12-04,2024-12-15,2024-12-23,2024-12-26,Cancelled,C00365
PO004274,V00113,Operations,IT Services,Indirect,89409.18,2025-06-09,2025-06-23,2025-07-31,2025-07-24,Closed,
PO004275,V00445,Facilities,IT Services,Indirect,3366.06,2024-12-11,2024-12-20,2025-01-24,2025-01-24,Closed,C00524
PO004276,V00462,Legal,Professional Services,Indirect,22057.02,2025-03-13,2025-03-17,2025-03-26,2025-04-02,Closed,C00045
PO004277,V00054,IT,Professional Services,Indirect,8205.91,2025-10-02,2025-10-12,2025-11-07,2025-11-14,Closed,
PO004278,V00140,Finance,MRO,Direct,9824.21,2024-03-14,2024-03-26,2024-05-05,2024-05-15,Closed,C00412
PO004279,V00437,Finance,MRO,Direct,934.59,2023-12-22,2024-01-04,2024-02-04,2024-02-07,Cancelled,
PO004280,V00421,Sales,Marketing,Indirect,1382.16,2025-02-16,2025-02-26,2025-03-13,2025-03-06,Closed,C00521
PO004281,V00419,Manufacturing,Professional Services,Indirect,12634.06,2025-03-04,2025-03-15,2025-03-24,2025-04-04,Closed,C00514
PO004282,V00083,Engineering,MRO,Direct,5061.94,2025-09-12,2025-09-16,2025-10-11,2025-10-15,Closed,C00153
PO004283,V00368,Facilities,IT Services,Indirect,21677.24,2024-11-09,2024-11-13,2024-12-13,2024-12-13,Closed,C00365
PO004284,V00254,Marketing,IT Services,Indirect,11508.03,2025-11-26,2025-12-02,2025-12-18,2025-12-22,Closed,C00263
PO004285,V00196,Operations,MRO,Direct,23225.08,2024-10-25,2024-10-31,2024-11-13,2024-11-11,Closed,
PO004286,V00409,Facilities,Logistics,Direct,13702.51,2025-10-17,2025-10-26,2025-11-25,2025-11-23,Closed,C00036
PO004287,V00117,Manufacturing,IT Services,Indirect,6024.7,2025-09-02,2025-09-05,2025-09-28,2025-10-03,Closed,
PO004288,V00286,HR,Professional Services,Indirect,91936.34,2024-01-11,2024-01-13,2024-01-27,2024-01-31,Cancelled,
PO004289,V00394,Engineering,Logistics,Direct,39170.22,2024-03-08,2024-03-12,2024-04-05,2024-04-11,Closed,C00439
PO004290,V00018,HR,Raw Materials,Direct,17890.74,2024-12-18,2024-12-22,2025-01-19,2025-01-19,Closed,C00252
PO004291,V00415,IT,Professional Services,Indirect,17337.78,2024-01-16,2024-01-25,2024-02-17,2024-02-17,Cancelled,C00162
PO004292,V00416,Sales,Logistics,Direct,30188.77,2024-01-16,2024-01-28,2024-02-27,2024-02-25,Closed,C00091
PO004293,V00026,IT,Facilities,Indirect,10103.02,2025-09-17,2025-09-24,2025-10-25,2025-10-31,Closed,C00209
PO004294,V00094,Engineering,Logistics,Direct,8764.21,2024-01-14,2024-01-15,2024-02-12,2024-02-08,Closed,C00078
PO004295,V00095,HR,Marketing,Indirect,12619.21,2025-10-09,2025-10-21,2025-10-30,2025-10-29,Closed,
PO004296,V00408,Marketing,Professional Services,Indirect,21775.61,2025-10-20,2025-10-23,2025-11-11,2025-11-09,Closed,C00492
PO004297,V00368,Finance,IT Services,Indirect,114403.99,2024-12-21,2025-01-04,2025-02-07,2025-02-11,Cancelled,C00365
PO004298,V00450,Operations,Raw Materials,Direct,30266.62,2025-09-28,2025-10-11,2025-10-23,2025-10-26,Cancelled,C00442
PO004299,V00062,Manufacturing,Office Supplies,Indirect,7026.81,2024-03-10,2024-03-13,2024-03-29,2024-03-23,Closed,C00651
PO004300,V00328,Facilities,Raw Materials,Direct,10627.94,2024-01-21,2024-02-01,2024-02-26,2024-03-06,Cancelled,C00659
PO004301,V00412,Manufacturing,Professional Services,Indirect,36208.23,2024-03-05,2024-03-08,2024-03-29,2024-03-30,Open,C00573
PO004302,V00436,Engineering,MRO,Direct,5628.8,2025-02-07,2025-02-17,2025-03-06,2025-03-17,Closed,
PO004303,V00403,Finance,Logistics,Direct,9655.71,2024-11-07,2024-11-19,2024-12-10,2024-12-01,Closed,C00566
PO004304,V00181,Legal,MRO,Direct,30144.49,2025-09-13,2025-09-16,2025-10-30,2025-11-02,Closed,C00161
PO004305,V00196,R&D,MRO,Direct,924.3,2024-11-09,2024-11-10,2024-12-21,2024-12-17,Open,
PO004306,V00144,Legal,Capital Equipment,Direct,38895.64,2024-04-02,2024-04-03,2024-05-15,2024-05-23,Closed,C00486
PO004307,V00403,Engineering,Logistics,Direct,16460.98,2024-03-25,2024-04-02,2024-04-21,2024-04-29,Cancelled,C00566
PO004308,V00235,HR,MRO,Direct,6165.87,2024-02-20,2024-03-03,2024-03-22,2024-03-25,Closed,C00403
PO004309,V00337,Finance,Raw Materials,Direct,8212.29,2024-08-02,2024-08-16,2024-09-21,2024-09-19,Closed,C00058
PO004310,V00347,Manufacturing,MRO,Direct,12043.27,2025-06-26,2025-07-03,2025-07-20,2025-07-20,Closed,C00429
PO004311,V00313,Manufacturing,IT Services,Indirect,23183.3,2025-09-24,2025-10-03,2025-10-30,2025-10-23,Closed,C00163
PO004312,V00368,HR,IT Services,Indirect,2233.27,2025-10-11,2025-10-25,2025-11-03,2025-11-04,Cancelled,C00366
PO004313,V00403,Finance,Logistics,Direct,16486.37,2025-03-14,2025-03-19,2025-04-18,2025-04-21,Closed,C00566
PO004314,V00245,R&D,Logistics,Direct,3979.24,2025-10-15,2025-10-29,2025-11-27,2025-11-29,Closed,
PO004315,V00084,Manufacturing,Professional Services,Indirect,6302.42,2024-03-16,2024-03-21,2024-04-04,2024-04-06,Closed,C00371
PO004316,V00492,HR,IT Services,Indirect,2693.25,2024-10-29,2024-11-07,2024-12-21,2024-12-26,Closed,C00039
PO004317,V00146,Legal,Logistics,Direct,11796.35,2025-01-09,2025-01-21,2025-02-14,2025-02-26,Closed,
PO004318,V00312,Legal,Raw Materials,Direct,5052.84,2025-12-09,2025-12-12,2026-01-02,2026-01-02,Closed,C00549
PO004319,V00025,IT,Logistics,Direct,2614.96,2025-08-26,2025-08-28,2025-10-09,2025-10-04,Closed,
PO004320,V00319,R&D,Marketing,Indirect,466.9,2025-07-04,2025-07-15,2025-08-13,2025-08-15,Closed,C00296
PO004321,V00400,Finance,Logistics,Direct,7056.32,2024-06-03,2024-06-12,2024-07-13,2024-07-12,Closed,C00398
PO004322,V00416,Manufacturing,Logistics,Direct,15471.34,2023-12-23,2024-01-06,2024-01-21,2024-01-26,Open,C00091
PO004323,V00104,Facilities,Professional Services,Indirect,92733.31,2025-09-14,2025-09-26,2025-10-06,2025-10-02,Cancelled,C00449
PO004324,V00169,HR,Capital Equipment,Direct,52475.37,2025-01-06,2025-01-14,2025-02-16,2025-02-17,Cancelled,C00347
PO004325,V00450,Facilities,Raw Materials,Direct,12587.92,2024-12-14,2024-12-24,2025-01-25,2025-01-29,Closed,C00443
PO004326,V00368,IT,IT Services,Indirect,11721.36,2024-10-30,2024-11-11,2024-11-27,2024-11-27,Closed,C00365
PO004327,V00163,IT,Professional Services,Indirect,196873.6,2025-01-03,2025-01-08,2025-01-18,2025-01-13,Open,
PO004328,V00169,IT,Capital Equipment,Direct,28797.72,2024-10-06,2024-10-07,2024-11-21,2024-11-22,Closed,C00346
PO004329,V00453,Marketing,Logistics,Direct,8596.78,2025-12-20,2025-12-24,2026-01-04,2026-01-17,Open,C00581
PO004330,V00232,HR,IT Services,Indirect,7873.63,2025-08-02,2025-08-10,2025-09-21,2025-09-18,Closed,
PO004331,V00450,Facilities,Raw Materials,Direct,1757.46,2025-04-06,2025-04-17,2025-05-08,2025-05-10,Closed,C00443
PO004332,V00449,Engineering,Office Supplies,Indirect,7032.65,2025-01-01,2025-01-03,2025-01-18,2025-01-21,Closed,C00636
PO004333,V00114,Finance,Marketing,Indirect,8884.25,2025-06-16,2025-06-21,2025-07-06,2025-07-09,Closed,
PO004334,V00235,Sales,MRO,Direct,7993.97,2023-12-30,2024-01-09,2024-01-20,2024-01-22,Open,C00403
PO004335,V00241,Engineering,Logistics,Direct,19148.71,2024-10-16,2024-10-26,2024-11-13,2024-11-13,Cancelled,C00614
PO004336,V00255,Legal,Professional Services,Indirect,25602.91,2024-05-31,2024-06-02,2024-06-17,2024-06-16,Closed,C00630
PO004337,V00259,Facilities,Raw Materials,Direct,3847.32,2024-02-24,2024-03-01,2024-03-08,2024-03-21,Closed,C00556
PO004338,V00418,R&D,Professional Services,Indirect,22933.89,2025-01-01,2025-01-14,2025-02-17,2025-02-17,Closed,C00230
PO004339,V00234,Facilities,Marketing,Indirect,457.7,2025-08-10,2025-08-12,2025-09-09,2025-09-10,Closed,
PO004340,V00337,Operations,Raw Materials,Direct,9900.02,2025-06-30,2025-07-02,2025-07-30,2025-08-03,Open,C00058
PO004341,V00491,Operations,Raw Materials,Direct,19192.93,2025-02-16,2025-02-23,2025-03-13,2025-03-18,Cancelled,
PO004342,V00325,Operations,Raw Materials,Direct,4628.63,2024-09-08,2024-09-09,2024-10-11,2024-10-17,Closed,C00173
PO004343,V00260,HR,Capital Equipment,Direct,22546.63,2025-10-13,2025-10-16,2025-11-12,2025-11-17,Closed,
PO004344,V00368,Engineering,IT Services,Indirect,14342.28,2025-03-09,2025-03-15,2025-03-24,2025-03-25,Closed,C00365
PO004345,V00433,HR,Office Supplies,Indirect,4405.88,2024-04-19,2024-05-01,2024-05-10,2024-05-13,Open,C00540
PO004346,V00468,Legal,Raw Materials,Direct,4568.81,2024-04-01,2024-04-08,2024-04-17,2024-04-18,Closed,
PO004347,V00397,Legal,IT Services,Indirect,21881.74,2025-01-15,2025-01-28,2025-02-21,2025-02-26,Open,C00532
PO004348,V00430,Legal,IT Services,Indirect,54943.86,2025-10-08,2025-10-20,2025-11-03,2025-11-15,Cancelled,C00642
PO004349,V00423,Facilities,Raw Materials,Direct,57660.88,2024-03-03,2024-03-17,2024-04-12,2024-04-12,Open,C00547
PO004350,V00272,Legal,Professional Services,Indirect,22604.04,2025-03-01,2025-03-12,2025-03-31,2025-04-04,Closed,C00242
PO004351,V00353,Engineering,Professional Services,Indirect,63722.61,2025-09-12,2025-09-16,2025-10-27,2025-10-26,Cancelled,
PO004352,V00454,Legal,Raw Materials,Direct,31169.07,2024-12-16,2024-12-18,2024-12-27,2025-01-02,Closed,C00310
PO004353,V00407,Manufacturing,Facilities,Indirect,10374.87,2024-10-12,2024-10-15,2024-11-08,2024-11-09,Closed,
PO004354,V00266,Sales,MRO,Direct,1910.22,2024-04-05,2024-04-13,2024-05-22,2024-05-24,Closed,C00256
PO004355,V00290,R&D,Raw Materials,Direct,3198.72,2025-12-06,2025-12-17,2026-01-15,2026-01-22,Closed,C00522
PO004356,V00400,IT,Logistics,Direct,68199.57,2024-06-27,2024-07-06,2024-07-24,2024-07-24,Open,C00398
PO004357,V00096,Marketing,Marketing,Indirect,1412.22,2024-08-30,2024-09-01,2024-10-06,2024-10-09,Open,
PO004358,V00455,Legal,Facilities,Indirect,7009.22,2025-01-25,2025-02-05,2025-03-09,2025-03-15,Closed,C00339
PO004359,V00376,Marketing,Logistics,Direct,57527.14,2025-01-31,2025-02-01,2025-02-23,2025-02-17,Closed,C00352
PO004360,V00347,Manufacturing,MRO,Direct,4776.35,2024-12-09,2024-12-13,2025-01-15,2025-01-12,Closed,C00429
PO004361,V00491,IT,Raw Materials,Direct,8029.79,2025-11-09,2025-11-20,2025-12-19,2025-12-19,Closed,
PO004362,V00034,Marketing,Professional Services,Indirect,19657.94,2025-01-17,2025-01-23,2025-01-31,2025-02-05,Closed,C00083
PO004363,V00251,Engineering,IT Services,Indirect,14023.6,2023-12-31,2024-01-07,2024-01-25,2024-01-25,Closed,C00385
PO004364,V00085,Legal,Logistics,Direct,1486.57,2025-12-07,2025-12-12,2026-01-07,2026-01-14,Open,C00026
PO004365,V00155,Finance,Raw Materials,Direct,2244.57,2024-04-07,2024-04-14,2024-04-24,2024-04-21,Closed,C00151
PO004366,V00090,Legal,Logistics,Direct,29235.63,2024-01-03,2024-01-13,2024-01-27,2024-01-22,Open,C00423
PO004367,V00491,Finance,Raw Materials,Direct,4611.71,2025-06-07,2025-06-17,2025-06-24,2025-06-18,Closed,C00037
PO004368,V00184,Operations,Marketing,Indirect,2616.16,2025-11-21,2025-11-23,2025-12-30,2025-12-31,Closed,C00495
PO004369,V00282,Engineering,Professional Services,Indirect,16096.33,2024-10-26,2024-11-09,2024-12-17,2024-12-14,Closed,C00211
PO004370,V00224,Operations,Capital Equipment,Direct,39451.22,2024-09-02,2024-09-05,2024-10-02,2024-10-13,Closed,
PO004371,V00473,R&D,Raw Materials,Direct,26834.17,2024-11-25,2024-12-02,2025-01-09,2025-01-13,Closed,C00171
PO004372,V00036,HR,Raw Materials,Direct,4877.17,2025-04-24,2025-05-07,2025-06-03,2025-06-06,Cancelled,
PO004373,V00027,IT,Capital Equipment,Direct,100018.13,2024-04-12,2024-04-20,2024-04-27,2024-04-21,Closed,C00305
PO004374,V00126,Sales,IT Services,Indirect,63726.64,2024-03-04,2024-03-18,2024-03-25,2024-03-21,Closed,C00511
PO004375,V00222,Manufacturing,Professional Services,Indirect,24777.68,2025-03-06,2025-03-08,2025-04-09,2025-04-07,Closed,C00609
PO004376,V00403,Engineering,Logistics,Direct,42940.89,2024-08-24,2024-08-26,2024-09-27,2024-09-29,Closed,C00567
PO004377,V00328,Sales,Raw Materials,Direct,5473.26,2025-04-15,2025-04-20,2025-05-11,2025-05-11,Open,C00659
PO004378,V00007,Facilities,Professional Services,Indirect,15370.92,2024-10-11,2024-10-14,2024-10-31,2024-11-07,Cancelled,C00426
PO004379,V00215,Sales,Logistics,Direct,12425.42,2025-05-14,2025-05-25,2025-06-03,2025-06-01,Closed,
PO004380,V00286,Manufacturing,Professional Services,Indirect,67987.09,2025-11-02,2025-11-12,2025-11-28,2025-12-04,Cancelled,C00572
PO004381,V00300,Legal,MRO,Direct,6582.0,2025-11-24,2025-11-29,2026-01-11,2026-01-18,Cancelled,
PO004382,V00485,Facilities,Marketing,Indirect,2341.49,2024-05-20,2024-05-29,2024-06-07,2024-06-08,Closed,C00616
PO004383,V00233,R&D,Raw Materials,Direct,8285.59,2025-09-06,2025-09-10,2025-10-01,2025-10-05,Open,C00559
PO004384,V00212,IT,MRO,Direct,2834.47,2024-01-19,2024-01-28,2024-02-25,2024-03-01,Closed,C00049
PO004385,V00033,Sales,Professional Services,Indirect,1743.63,2025-09-23,2025-10-04,2025-10-27,2025-10-22,Closed,C00655
PO004386,V00268,Engineering,Raw Materials,Direct,9965.19,2024-03-07,2024-03-16,2024-04-13,2024-04-17,Closed,
PO004387,V00451,Marketing,IT Services,Indirect,65403.54,2025-10-27,2025-10-29,2025-12-02,2025-12-01,Closed,C00018
PO004388,V00079,R&D,MRO,Direct,2366.61,2025-01-30,2025-02-13,2025-03-12,2025-03-16,Closed,C00107
PO004389,V00160,R&D,Logistics,Direct,20260.6,2025-05-05,2025-05-14,2025-05-29,2025-06-11,Open,C00595
PO004390,V00031,HR,IT Services,Indirect,23549.33,2025-09-19,2025-09-24,2025-10-22,2025-10-18,Closed,
PO004391,V00141,Legal,Professional Services,Indirect,75176.67,2025-10-26,2025-11-07,2025-11-30,2025-12-03,Closed,
PO004392,V00026,Marketing,Facilities,Indirect,7319.35,2025-01-30,2025-02-09,2025-03-21,2025-03-24,Closed,C00209
PO004393,V00012,Legal,IT Services,Indirect,22987.76,2024-03-04,2024-03-18,2024-03-29,2024-04-02,Closed,C00088
PO004394,V00168,Engineering,Facilities,Indirect,5213.5,2025-08-22,2025-09-04,2025-09-29,2025-10-04,Open,C00460
PO004395,V00403,R&D,Logistics,Direct,5549.96,2025-07-21,2025-07-25,2025-08-18,2025-08-14,Open,C00566
PO004396,V00178,Legal,IT Services,Indirect,89078.76,2024-03-31,2024-04-09,2024-04-29,2024-05-06,Closed,C00436
PO004397,V00036,R&D,Raw Materials,Direct,16650.59,2024-10-18,2024-10-23,2024-11-08,2024-11-14,Cancelled,
PO004398,V00058,Finance,IT Services,Indirect,4045.32,2025-03-01,2025-03-12,2025-03-22,2025-03-30,Closed,C00245
PO004399,V00308,Sales,Raw Materials,Direct,6965.16,2025-01-07,2025-01-11,2025-02-07,2025-02-07,Closed,
PO004400,V00027,Facilities,Capital Equipment,Direct,37175.21,2024-09-09,2024-09-13,2024-10-03,2024-10-05,Cancelled,C00307
PO004401,V00016,Manufacturing,IT Services,Indirect,11769.77,2025-05-13,2025-05-27,2025-06-30,2025-07-06,Open,C00183
PO004402,V00159,HR,IT Services,Indirect,12611.05,2024-07-22,2024-07-25,2024-08-17,2024-08-25,Closed,C00433
PO004403,V00223,R&D,Professional Services,Indirect,7662.21,2025-03-04,2025-03-15,2025-04-14,2025-04-24,Open,
PO004404,V00166,Engineering,Raw Materials,Direct,5753.68,2025-11-11,2025-11-13,2025-12-21,2025-12-24,Open,C00373
PO004405,V00482,Legal,MRO,Direct,1003.87,2025-09-26,2025-10-02,2025-11-04,2025-11-11,Open,C00544
PO004406,V00234,Facilities,Marketing,Indirect,4452.02,2024-12-19,2024-12-27,2025-02-05,2025-02-05,Closed,C00548
PO004407,V00071,R&D,Marketing,Indirect,3708.32,2025-04-27,2025-05-01,2025-05-27,2025-05-29,Cancelled,C00070
PO004408,V00030,Operations,Raw Materials,Direct,3695.15,2025-03-08,2025-03-09,2025-03-24,2025-03-25,Closed,C00301
PO004409,V00475,Marketing,Marketing,Indirect,555.25,2024-09-11,2024-09-14,2024-10-27,2024-10-26,Closed,C00464
PO004410,V00403,Sales,Logistics,Direct,2675.69,2025-04-21,2025-04-22,2025-05-13,2025-05-14,Open,C00567
PO004411,V00061,R&D,Raw Materials,Direct,25545.9,2024-04-05,2024-04-15,2024-05-14,2024-05-18,Closed,C00290
PO004412,V00354,Finance,Professional Services,Indirect,33317.16,2025-10-18,2025-10-28,2025-11-20,2025-11-21,Closed,
PO004413,V00007,Finance,Professional Services,Indirect,7806.25,2025-07-13,2025-07-23,2025-07-30,2025-07-23,Closed,C00427
PO004414,V00018,Facilities,Raw Materials,Direct,39015.8,2024-11-05,2024-11-06,2024-11-30,2024-12-03,Cancelled,C00253
PO004415,V00127,HR,Raw Materials,Direct,9153.45,2025-11-01,2025-11-15,2025-12-14,2025-12-11,Open,C00233
PO004416,V00328,Finance,Raw Materials,Direct,2556.09,2024-03-18,2024-04-01,2024-05-15,2024-05-18,Closed,C00659
PO004417,V00403,IT,Logistics,Direct,3893.95,2024-03-06,2024-03-09,2024-04-01,2024-04-13,Open,C00567
PO004418,V00268,Engineering,Raw Materials,Direct,18444.33,2025-08-14,2025-08-23,2025-09-27,2025-09-30,Closed,C00657
PO004419,V00169,Finance,Capital Equipment,Direct,55300.36,2025-06-13,2025-06-15,2025-07-14,2025-07-17,Closed,C00346
PO004420,V00476,Sales,Raw Materials,Direct,46200.17,2025-04-30,2025-05-14,2025-06-15,2025-06-22,Closed,C00055
PO004421,V00427,IT,MRO,Direct,1750.97,2025-02-12,2025-02-24,2025-04-03,2025-03-31,Closed,C00272
PO004422,V00200,Facilities,Professional Services,Indirect,12184.38,2024-08-20,2024-08-27,2024-09-30,2024-09-25,Closed,C00375
PO004423,V00108,Operations,MRO,Direct,13788.45,2025-09-05,2025-09-13,2025-10-15,2025-10-05,Closed,C00575
PO004424,V00244,R&D,MRO,Direct,3689.37,2025-08-10,2025-08-21,2025-09-08,2025-09-08,Closed,
PO004425,V00247,Facilities,Raw Materials,Direct,16577.92,2024-05-31,2024-06-02,2024-07-04,2024-07-09,Cancelled,C00500
PO004426,V00313,Finance,IT Services,Indirect,1569.96,2025-03-03,2025-03-15,2025-04-02,2025-04-08,Closed,C00164
PO004427,V00147,Manufacturing,Professional Services,Indirect,9961.06,2025-12-16,2025-12-26,2026-01-14,2026-01-14,Closed,
PO004428,V00368,Sales,IT Services,Indirect,6928.39,2025-04-25,2025-04-27,2025-05-26,2025-05-19,Cancelled,C00365
PO004429,V00182,Manufacturing,Raw Materials,Direct,27954.07,2024-08-17,2024-08-27,2024-09-24,2024-09-24,Closed,
PO004430,V00297,Legal,IT Services,Indirect,37971.11,2025-07-10,2025-07-21,2025-09-04,2025-09-05,Closed,C00462
PO004431,V00149,IT,Capital Equipment,Direct,59493.45,2024-12-04,2024-12-10,2025-01-01,2025-01-02,Closed,
PO004432,V00368,Finance,IT Services,Indirect,12200.39,2025-04-08,2025-04-12,2025-04-30,2025-05-09,Open,C00365
PO004433,V00045,Operations,IT Services,Indirect,28490.38,2024-07-20,2024-07-25,2024-09-07,2024-09-12,Closed,C00582
PO004434,V00453,Legal,Logistics,Direct,5327.78,2025-04-22,2025-04-23,2025-05-23,2025-05-23,Closed,C00581
PO004435,V00403,Manufacturing,Logistics,Direct,35924.21,2025-12-20,2025-12-26,2026-01-21,2026-01-21,Closed,C00566
PO004436,V00323,IT,Marketing,Indirect,13677.26,2024-09-04,2024-09-17,2024-10-08,2024-10-10,Closed,C00192
PO004437,V00205,Marketing,Raw Materials,Direct,19214.75,2024-11-28,2024-12-10,2025-01-05,2025-01-09,Cancelled,
PO004438,V00015,Operations,Raw Materials,Direct,30569.96,2025-12-22,2025-12-25,2026-01-27,2026-02-01,Cancelled,
PO004439,V00244,Legal,MRO,Direct,7857.69,2025-11-25,2025-11-26,2025-12-20,2025-12-25,Closed,
PO004440,V00433,Finance,Office Supplies,Indirect,2494.95,2024-03-01,2024-03-03,2024-03-21,2024-04-03,Closed,
PO004441,V00393,IT,Professional Services,Indirect,12822.29,2024-05-05,2024-05-14,2024-05-31,2024-06-03,Closed,C00472
PO004442,V00052,IT,Raw Materials,Direct,8643.79,2025-02-04,2025-02-05,2025-02-25,2025-03-03,Closed,
PO004443,V00235,Legal,MRO,Direct,9719.28,2024-11-18,2024-11-20,2024-12-20,2024-12-15,Cancelled,C00402
PO004444,V00475,Facilities,Marketing,Indirect,2014.05,2024-12-14,2024-12-16,2025-01-19,2025-01-12,Closed,C00464
PO004445,V00083,Facilities,MRO,Direct,5041.49,2025-11-20,2025-12-02,2025-12-10,2025-12-16,Closed,C00153
PO004446,V00109,Facilities,Travel,Indirect,13675.36,2025-05-19,2025-06-01,2025-06-20,2025-06-16,Closed,C00311
PO004447,V00169,Finance,Capital Equipment,Direct,22526.14,2025-05-06,2025-05-09,2025-05-22,2025-05-22,Open,C00346
PO004448,V00368,HR,IT Services,Indirect,53804.73,2024-09-10,2024-09-20,2024-10-02,2024-10-02,Open,C00365
PO004449,V00465,Operations,Raw Materials,Direct,3642.21,2024-12-10,2024-12-20,2024-12-31,2025-01-01,Closed,C00210
PO004450,V00066,Sales,Professional Services,Indirect,4546.93,2025-09-21,2025-10-05,2025-11-04,2025-11-09,Cancelled,C00584
PO004451,V00225,Facilities,Professional Services,Indirect,8601.13,2025-11-24,2025-12-01,2026-01-10,2026-01-21,Closed,C00565
PO004452,V00347,HR,MRO,Direct,3147.78,2024-04-23,2024-04-24,2024-05-25,2024-05-25,Closed,C00429
PO004453,V00406,HR,Logistics,Direct,13753.64,2024-12-13,2024-12-16,2024-12-26,2025-01-02,Closed,C00289
PO004454,V00454,Engineering,Raw Materials,Direct,23647.96,2025-05-20,2025-05-26,2025-06-16,2025-06-13,Closed,C00310
PO004455,V00347,Marketing,MRO,Direct,7289.81,2024-09-04,2024-09-18,2024-10-14,2024-10-14,Cancelled,C00429
PO004456,V00013,Finance,Raw Materials,Direct,5151.91,2024-10-09,2024-10-11,2024-11-12,2024-11-16,Closed,C00597
PO004457,V00195,Finance,IT Services,Indirect,15563.7,2025-10-21,2025-10-29,2025-11-23,2025-12-04,Closed,
PO004458,V00138,Legal,Facilities,Indirect,3735.83,2025-01-23,2025-02-01,2025-03-17,2025-03-18,Closed,C00204
PO004459,V00393,Marketing,Professional Services,Indirect,16874.83,2024-09-19,2024-09-22,2024-10-03,2024-10-04,Cancelled,C00472
PO004460,V00288,HR,Facilities,Indirect,1057.46,2024-06-28,2024-06-29,2024-07-22,2024-07-21,Open,C00478
PO004461,V00499,Finance,IT Services,Indirect,9485.41,2025-12-06,2025-12-17,2026-01-26,2026-01-27,Closed,
PO004462,V00368,R&D,IT Services,Indirect,22472.64,2025-03-19,2025-03-23,2025-04-29,2025-04-28,Closed,C00365
PO004463,V00166,IT,Raw Materials,Direct,12728.8,2025-05-08,2025-05-18,2025-06-13,2025-06-17,Closed,C00373
PO004464,V00333,Engineering,IT Services,Indirect,38020.33,2024-01-06,2024-01-07,2024-02-20,2024-02-19,Closed,C00194
PO004465,V00250,Finance,Logistics,Direct,43188.58,2024-12-31,2025-01-04,2025-02-04,2025-02-13,Closed,
PO004466,V00128,Engineering,Capital Equipment,Direct,82368.82,2025-10-29,2025-11-10,2025-11-23,2025-11-16,Open,
PO004467,V00130,Manufacturing,MRO,Direct,770.92,2024-06-20,2024-07-04,2024-08-17,2024-08-17,Closed,C00517
PO004468,V00019,HR,Professional Services,Indirect,2248.95,2025-07-30,2025-08-05,2025-09-04,2025-09-14,Closed,
PO004469,V00223,Operations,Professional Services,Indirect,33296.51,2024-10-22,2024-10-23,2024-11-03,2024-11-13,Cancelled,C00268
PO004470,V00368,IT,IT Services,Indirect,5018.03,2025-04-14,2025-04-16,2025-04-30,2025-05-07,Closed,C00366
PO004471,V00169,R&D,Capital Equipment,Direct,63645.39,2023-12-31,2024-01-13,2024-01-28,2024-02-06,Cancelled,C00347
PO004472,V00228,Operations,Professional Services,Indirect,16750.94,2025-10-13,2025-10-23,2025-11-18,2025-11-26,Closed,
PO004473,V00455,Facilities,Facilities,Indirect,890.24,2025-03-03,2025-03-07,2025-03-15,2025-03-24,Closed,
PO004474,V00136,Marketing,Raw Materials,Direct,6174.67,2025-12-13,2025-12-21,2026-01-12,2026-01-13,Closed,
PO004475,V00042,Facilities,Raw Materials,Direct,21733.98,2024-06-05,2024-06-10,2024-07-02,2024-07-03,Closed,C00621
PO004476,V00019,Manufacturing,Professional Services,Indirect,34333.72,2025-09-28,2025-10-09,2025-11-23,2025-11-25,Closed,
PO004477,V00231,IT,Professional Services,Indirect,7311.8,2024-10-19,2024-10-25,2024-11-24,2024-11-26,Closed,C00668
PO004478,V00108,Finance,MRO,Direct,1858.03,2024-06-01,2024-06-08,2024-06-24,2024-07-01,Closed,
PO004479,V00205,Manufacturing,Raw Materials,Direct,43042.51,2024-07-10,2024-07-15,2024-07-29,2024-07-28,Cancelled,
PO004480,V00319,HR,Marketing,Indirect,500.22,2024-12-10,2024-12-24,2025-02-05,2025-02-03,Closed,C00295
PO004481,V00366,Operations,Marketing,Indirect,1808.86,2025-08-07,2025-08-19,2025-09-18,2025-09-21,Closed,C00343
PO004482,V00375,IT,Raw Materials,Direct,12370.63,2025-01-29,2025-02-07,2025-03-05,2025-03-06,Closed,C00006
PO004483,V00482,Sales,MRO,Direct,408.8,2024-08-01,2024-08-02,2024-08-18,2024-08-17,Closed,C00544
PO004484,V00403,Sales,Logistics,Direct,5350.63,2024-09-05,2024-09-08,2024-09-17,2024-09-17,Closed,C00567
PO004485,V00147,Sales,Professional Services,Indirect,27735.32,2025-11-29,2025-12-04,2026-01-03,2026-01-01,Cancelled,
PO004486,V00169,Manufacturing,Capital Equipment,Direct,24200.85,2025-11-05,2025-11-09,2025-11-17,2025-11-17,Closed,C00347
PO004487,V00368,Operations,IT Services,Indirect,18927.02,2025-01-28,2025-02-08,2025-03-17,2025-03-21,Closed,C00366
PO004488,V00169,Engineering,Capital Equipment,Direct,37193.53,2024-09-16,2024-09-24,2024-10-31,2024-10-31,Closed,C00346
PO004489,V00035,Marketing,Logistics,Direct,5476.66,2025-07-09,2025-07-20,2025-08-26,2025-08-28,Closed,
PO004490,V00082,R&D,MRO,Direct,13031.16,2024-05-15,2024-05-22,2024-06-17,2024-06-24,Closed,C00452
PO004491,V00275,Engineering,IT Services,Indirect,20645.7,2024-09-10,2024-09-13,2024-10-18,2024-10-13,Open,C00407
PO004492,V00368,Legal,IT Services,Indirect,5111.47,2025-01-27,2025-02-04,2025-03-03,2025-03-14,Closed,C00366
PO004493,V00057,HR,Facilities,Indirect,21363.29,2025-01-22,2025-02-05,2025-02-12,2025-02-15,Open,C00196
PO004494,V00275,HR,IT Services,Indirect,2227.54,2025-09-22,2025-10-05,2025-11-16,2025-11-18,Closed,C00406
PO004495,V00066,IT,Professional Services,Indirect,100819.15,2024-12-07,2024-12-14,2025-01-20,2025-01-24,Closed,
PO004496,V00105,Marketing,Professional Services,Indirect,5320.66,2025-02-18,2025-02-20,2025-03-06,2025-03-11,Closed,C00010
PO004497,V00015,Sales,Raw Materials,Direct,12963.98,2024-12-14,2024-12-16,2025-01-12,2025-01-12,Closed,
PO004498,V00288,R&D,Facilities,Indirect,8097.64,2025-04-23,2025-05-07,2025-05-25,2025-05-23,Open,C00478
PO004499,V00255,R&D,Professional Services,Indirect,30278.29,2024-10-16,2024-10-24,2024-11-04,2024-10-29,Open,C00630
PO004500,V00155,R&D,Raw Materials,Direct,7163.77,2024-06-20,2024-07-01,2024-08-06,2024-08-12,Closed,C00152
PO004501,V00492,Sales,IT Services,Indirect,22885.74,2025-01-10,2025-01-24,2025-02-16,2025-02-18,Open,C00039
PO004502,V00376,Manufacturing,Logistics,Direct,8109.86,2025-11-06,2025-11-13,2025-11-23,2025-11-12,Closed,C00352
PO004503,V00127,Marketing,Raw Materials,Direct,9984.59,2024-02-16,2024-02-18,2024-03-22,2024-03-20,Closed,C00235
PO004504,V00008,Sales,IT Services,Indirect,32542.34,2025-06-02,2025-06-10,2025-07-20,2025-07-26,Open,C00309
PO004505,V00066,Manufacturing,Professional Services,Indirect,21061.09,2025-12-10,2025-12-21,2026-01-30,2026-01-31,Open,C00584
PO004506,V00292,Operations,Capital Equipment,Direct,11536.47,2024-02-02,2024-02-07,2024-03-07,2024-03-11,Closed,C00527
PO004507,V00061,Sales,Raw Materials,Direct,25459.73,2025-07-14,2025-07-26,2025-08-05,2025-08-16,Closed,
PO004508,V00038,Engineering,Raw Materials,Direct,20667.71,2024-06-06,2024-06-07,2024-06-18,2024-06-19,Closed,C00314
PO004509,V00446,Finance,IT Services,Indirect,18994.77,2025-12-16,2025-12-19,2026-01-01,2026-01-03,Closed,
PO004510,V00003,R&D,Raw Materials,Direct,11566.34,2025-01-27,2025-02-02,2025-03-02,2025-03-06,Open,C00065
PO004511,V00261,Manufacturing,Facilities,Indirect,10331.13,2024-07-03,2024-07-10,2024-08-06,2024-08-17,Closed,C00669
PO004512,V00099,Finance,Logistics,Direct,6204.45,2024-04-01,2024-04-10,2024-04-25,2024-05-01,Open,C00646
PO004513,V00012,Manufacturing,IT Services,Indirect,7788.01,2025-06-19,2025-06-29,2025-07-31,2025-07-28,Closed,
PO004514,V00368,HR,IT Services,Indirect,5096.97,2024-10-15,2024-10-24,2024-11-29,2024-12-01,Closed,C00366
PO004515,V00394,Sales,Logistics,Direct,21651.82,2025-01-06,2025-01-08,2025-02-20,2025-02-28,Closed,C00440
PO004516,V00300,Legal,MRO,Direct,5161.37,2025-05-25,2025-06-01,2025-06-30,2025-06-30,Closed,
PO004517,V00169,Marketing,Capital Equipment,Direct,50035.72,2024-12-25,2024-12-30,2025-01-28,2025-01-26,Closed,C00347
PO004518,V00353,Legal,Professional Services,Indirect,51592.49,2025-11-18,2025-12-01,2025-12-18,2025-12-21,Closed,C00127
PO004519,V00203,Sales,Raw Materials,Direct,3408.08,2025-01-23,2025-01-26,2025-02-17,2025-02-09,Cancelled,C00499
PO004520,V00056,HR,IT Services,Indirect,20277.78,2024-06-24,2024-07-04,2024-08-04,2024-08-12,Closed,
PO004521,V00077,Legal,Marketing,Indirect,23525.29,2025-06-03,2025-06-08,2025-06-28,2025-07-02,Closed,C00043
PO004522,V00368,Engineering,IT Services,Indirect,60719.02,2025-01-14,2025-01-22,2025-02-27,2025-03-02,Closed,C00365
PO004523,V00398,Sales,IT Services,Indirect,23725.23,2024-05-05,2024-05-17,2024-06-18,2024-06-18,Closed,C00568
PO004524,V00372,R&D,Professional Services,Indirect,48490.26,2025-07-02,2025-07-13,2025-08-22,2025-08-22,Closed,C00028
PO004525,V00232,R&D,IT Services,Indirect,55824.37,2025-01-06,2025-01-07,2025-02-05,2025-02-06,Closed,
PO004526,V00339,Manufacturing,Facilities,Indirect,4374.71,2025-05-28,2025-05-31,2025-06-20,2025-06-27,Closed,C00430
PO004527,V00134,Finance,Professional Services,Indirect,40377.54,2025-01-10,2025-01-21,2025-02-08,2025-02-13,Closed,C00578
PO004528,V00166,Legal,Raw Materials,Direct,3995.57,2025-01-16,2025-01-28,2025-02-14,2025-02-14,Closed,C00373
PO004529,V00068,HR,Professional Services,Indirect,19570.95,2025-07-04,2025-07-08,2025-08-21,2025-08-17,Closed,
PO004530,V00368,Operations,IT Services,Indirect,81563.53,2025-10-15,2025-10-20,2025-11-26,2025-12-02,Open,C00365
PO004531,V00471,Manufacturing,IT Services,Indirect,14493.65,2024-09-07,2024-09-12,2024-09-24,2024-10-01,Closed,C00241
PO004532,V00285,Finance,IT Services,Indirect,28801.35,2025-09-06,2025-09-14,2025-09-23,2025-09-28,Closed,
PO004533,V00070,Marketing,IT Services,Indirect,19304.04,2025-06-23,2025-07-06,2025-07-30,2025-08-01,Closed,
PO004534,V00393,HR,Professional Services,Indirect,8989.88,2024-01-04,2024-01-18,2024-01-30,2024-02-03,Closed,C00472
PO004535,V00382,Marketing,Raw Materials,Direct,17623.16,2025-04-25,2025-04-28,2025-05-30,2025-06-09,Closed,
PO004536,V00398,Operations,IT Services,Indirect,6566.24,2025-04-30,2025-05-06,2025-06-20,2025-06-22,Open,
PO004537,V00370,Manufacturing,Logistics,Direct,14670.05,2025-05-02,2025-05-05,2025-06-19,2025-06-20,Closed,C00329
PO004538,V00287,R&D,Professional Services,Indirect,11309.41,2024-05-20,2024-05-28,2024-06-28,2024-07-01,Closed,
PO004539,V00249,Facilities,Professional Services,Indirect,19641.26,2025-04-16,2025-04-30,2025-06-09,2025-06-21,Cancelled,C00359
PO004540,V00450,IT,Raw Materials,Direct,4890.0,2025-07-27,2025-08-07,2025-09-01,2025-09-11,Closed,C00442
PO004541,V00368,IT,IT Services,Indirect,14732.47,2024-02-13,2024-02-27,2024-03-29,2024-03-29,Closed,C00365
PO004542,V00393,Facilities,Professional Services,Indirect,61391.63,2025-01-12,2025-01-19,2025-02-16,2025-02-17,Closed,C00472
PO004543,V00488,Manufacturing,IT Services,Indirect,6865.11,2025-09-12,2025-09-23,2025-10-01,2025-10-09,Closed,C00542
PO004544,V00169,Legal,Capital Equipment,Direct,31638.98,2024-06-30,2024-07-03,2024-07-17,2024-07-15,Closed,C00347
PO004545,V00233,Sales,Raw Materials,Direct,7477.42,2025-08-08,2025-08-19,2025-09-04,2025-09-11,Open,C00558
PO004546,V00449,R&D,Office Supplies,Indirect,6328.54,2024-04-22,2024-05-06,2024-06-08,2024-06-08,Open,C00636
PO004547,V00016,IT,IT Services,Indirect,12637.31,2024-10-25,2024-10-28,2024-11-23,2024-11-27,Closed,C00183
PO004548,V00136,R&D,Raw Materials,Direct,6091.26,2024-11-11,2024-11-20,2024-12-03,2024-12-03,Closed,
PO004549,V00403,Operations,Logistics,Direct,3065.44,2024-10-27,2024-11-01,2024-11-09,2024-11-09,Closed,C00566
PO004550,V00284,Manufacturing,Professional Services,Indirect,48420.11,2024-10-08,2024-10-11,2024-11-17,2024-11-23,Closed,C00586
PO004551,V00179,Marketing,Professional Services,Indirect,27466.76,2024-10-20,2024-10-23,2024-11-10,2024-11-09,Cancelled,C00619
PO004552,V00368,HR,IT Services,Indirect,4415.85,2025-09-30,2025-10-13,2025-10-31,2025-11-08,Closed,C00365
PO004553,V00169,Finance,Capital Equipment,Direct,140545.18,2024-05-16,2024-05-23,2024-05-30,2024-05-21,Closed,C00346
PO004554,V00333,Finance,IT Services,Indirect,29085.54,2024-04-12,2024-04-19,2024-04-26,2024-04-23,Cancelled,C00194
PO004555,V00318,Sales,Facilities,Indirect,1896.64,2025-08-05,2025-08-13,2025-08-24,2025-08-21,Cancelled,C00137
PO004556,V00031,Operations,IT Services,Indirect,27749.26,2024-06-27,2024-07-07,2024-07-19,2024-07-17,Closed,C00033
PO004557,V00158,HR,Travel,Indirect,13215.23,2024-10-23,2024-10-30,2024-12-13,2024-12-15,Open,C00316
PO004558,V00046,HR,Capital Equipment,Direct,64352.03,2024-07-13,2024-07-24,2024-08-23,2024-08-26,Closed,C00279
PO004559,V00067,Legal,Logistics,Direct,2375.92,2024-06-20,2024-06-27,2024-08-10,2024-08-11,Closed,
PO004560,V00195,Manufacturing,IT Services,Indirect,11665.48,2025-12-07,2025-12-19,2026-01-31,2026-02-05,Open,
PO004561,V00424,Operations,Professional Services,Indirect,39787.14,2025-09-20,2025-09-24,2025-10-17,2025-10-18,Cancelled,C00206
PO004562,V00239,Operations,Professional Services,Indirect,97746.44,2025-03-08,2025-03-16,2025-04-09,2025-04-05,Open,C00122
PO004563,V00384,Manufacturing,Professional Services,Indirect,69111.41,2024-08-25,2024-09-05,2024-09-18,2024-09-20,Open,
PO004564,V00281,Sales,Marketing,Indirect,5109.74,2025-09-24,2025-09-28,2025-10-21,2025-11-01,Closed,C00040
PO004565,V00253,HR,IT Services,Indirect,8783.76,2024-09-03,2024-09-12,2024-10-04,2024-09-29,Open,
PO004566,V00066,R&D,Professional Services,Indirect,5398.04,2025-06-25,2025-07-01,2025-07-21,2025-07-21,Open,C00584
PO004567,V00286,IT,Professional Services,Indirect,24374.66,2025-03-18,2025-03-22,2025-04-02,2025-04-11,Open,C00572
PO004568,V00109,Legal,Travel,Indirect,994.38,2023-12-31,2024-01-13,2024-02-01,2024-01-30,Open,C00311
PO004569,V00267,Facilities,Professional Services,Indirect,28849.8,2025-04-03,2025-04-07,2025-05-16,2025-05-23,Cancelled,
PO004570,V00197,Finance,IT Services,Indirect,6415.86,2024-08-28,2024-08-31,2024-09-16,2024-09-11,Closed,
PO004571,V00288,Manufacturing,Facilities,Indirect,1125.86,2024-11-26,2024-12-09,2025-01-20,2025-01-25,Open,C00477
PO004572,V00368,R&D,IT Services,Indirect,63361.26,2025-08-06,2025-08-19,2025-10-01,2025-10-05,Closed,C00365
PO004573,V00038,Operations,Raw Materials,Direct,10894.9,2025-12-18,2025-12-20,2026-01-15,2026-01-20,Closed,C00314
PO004574,V00252,HR,MRO,Direct,10862.37,2025-07-12,2025-07-14,2025-08-04,2025-08-08,Closed,
PO004575,V00098,Marketing,Logistics,Direct,4276.13,2025-11-06,2025-11-11,2025-12-03,2025-12-07,Closed,
PO004576,V00443,Sales,Logistics,Direct,6588.66,2024-05-26,2024-06-03,2024-06-26,2024-06-29,Closed,C00489
PO004577,V00078,HR,Professional Services,Indirect,21725.2,2024-03-01,2024-03-15,2024-03-22,2024-03-18,Closed,C00085
PO004578,V00354,Sales,Professional Services,Indirect,32133.87,2024-05-22,2024-06-05,2024-06-15,2024-06-23,Closed,
PO004579,V00166,Manufacturing,Raw Materials,Direct,30607.6,2025-09-26,2025-10-04,2025-11-15,2025-11-12,Cancelled,C00373
PO004580,V00371,HR,Logistics,Direct,26226.33,2025-03-27,2025-04-09,2025-04-23,2025-04-26,Closed,C00576
PO004581,V00045,HR,IT Services,Indirect,42866.2,2025-05-21,2025-05-26,2025-06-27,2025-06-28,Cancelled,C00582
PO004582,V00328,Finance,Raw Materials,Direct,15828.3,2025-10-29,2025-10-30,2025-11-20,2025-11-23,Closed,C00659
PO004583,V00036,Marketing,Raw Materials,Direct,20215.64,2025-06-17,2025-06-27,2025-07-07,2025-07-11,Closed,
PO004584,V00305,Manufacturing,IT Services,Indirect,176076.63,2025-04-30,2025-05-07,2025-05-17,2025-05-16,Closed,
PO004585,V00226,HR,Professional Services,Indirect,14796.25,2024-03-01,2024-03-04,2024-04-07,2024-04-06,Closed,C00399
PO004586,V00368,Finance,IT Services,Indirect,18226.6,2024-09-06,2024-09-20,2024-11-04,2024-11-07,Closed,C00365
PO004587,V00304,Marketing,MRO,Direct,1741.26,2025-12-10,2025-12-23,2026-02-04,2026-02-04,Closed,
PO004588,V00134,Facilities,Professional Services,Indirect,180735.4,2025-07-07,2025-07-14,2025-08-15,2025-08-13,Closed,C00578
PO004589,V00290,Operations,Raw Materials,Direct,11513.04,2025-11-01,2025-11-12,2025-12-10,2025-12-13,Closed,C00522
PO004590,V00372,IT,Professional Services,Indirect,22622.25,2024-11-05,2024-11-14,2024-11-29,2024-12-06,Closed,C00028
PO004591,V00154,IT,Raw Materials,Direct,2096.7,2025-08-06,2025-08-15,2025-09-12,2025-09-15,Closed,C00224
PO004592,V00403,Operations,Logistics,Direct,17792.5,2024-09-28,2024-09-30,2024-10-26,2024-10-31,Cancelled,C00566
PO004593,V00211,Finance,MRO,Direct,3671.37,2025-04-14,2025-04-24,2025-05-26,2025-05-23,Closed,C00345
PO004594,V00068,Finance,Professional Services,Indirect,5573.88,2024-12-11,2024-12-16,2024-12-25,2024-12-29,Closed,
PO004595,V00318,HR,Facilities,Indirect,5539.78,2024-07-10,2024-07-23,2024-07-31,2024-08-01,Closed,C00137
PO004596,V00226,Sales,Professional Services,Indirect,18613.19,2024-10-31,2024-11-08,2024-12-13,2024-12-13,Closed,C00399
PO004597,V00099,HR,Logistics,Direct,2488.85,2024-08-01,2024-08-13,2024-09-11,2024-09-12,Open,
PO004598,V00158,Operations,Travel,Indirect,10946.64,2025-07-22,2025-07-27,2025-08-29,2025-08-25,Closed,C00316
PO004599,V00252,Finance,MRO,Direct,2257.56,2024-07-14,2024-07-17,2024-08-29,2024-09-12,Closed,
PO004600,V00368,Manufacturing,IT Services,Indirect,35061.51,2024-08-22,2024-09-01,2024-09-30,2024-10-02,Closed,C00365
PO004601,V00440,Operations,Marketing,Indirect,2677.98,2025-09-25,2025-09-28,2025-11-10,2025-11-08,Closed,C00415
PO004602,V00348,HR,Professional Services,Indirect,7439.05,2025-07-18,2025-07-23,2025-08-30,2025-09-08,Closed,C00178
PO004603,V00266,Finance,MRO,Direct,2391.7,2024-04-01,2024-04-05,2024-04-24,2024-04-28,Closed,C00256
PO004604,V00261,Facilities,Facilities,Indirect,9871.32,2024-11-22,2024-11-28,2024-12-09,2024-12-13,Closed,C00669
PO004605,V00279,Finance,IT Services,Indirect,22348.11,2024-05-05,2024-05-07,2024-06-10,2024-06-06,Open,C00166
PO004606,V00134,Finance,Professional Services,Indirect,7307.86,2024-10-27,2024-11-02,2024-12-15,2024-12-13,Closed,C00578
PO004607,V00076,Operations,Office Supplies,Indirect,32819.91,2024-10-17,2024-10-21,2024-11-15,2024-11-16,Open,C00181
PO004608,V00406,Facilities,Logistics,Direct,29690.55,2024-11-22,2024-11-30,2024-12-14,2024-12-17,Closed,
PO004609,V00234,Operations,Marketing,Indirect,992.27,2025-02-06,2025-02-13,2025-03-04,2025-03-06,Closed,C00548
PO004610,V00291,Operations,Travel,Indirect,2849.79,2025-12-11,2025-12-22,2026-01-03,2025-12-24,Closed,C00135
PO004611,V00352,R&D,Marketing,Indirect,2401.99,2024-03-19,2024-03-28,2024-05-09,2024-05-10,Closed,C00504
PO004612,V00121,Legal,Professional Services,Indirect,7838.64,2024-09-27,2024-10-05,2024-11-19,2024-11-12,Cancelled,C00563
PO004613,V00043,HR,Professional Services,Indirect,17139.76,2024-12-28,2025-01-03,2025-01-28,2025-01-27,Cancelled,C00216
PO004614,V00017,Manufacturing,Raw Materials,Direct,20675.6,2025-12-20,2025-12-23,2026-01-18,2026-01-17,Open,C00281
PO004615,V00403,IT,Logistics,Direct,23061.49,2023-12-23,2024-01-03,2024-02-01,2024-01-28,Closed,C00567
PO004616,V00171,Engineering,Professional Services,Indirect,12689.84,2023-12-25,2024-01-07,2024-02-13,2024-02-18,Closed,C00602
PO004617,V00169,Legal,Capital Equipment,Direct,17119.04,2024-09-28,2024-09-29,2024-10-30,2024-11-05,Cancelled,C00346
PO004618,V00030,IT,Raw Materials,Direct,5831.26,2025-05-29,2025-06-11,2025-07-06,2025-07-11,Closed,C00299
PO004619,V00335,Manufacturing,IT Services,Indirect,11051.21,2025-09-19,2025-09-23,2025-11-04,2025-11-06,Closed,C00054
PO004620,V00222,HR,Professional Services,Indirect,10269.25,2025-01-19,2025-01-30,2025-03-01,2025-03-03,Open,C00608
PO004621,V00239,Finance,Professional Services,Indirect,15154.53,2025-08-27,2025-09-01,2025-09-11,2025-09-12,Closed,C00123
PO004622,V00177,R&D,Marketing,Indirect,3940.03,2025-12-19,2025-12-22,2026-01-04,2026-01-14,Open,C00219
PO004623,V00154,HR,Raw Materials,Direct,26391.13,2025-04-29,2025-05-09,2025-05-20,2025-05-19,Closed,C00224
PO004624,V00494,Manufacturing,Office Supplies,Indirect,11238.47,2025-09-27,2025-10-08,2025-11-15,2025-11-19,Closed,
PO004625,V00341,Engineering,MRO,Direct,5870.31,2024-11-05,2024-11-15,2024-12-13,2024-12-14,Open,C00534
PO004626,V00221,HR,Raw Materials,Direct,21823.9,2025-06-04,2025-06-15,2025-06-25,2025-06-28,Closed,C00218
PO004627,V00403,Facilities,Logistics,Direct,23684.09,2025-03-04,2025-03-12,2025-04-12,2025-04-25,Closed,C00566
PO004628,V00230,Legal,Marketing,Indirect,2215.18,2025-03-07,2025-03-10,2025-03-23,2025-03-20,Cancelled,C00200
PO004629,V00008,HR,IT Services,Indirect,34274.02,2024-09-06,2024-09-12,2024-10-14,2024-10-13,Closed,C00309
PO004630,V00324,Manufacturing,Raw Materials,Direct,11506.46,2024-10-19,2024-11-02,2024-11-28,2024-11-29,Closed,C00112
PO004631,V00419,HR,Professional Services,Indirect,10524.17,2024-05-25,2024-06-07,2024-07-12,2024-07-14,Open,
PO004632,V00149,Manufacturing,Capital Equipment,Direct,19283.24,2025-07-11,2025-07-18,2025-08-13,2025-08-21,Cancelled,
PO004633,V00155,Legal,Raw Materials,Direct,4422.33,2024-09-10,2024-09-16,2024-09-30,2024-09-30,Closed,C00151
PO004634,V00128,Engineering,Capital Equipment,Direct,27111.97,2024-06-07,2024-06-09,2024-06-22,2024-06-24,Closed,C00570
PO004635,V00115,HR,Logistics,Direct,5997.69,2024-06-10,2024-06-15,2024-07-02,2024-07-06,Closed,C00322
PO004636,V00005,Legal,Professional Services,Indirect,7769.97,2025-11-17,2025-11-18,2025-12-14,2025-12-13,Open,
PO004637,V00019,Engineering,Professional Services,Indirect,241239.4,2024-04-14,2024-04-23,2024-05-23,2024-05-28,Closed,C00104
PO004638,V00418,Marketing,Professional Services,Indirect,18521.28,2025-01-15,2025-01-26,2025-02-12,2025-02-16,Closed,
PO004639,V00403,Manufacturing,Logistics,Direct,15242.35,2024-11-15,2024-11-18,2025-01-01,2025-01-01,Open,C00566
PO004640,V00082,Finance,MRO,Direct,3411.88,2025-12-19,2025-12-27,2026-01-27,2026-01-27,Closed,C00452
PO004641,V00040,Operations,Facilities,Indirect,1965.76,2025-07-05,2025-07-19,2025-08-25,2025-08-25,Closed,
PO004642,V00068,Operations,Professional Services,Indirect,26404.5,2024-04-29,2024-05-12,2024-06-23,2024-06-23,Closed,
PO004643,V00082,R&D,MRO,Direct,2664.18,2024-12-02,2024-12-08,2025-01-16,2025-01-14,Cancelled,
PO004644,V00282,Legal,Professional Services,Indirect,39323.83,2024-09-18,2024-09-25,2024-11-08,2024-11-05,Closed,C00211
PO004645,V00288,Facilities,Facilities,Indirect,3866.18,2024-03-10,2024-03-18,2024-04-14,2024-04-10,Closed,C00478
PO004646,V00449,Legal,Office Supplies,Indirect,6693.14,2025-02-09,2025-02-22,2025-04-06,2025-04-09,Closed,C00636
PO004647,V00427,Operations,MRO,Direct,3059.18,2024-05-31,2024-06-07,2024-06-15,2024-06-16,Closed,
PO004648,V00403,Operations,Logistics,Direct,4416.32,2024-04-15,2024-04-25,2024-05-26,2024-05-29,Closed,C00567
PO004649,V00343,Facilities,IT Services,Indirect,3164.96,2025-01-13,2025-01-23,2025-03-02,2025-03-01,Closed,C00607
PO004650,V00257,Finance,Raw Materials,Direct,12347.86,2024-05-21,2024-05-24,2024-06-05,2024-06-09,Closed,C00635
PO004651,V00084,Engineering,Professional Services,Indirect,52822.26,2024-11-20,2024-11-29,2025-01-01,2024-12-29,Closed,C00370
PO004652,V00011,Sales,Raw Materials,Direct,13337.17,2025-05-18,2025-05-23,2025-06-06,2025-06-07,Closed,C00446
PO004653,V00169,Legal,Capital Equipment,Direct,8079.63,2025-05-02,2025-05-15,2025-06-20,2025-06-19,Cancelled,
PO004654,V00433,Sales,Office Supplies,Indirect,7776.41,2024-06-15,2024-06-29,2024-07-31,2024-08-03,Closed,C00539
PO004655,V00403,Legal,Logistics,Direct,11767.29,2025-02-14,2025-02-27,2025-04-10,2025-04-16,Closed,C00567
PO004656,V00485,HR,Marketing,Indirect,3895.41,2024-08-04,2024-08-12,2024-09-17,2024-09-17,Open,C00616
PO004657,V00403,Legal,Logistics,Direct,2588.49,2025-09-08,2025-09-22,2025-10-22,2025-10-23,Closed,C00566
PO004658,V00032,Finance,Logistics,Direct,18530.48,2025-07-29,2025-08-06,2025-09-09,2025-09-15,Closed,
PO004659,V00368,IT,IT Services,Indirect,54609.15,2025-12-19,2025-12-25,2026-02-07,2026-02-07,Open,C00366
PO004660,V00179,Operations,Professional Services,Indirect,9636.56,2024-03-05,2024-03-09,2024-04-20,2024-04-18,Closed,C00620
PO004661,V00241,Marketing,Logistics,Direct,19263.32,2025-08-05,2025-08-17,2025-09-10,2025-09-16,Closed,
PO004662,V00369,R&D,IT Services,Indirect,7377.61,2025-10-24,2025-11-04,2025-11-16,2025-11-20,Closed,C00482
PO004663,V00105,Sales,Professional Services,Indirect,85608.31,2024-12-05,2024-12-07,2024-12-31,2025-01-01,Closed,C00010
PO004664,V00164,Facilities,Professional Services,Indirect,15414.57,2025-07-12,2025-07-25,2025-08-07,2025-08-07,Closed,
PO004665,V00411,Legal,Raw Materials,Direct,10540.7,2025-07-11,2025-07-25,2025-09-02,2025-09-10,Open,C00098
PO004666,V00368,Manufacturing,IT Services,Indirect,19122.57,2025-03-24,2025-03-29,2025-04-23,2025-04-23,Closed,C00365
PO004667,V00403,IT,Logistics,Direct,11850.28,2025-10-18,2025-10-25,2025-11-17,2025-11-25,Closed,C00566
PO004668,V00392,Engineering,Raw Materials,Direct,3211.44,2024-09-01,2024-09-11,2024-09-19,2024-09-19,Closed,C00126
PO004669,V00281,Facilities,Marketing,Indirect,1769.81,2025-03-17,2025-03-25,2025-04-03,2025-04-14,Open,C00040
PO004670,V00064,Facilities,Raw Materials,Direct,15429.4,2024-11-22,2024-11-26,2025-01-03,2025-01-07,Closed,C00074
PO004671,V00200,Finance,Professional Services,Indirect,19683.39,2024-12-21,2024-12-27,2025-02-02,2025-02-02,Closed,
PO004672,V00415,Facilities,Professional Services,Indirect,86271.02,2025-04-03,2025-04-12,2025-04-26,2025-04-27,Closed,
PO004673,V00269,Manufacturing,Raw Materials,Direct,11464.32,2024-04-25,2024-05-05,2024-06-12,2024-06-22,Closed,
PO004674,V00112,Finance,Raw Materials,Direct,24598.05,2025-06-04,2025-06-15,2025-06-25,2025-06-30,Closed,C00421
PO004675,V00397,Manufacturing,IT Services,Indirect,9295.51,2025-07-18,2025-07-25,2025-08-19,2025-08-23,Open,C00532
PO004676,V00403,Facilities,Logistics,Direct,15559.15,2024-02-13,2024-02-25,2024-03-24,2024-03-30,Closed,C00567
PO004677,V00169,Operations,Capital Equipment,Direct,44749.71,2024-08-22,2024-08-23,2024-10-06,2024-10-12,Closed,C00347
PO004678,V00328,R&D,Raw Materials,Direct,23138.43,2024-12-03,2024-12-09,2025-01-02,2025-01-09,Open,
PO004679,V00300,Finance,MRO,Direct,6759.26,2025-05-01,2025-05-15,2025-05-31,2025-06-01,Closed,
PO004680,V00079,Finance,MRO,Direct,3846.04,2024-04-27,2024-05-05,2024-06-04,2024-06-06,Closed,C00107
PO004681,V00087,Legal,Raw Materials,Direct,51591.69,2025-05-21,2025-06-04,2025-06-29,2025-06-26,Closed,
PO004682,V00066,HR,Professional Services,Indirect,10450.91,2025-11-21,2025-11-24,2025-12-21,2025-12-20,Closed,C00584
PO004683,V00149,R&D,Capital Equipment,Direct,25777.46,2025-04-22,2025-05-01,2025-05-22,2025-05-25,Cancelled,
PO004684,V00007,Operations,Professional Services,Indirect,31333.29,2024-03-06,2024-03-08,2024-03-29,2024-04-05,Open,C00427
PO004685,V00196,Legal,MRO,Direct,9032.29,2025-08-16,2025-08-20,2025-09-27,2025-09-21,Closed,
PO004686,V00355,Manufacturing,Capital Equipment,Direct,40865.66,2024-12-06,2024-12-09,2025-01-01,2024-12-28,Closed,C00395
PO004687,V00273,Engineering,Office Supplies,Indirect,11104.94,2024-09-06,2024-09-09,2024-10-04,2024-09-29,Closed,C00356
PO004688,V00368,Sales,IT Services,Indirect,7099.84,2025-01-12,2025-01-16,2025-02-22,2025-02-26,Closed,C00366
PO004689,V00160,Marketing,Logistics,Direct,3202.09,2025-12-11,2025-12-20,2026-01-31,2026-02-11,Cancelled,
PO004690,V00123,IT,Facilities,Indirect,3300.32,2025-01-23,2025-02-01,2025-03-01,2025-02-27,Cancelled,
PO004691,V00368,Facilities,IT Services,Indirect,13650.86,2024-12-19,2024-12-26,2025-01-16,2025-01-18,Closed,C00365
PO004692,V00119,Legal,IT Services,Indirect,17086.91,2024-11-15,2024-11-24,2025-01-03,2025-01-07,Closed,C00320
PO004693,V00491,Legal,Raw Materials,Direct,2858.77,2024-01-22,2024-02-04,2024-03-20,2024-03-24,Closed,C00037
PO004694,V00369,Operations,IT Services,Indirect,4172.62,2024-04-14,2024-04-25,2024-05-02,2024-05-04,Closed,
PO004695,V00322,Facilities,IT Services,Indirect,22949.68,2024-05-03,2024-05-07,2024-05-26,2024-05-18,Closed,C00157
PO004696,V00187,Operations,Logistics,Direct,4433.18,2024-04-24,2024-04-27,2024-05-22,2024-05-25,Closed,C00591
PO004697,V00341,Facilities,MRO,Direct,2143.07,2023-12-21,2024-01-01,2024-02-06,2024-02-08,Closed,C00534
PO004698,V00354,IT,Professional Services,Indirect,45968.89,2024-01-06,2024-01-17,2024-02-24,2024-02-29,Open,
PO004699,V00368,Finance,IT Services,Indirect,10448.79,2024-01-13,2024-01-16,2024-01-28,2024-02-01,Cancelled,C00365
PO004700,V00172,Sales,IT Services,Indirect,41285.48,2024-11-30,2024-12-03,2024-12-29,2024-12-31,Cancelled,C00645
PO004701,V00154,R&D,Raw Materials,Direct,5996.67,2024-07-01,2024-07-06,2024-08-05,2024-08-06,Closed,C00226
PO004702,V00484,Marketing,IT Services,Indirect,41472.15,2025-03-27,2025-03-29,2025-04-10,2025-04-09,Cancelled,C00113
PO004703,V00207,Sales,Raw Materials,Direct,1949.28,2025-06-10,2025-06-12,2025-07-23,2025-07-24,Closed,C00627
PO004704,V00282,Finance,Professional Services,Indirect,49390.59,2024-07-11,2024-07-13,2024-07-28,2024-08-02,Closed,C00211
PO004705,V00348,HR,Professional Services,Indirect,8085.91,2024-12-29,2025-01-02,2025-02-02,2025-02-09,Cancelled,C00177
PO004706,V00482,HR,MRO,Direct,4740.93,2025-08-19,2025-08-30,2025-09-21,2025-09-23,Closed,C00545
PO004707,V00356,Sales,Capital Equipment,Direct,5091.3,2025-09-30,2025-10-09,2025-10-20,2025-10-23,Cancelled,C00529
PO004708,V00171,Engineering,Professional Services,Indirect,21892.48,2025-08-25,2025-09-03,2025-09-20,2025-09-24,Closed,
PO004709,V00368,Sales,IT Services,Indirect,15454.38,2025-03-10,2025-03-22,2025-04-11,2025-04-09,Cancelled,C00365
PO004710,V00235,Engineering,MRO,Direct,6757.72,2025-06-05,2025-06-12,2025-07-18,2025-07-17,Open,C00402
PO004711,V00112,Manufacturing,Raw Materials,Direct,28979.16,2025-12-13,2025-12-19,2026-01-13,2026-01-14,Cancelled,C00421
PO004712,V00495,HR,Marketing,Indirect,11460.83,2024-09-12,2024-09-16,2024-09-27,2024-09-22,Closed,C00108
PO004713,V00441,HR,IT Services,Indirect,3446.8,2024-03-05,2024-03-11,2024-04-05,2024-04-07,Closed,C00059
PO004714,V00120,Sales,Facilities,Indirect,12273.52,2024-06-03,2024-06-15,2024-06-30,2024-06-23,Closed,C00388
PO004715,V00168,Sales,Facilities,Indirect,2547.77,2025-09-14,2025-09-19,2025-10-18,2025-10-14,Cancelled,C00460
PO004716,V00173,Manufacturing,Professional Services,Indirect,64789.28,2025-10-17,2025-10-23,2025-12-07,2025-12-03,Open,C00155
PO004717,V00249,Manufacturing,Professional Services,Indirect,27925.95,2024-08-09,2024-08-13,2024-09-19,2024-09-19,Closed,C00359
PO004718,V00323,Facilities,Marketing,Indirect,686.6,2025-08-31,2025-09-10,2025-10-18,2025-10-29,Cancelled,C00192
PO004719,V00255,Operations,Professional Services,Indirect,50466.73,2025-06-07,2025-06-11,2025-07-24,2025-07-27,Closed,
PO004720,V00368,Operations,IT Services,Indirect,7026.99,2024-10-16,2024-10-22,2024-11-15,2024-11-17,Open,
PO004721,V00395,Operations,Professional Services,Indirect,3375.4,2024-04-17,2024-04-27,2024-05-07,2024-05-06,Open,C00011
PO004722,V00037,R&D,Professional Services,Indirect,17281.86,2024-04-05,2024-04-17,2024-05-17,2024-05-21,Cancelled,
PO004723,V00076,Facilities,Office Supplies,Indirect,967.78,2025-03-29,2025-04-09,2025-05-21,2025-05-26,Closed,
PO004724,V00082,Sales,MRO,Direct,1990.15,2024-10-03,2024-10-09,2024-11-03,2024-11-08,Cancelled,C00452
PO004725,V00047,Facilities,Logistics,Direct,5138.59,2024-04-04,2024-04-17,2024-05-24,2024-05-30,Closed,C00120
PO004726,V00013,Legal,Raw Materials,Direct,2376.14,2024-07-25,2024-08-02,2024-09-11,2024-09-17,Cancelled,C00598
PO004727,V00293,Sales,Capital Equipment,Direct,249533.82,2025-09-25,2025-10-04,2025-10-11,2025-10-11,Closed,C00648
PO004728,V00478,Sales,Professional Services,Indirect,59960.3,2024-11-03,2024-11-09,2024-11-22,2024-11-26,Closed,
PO004729,V00318,Legal,Facilities,Indirect,232.06,2024-11-19,2024-11-26,2025-01-02,2025-01-09,Closed,C00137
PO004730,V00347,Legal,MRO,Direct,9443.31,2025-05-05,2025-05-07,2025-05-15,2025-05-21,Cancelled,C00429
PO004731,V00212,Legal,MRO,Direct,5720.26,2025-09-07,2025-09-13,2025-09-24,2025-09-24,Open,C00051
PO004732,V00011,Sales,Raw Materials,Direct,4640.06,2025-02-24,2025-03-06,2025-03-28,2025-03-18,Closed,C00445
PO004733,V00310,Facilities,Professional Services,Indirect,19769.06,2025-10-27,2025-11-09,2025-11-22,2025-11-26,Closed,
PO004734,V00378,Legal,Raw Materials,Direct,5419.5,2023-12-26,2024-01-02,2024-02-09,2024-02-11,Closed,C00012
PO004735,V00289,Marketing,Facilities,Indirect,10653.24,2024-03-23,2024-03-24,2024-04-04,2024-04-08,Cancelled,C00671
PO004736,V00238,IT,Raw Materials,Direct,3565.79,2024-12-06,2024-12-16,2025-01-21,2025-01-19,Closed,C00214
PO004737,V00418,Sales,Professional Services,Indirect,23427.08,2024-07-15,2024-07-23,2024-08-12,2024-08-06,Cancelled,C00230
PO004738,V00172,Marketing,IT Services,Indirect,20444.92,2025-09-11,2025-09-16,2025-10-19,2025-10-18,Cancelled,
PO004739,V00058,Engineering,IT Services,Indirect,15242.17,2024-11-15,2024-11-16,2024-11-23,2024-11-24,Closed,C00245
PO004740,V00454,Operations,Raw Materials,Direct,25659.4,2025-09-16,2025-09-23,2025-10-04,2025-10-04,Closed,C00310
PO004741,V00286,Engineering,Professional Services,Indirect,60345.27,2025-04-14,2025-04-15,2025-05-23,2025-06-03,Closed,C00572
PO004742,V00232,Engineering,IT Services,Indirect,19515.51,2025-02-16,2025-02-23,2025-04-06,2025-04-22,Open,
PO004743,V00355,Legal,Capital Equipment,Direct,40731.82,2025-09-20,2025-10-04,2025-10-15,2025-10-18,Open,
PO004744,V00298,Operations,Capital Equipment,Direct,258378.06,2024-09-21,2024-10-04,2024-11-04,2024-11-10,Cancelled,C00468
PO004745,V00382,R&D,Raw Materials,Direct,16903.37,2023-12-25,2024-01-04,2024-01-30,2024-01-30,Closed,C00169
PO004746,V00410,Marketing,Marketing,Indirect,2068.28,2025-02-27,2025-03-05,2025-03-19,2025-03-18,Closed,
PO004747,V00354,Manufacturing,Professional Services,Indirect,30860.97,2024-12-15,2024-12-17,2025-01-20,2025-01-16,Closed,C00401
PO004748,V00489,Sales,IT Services,Indirect,8784.01,2024-10-26,2024-11-09,2024-12-05,2024-12-04,Open,
PO004749,V00125,HR,Raw Materials,Direct,11964.01,2024-10-18,2024-10-30,2024-11-11,2024-11-09,Cancelled,C00015
PO004750,V00400,Manufacturing,Logistics,Direct,16740.15,2025-08-05,2025-08-11,2025-09-08,2025-09-10,Closed,C00398
PO004751,V00224,Finance,Capital Equipment,Direct,30321.16,2025-10-10,2025-10-14,2025-11-05,2025-11-08,Cancelled,
PO004752,V00204,Operations,IT Services,Indirect,22707.43,2025-06-01,2025-06-04,2025-06-11,2025-06-12,Closed,C00231
PO004753,V00385,IT,Professional Services,Indirect,41034.45,2023-12-27,2024-01-04,2024-02-07,2024-02-09,Open,C00076
PO004754,V00095,Sales,Marketing,Indirect,5521.03,2025-03-08,2025-03-17,2025-03-24,2025-03-24,Closed,C00262
PO004755,V00489,Engineering,IT Services,Indirect,15627.01,2024-05-10,2024-05-14,2024-05-23,2024-05-23,Open,
PO004756,V00123,Marketing,Facilities,Indirect,2756.9,2025-10-27,2025-11-06,2025-12-07,2025-12-16,Closed,
PO004757,V00368,Legal,IT Services,Indirect,4708.73,2025-08-29,2025-09-03,2025-10-11,2025-10-12,Closed,C00365
PO004758,V00311,Legal,Professional Services,Indirect,20083.52,2025-10-30,2025-11-11,2025-12-07,2025-12-12,Cancelled,C00390
PO004759,V00179,Sales,Professional Services,Indirect,9896.63,2025-10-27,2025-10-29,2025-11-27,2025-11-28,Closed,C00619
PO004760,V00368,R&D,IT Services,Indirect,10120.12,2024-08-15,2024-08-28,2024-09-17,2024-09-22,Closed,C00366
PO004761,V00490,Manufacturing,Marketing,Indirect,4768.89,2024-05-29,2024-06-11,2024-07-22,2024-07-28,Closed,C00319
PO004762,V00119,Finance,IT Services,Indirect,4015.51,2025-05-30,2025-06-10,2025-07-04,2025-07-03,Closed,C00320
PO004763,V00368,Engineering,IT Services,Indirect,5613.39,2025-05-07,2025-05-13,2025-06-25,2025-06-26,Closed,C00366
PO004764,V00144,IT,Capital Equipment,Direct,52126.73,2024-03-26,2024-04-08,2024-05-06,2024-05-06,Open,C00486
PO004765,V00143,Marketing,IT Services,Indirect,23723.3,2024-10-03,2024-10-17,2024-11-16,2024-11-15,Open,C00604
PO004766,V00227,Finance,Logistics,Direct,7910.09,2024-12-06,2024-12-08,2024-12-27,2025-01-08,Closed,C00640
PO004767,V00187,Facilities,Logistics,Direct,109746.3,2025-05-14,2025-05-15,2025-05-28,2025-05-28,Cancelled,C00591
PO004768,V00169,Operations,Capital Equipment,Direct,29624.19,2024-02-09,2024-02-13,2024-02-24,2024-02-27,Closed,C00346
PO004769,V00403,Manufacturing,Logistics,Direct,5355.37,2025-11-24,2025-11-30,2025-12-09,2025-12-17,Closed,C00567
PO004770,V00441,IT,IT Services,Indirect,32018.35,2024-01-15,2024-01-29,2024-03-14,2024-03-19,Open,C00060
PO004771,V00181,Operations,MRO,Direct,6310.5,2025-01-30,2025-01-31,2025-02-08,2025-02-07,Closed,C00161
PO004772,V00169,Finance,Capital Equipment,Direct,3915.34,2025-04-14,2025-04-25,2025-05-26,2025-05-26,Closed,C00346
PO004773,V00411,Manufacturing,Raw Materials,Direct,31094.22,2025-02-22,2025-03-01,2025-03-20,2025-03-20,Cancelled,C00098
PO004774,V00169,Sales,Capital Equipment,Direct,19336.68,2024-01-27,2024-02-08,2024-02-18,2024-02-23,Closed,C00346
PO004775,V00330,Legal,Professional Services,Indirect,23105.39,2024-11-01,2024-11-03,2024-11-27,2024-11-28,Cancelled,C00237
PO004776,V00302,Marketing,Travel,Indirect,7883.28,2025-08-21,2025-09-01,2025-09-24,2025-09-27,Open,C00198
PO004777,V00185,Finance,Capital Equipment,Direct,34947.63,2025-12-03,2025-12-17,2025-12-28,2025-12-28,Closed,
PO004778,V00171,Manufacturing,Professional Services,Indirect,5305.44,2024-11-16,2024-11-30,2024-12-10,2024-12-17,Closed,C00602
PO004779,V00466,Sales,Professional Services,Indirect,76926.93,2024-08-13,2024-08-16,2024-09-24,2024-09-19,Cancelled,C00150
PO004780,V00361,Manufacturing,Raw Materials,Direct,23442.11,2025-09-27,2025-09-30,2025-10-25,2025-10-23,Closed,C00428
PO004781,V00376,Engineering,Logistics,Direct,26308.33,2024-12-24,2025-01-04,2025-02-17,2025-02-13,Closed,C00352
PO004782,V00368,Sales,IT Services,Indirect,27774.97,2025-03-12,2025-03-24,2025-04-22,2025-04-14,Closed,C00365
PO004783,V00403,Marketing,Logistics,Direct,20938.7,2024-09-24,2024-09-28,2024-11-10,2024-11-15,Closed,C00566
PO004784,V00391,Engineering,Professional Services,Indirect,28160.92,2024-12-15,2024-12-21,2025-01-19,2025-01-15,Cancelled,
PO004785,V00378,Facilities,Raw Materials,Direct,28295.82,2024-05-24,2024-06-07,2024-07-15,2024-07-17,Open,C00013
PO004786,V00368,Manufacturing,IT Services,Indirect,7414.59,2025-10-14,2025-10-16,2025-11-06,2025-11-13,Cancelled,C00365
PO004787,V00212,Operations,MRO,Direct,1413.93,2025-07-18,2025-07-22,2025-08-21,2025-08-28,Closed,
PO004788,V00472,Finance,Professional Services,Indirect,71005.15,2024-01-27,2024-02-03,2024-03-18,2024-03-27,Closed,C00304
PO004789,V00354,Sales,Professional Services,Indirect,45172.56,2025-06-29,2025-07-03,2025-07-30,2025-07-29,Cancelled,
PO004790,V00185,IT,Capital Equipment,Direct,57143.3,2025-08-29,2025-08-30,2025-09-28,2025-09-24,Open,
PO004791,V00222,Manufacturing,Professional Services,Indirect,12122.02,2025-11-24,2025-12-07,2025-12-31,2026-01-01,Closed,C00610
PO004792,V00108,Operations,MRO,Direct,9662.73,2024-01-10,2024-01-20,2024-02-05,2024-02-09,Cancelled,
PO004793,V00142,R&D,Raw Materials,Direct,2154.82,2024-07-28,2024-08-05,2024-09-02,2024-09-02,Closed,C00341
PO004794,V00145,Facilities,Professional Services,Indirect,6678.47,2025-10-14,2025-10-15,2025-11-15,2025-11-15,Closed,C00328
PO004795,V00312,Facilities,Raw Materials,Direct,4455.67,2025-10-02,2025-10-11,2025-11-08,2025-11-18,Closed,C00549
PO004796,V00419,Operations,Professional Services,Indirect,10092.68,2024-03-22,2024-04-04,2024-04-16,2024-04-29,Closed,
PO004797,V00171,Facilities,Professional Services,Indirect,3233.95,2025-11-29,2025-12-06,2025-12-21,2025-12-23,Closed,
PO004798,V00126,Facilities,IT Services,Indirect,3328.03,2024-05-26,2024-06-06,2024-07-06,2024-07-09,Open,C00511
PO004799,V00042,Manufacturing,Raw Materials,Direct,18594.38,2024-06-05,2024-06-12,2024-06-24,2024-06-27,Closed,
PO004800,V00169,Sales,Capital Equipment,Direct,62038.88,2024-11-24,2024-12-03,2024-12-28,2024-12-28,Open,C00347
PO004801,V00455,Finance,Facilities,Indirect,12705.1,2025-01-08,2025-01-21,2025-02-18,2025-02-19,Open,C00339
PO004802,V00482,Sales,MRO,Direct,1784.92,2025-05-14,2025-05-21,2025-06-19,2025-06-26,Cancelled,C00545
PO004803,V00378,Operations,Raw Materials,Direct,30248.4,2025-02-26,2025-03-12,2025-04-03,2025-04-08,Open,C00012
PO004804,V00368,HR,IT Services,Indirect,69917.7,2024-11-05,2024-11-13,2024-11-23,2024-11-30,Closed,C00365
PO004805,V00432,HR,Capital Equipment,Direct,22952.84,2024-06-13,2024-06-14,2024-07-15,2024-07-10,Closed,
PO004806,V00403,Engineering,Logistics,Direct,75366.55,2025-01-24,2025-02-02,2025-03-07,2025-03-05,Closed,C00567
PO004807,V00183,IT,Capital Equipment,Direct,5661.96,2024-03-26,2024-04-09,2024-04-22,2024-04-23,Closed,
PO004808,V00165,Manufacturing,Professional Services,Indirect,2646.87,2025-09-29,2025-10-09,2025-11-12,2025-11-11,Closed,C00551
PO004809,V00087,IT,Raw Materials,Direct,13768.17,2024-05-30,2024-06-01,2024-07-13,2024-07-10,Closed,C00179
PO004810,V00368,R&D,IT Services,Indirect,66827.62,2025-10-23,2025-11-04,2025-12-18,2025-12-15,Closed,C00365
PO004811,V00343,Operations,IT Services,Indirect,88241.8,2024-04-17,2024-04-27,2024-06-07,2024-06-12,Closed,C00607
PO004812,V00403,Operations,Logistics,Direct,19332.69,2024-12-07,2024-12-15,2025-01-17,2025-01-13,Open,C00567
PO004813,V00117,Engineering,IT Services,Indirect,10543.56,2025-11-21,2025-11-24,2025-12-09,2025-12-06,Closed,
PO004814,V00472,Operations,Professional Services,Indirect,12167.29,2024-08-24,2024-09-06,2024-10-08,2024-10-08,Cancelled,C00303
PO004815,V00478,Operations,Professional Services,Indirect,8593.61,2024-12-20,2025-01-03,2025-02-08,2025-02-05,Cancelled,
PO004816,V00017,Operations,Raw Materials,Direct,9693.29,2025-12-13,2025-12-24,2026-01-27,2026-02-03,Open,C00281
PO004817,V00184,HR,Marketing,Indirect,845.35,2025-07-20,2025-07-22,2025-08-03,2025-08-05,Cancelled,C00496
PO004818,V00128,HR,Capital Equipment,Direct,14225.09,2024-05-03,2024-05-13,2024-05-27,2024-05-24,Closed,C00570
PO004819,V00248,HR,Raw Materials,Direct,4646.06,2024-06-04,2024-06-18,2024-07-07,2024-07-06,Closed,C00212
PO004820,V00278,HR,Professional Services,Indirect,35092.28,2025-06-15,2025-06-23,2025-07-19,2025-07-22,Cancelled,
PO004821,V00393,Facilities,Professional Services,Indirect,15708.77,2025-06-14,2025-06-21,2025-07-18,2025-07-11,Closed,C00472
PO004822,V00354,Manufacturing,Professional Services,Indirect,14053.41,2024-11-12,2024-11-16,2024-12-28,2025-01-07,Closed,
PO004823,V00387,Manufacturing,IT Services,Indirect,247137.51,2025-12-26,2025-12-31,2026-01-09,2026-01-10,Cancelled,C00508
PO004824,V00401,IT,Professional Services,Indirect,8647.06,2025-03-19,2025-03-25,2025-04-04,2025-04-12,Closed,C00355
PO004825,V00032,HR,Logistics,Direct,19494.5,2024-09-25,2024-10-08,2024-11-01,2024-11-08,Closed,C00238
PO004826,V00169,Operations,Capital Equipment,Direct,18534.96,2025-04-21,2025-04-26,2025-05-08,2025-05-05,Closed,C00346
PO004827,V00226,Sales,Professional Services,Indirect,68504.93,2025-10-13,2025-10-20,2025-11-20,2025-11-13,Closed,C00400
PO004828,V00362,Engineering,MRO,Direct,12721.52,2024-09-18,2024-09-28,2024-10-19,2024-10-24,Closed,C00001
PO004829,V00134,Facilities,Professional Services,Indirect,30340.67,2025-10-29,2025-11-02,2025-12-16,2025-12-25,Closed,C00579
PO004830,V00102,Operations,IT Services,Indirect,3286.29,2025-01-21,2025-01-22,2025-02-13,2025-02-23,Closed,C00052
PO004831,V00266,Manufacturing,MRO,Direct,1354.82,2024-12-05,2024-12-16,2024-12-31,2025-01-08,Open,C00255
PO004832,V00455,IT,Facilities,Indirect,14756.68,2025-06-03,2025-06-10,2025-07-10,2025-07-08,Closed,
PO004833,V00111,Finance,Facilities,Indirect,5256.6,2024-07-20,2024-07-29,2024-09-09,2024-09-14,Closed,C00293
PO004834,V00330,R&D,Professional Services,Indirect,27511.57,2024-09-21,2024-09-29,2024-11-12,2024-11-19,Closed,C00237
PO004835,V00053,Legal,IT Services,Indirect,19978.48,2024-09-03,2024-09-10,2024-09-21,2024-09-25,Closed,
PO004836,V00097,Marketing,Logistics,Direct,4429.68,2025-04-21,2025-04-23,2025-05-01,2025-05-06,Closed,C00484
PO004837,V00317,IT,Logistics,Direct,10278.43,2024-12-04,2024-12-13,2025-01-27,2025-01-27,Closed,C00034
PO004838,V00033,Engineering,Professional Services,Indirect,67256.5,2025-06-20,2025-06-26,2025-07-06,2025-07-06,Closed,
PO004839,V00433,HR,Office Supplies,Indirect,20758.9,2025-02-24,2025-02-25,2025-04-01,2025-04-01,Cancelled,C00539
PO004840,V00210,Operations,Professional Services,Indirect,36602.44,2025-05-17,2025-05-27,2025-06-26,2025-07-01,Closed,C00071
PO004841,V00159,Facilities,IT Services,Indirect,64268.72,2024-12-05,2024-12-18,2025-01-30,2025-01-31,Closed,C00432
PO004842,V00252,Sales,MRO,Direct,7407.54,2024-03-24,2024-03-31,2024-05-11,2024-05-11,Closed,
PO004843,V00305,Legal,IT Services,Indirect,74623.97,2025-12-17,2025-12-31,2026-01-19,2026-01-19,Closed,
PO004844,V00383,Marketing,Logistics,Direct,2398.47,2024-11-22,2024-12-04,2024-12-23,2025-01-04,Cancelled,C00405
PO004845,V00123,Facilities,Facilities,Indirect,2021.42,2024-08-23,2024-08-27,2024-09-07,2024-09-15,Closed,C00494
PO004846,V00433,Engineering,Office Supplies,Indirect,8272.38,2024-07-28,2024-08-02,2024-08-12,2024-08-15,Cancelled,
PO004847,V00305,Manufacturing,IT Services,Indirect,3206.75,2025-04-18,2025-04-23,2025-05-11,2025-05-17,Cancelled,
PO004848,V00440,IT,Marketing,Indirect,961.49,2025-11-03,2025-11-05,2025-11-30,2025-11-28,Cancelled,C00415
PO004849,V00199,R&D,Raw Materials,Direct,10889.36,2025-10-24,2025-11-06,2025-12-13,2025-12-13,Open,C00466
PO004850,V00496,Facilities,Raw Materials,Direct,18226.23,2024-05-03,2024-05-05,2024-05-14,2024-05-17,Open,C00030
PO004851,V00456,Sales,Raw Materials,Direct,7269.29,2025-03-21,2025-03-23,2025-04-29,2025-04-25,Open,C00147
PO004852,V00494,Sales,Office Supplies,Indirect,5541.76,2025-01-25,2025-02-05,2025-02-15,2025-02-20,Closed,C00349
PO004853,V00300,Finance,MRO,Direct,2091.68,2024-09-12,2024-09-14,2024-10-16,2024-10-18,Closed,C00391
PO004854,V00018,Finance,Raw Materials,Direct,7686.23,2025-06-17,2025-06-30,2025-08-08,2025-08-09,Closed,C00253
PO004855,V00295,IT,Marketing,Indirect,2082.41,2025-10-04,2025-10-15,2025-11-20,2025-11-17,Closed,C00530
PO004856,V00368,Legal,IT Services,Indirect,55557.81,2024-11-18,2024-11-26,2024-12-27,2024-12-21,Open,C00365
PO004857,V00392,Facilities,Raw Materials,Direct,10371.54,2024-08-29,2024-09-01,2024-10-06,2024-10-10,Closed,C00124
PO004858,V00116,Manufacturing,Raw Materials,Direct,13329.69,2025-03-13,2025-03-17,2025-03-24,2025-03-26,Open,C00561
PO004859,V00499,Legal,IT Services,Indirect,38641.84,2024-06-19,2024-06-26,2024-07-24,2024-07-28,Cancelled,C00624
PO004860,V00051,Legal,Professional Services,Indirect,11882.48,2024-08-07,2024-08-18,2024-09-13,2024-09-19,Closed,
PO004861,V00361,Finance,Raw Materials,Direct,50256.08,2025-03-04,2025-03-07,2025-04-07,2025-04-06,Closed,C00428
PO004862,V00168,R&D,Facilities,Indirect,1181.71,2024-02-29,2024-03-12,2024-04-19,2024-04-30,Closed,C00460
PO004863,V00352,Finance,Marketing,Indirect,1609.77,2024-12-25,2024-12-29,2025-01-05,2025-01-10,Closed,C00505
PO004864,V00391,Marketing,Professional Services,Indirect,24906.2,2025-07-05,2025-07-08,2025-07-24,2025-07-20,Closed,
PO004865,V00357,HR,Travel,Indirect,1203.21,2025-03-08,2025-03-13,2025-04-04,2025-04-06,Open,
PO004866,V00165,Engineering,Professional Services,Indirect,42731.44,2024-05-27,2024-05-31,2024-06-13,2024-06-17,Closed,C00552
PO004867,V00182,Facilities,Raw Materials,Direct,11628.08,2025-03-17,2025-03-22,2025-04-29,2025-04-30,Closed,
PO004868,V00315,R&D,IT Services,Indirect,15264.53,2024-07-14,2024-07-16,2024-07-26,2024-07-26,Closed,
PO004869,V00384,R&D,Professional Services,Indirect,15243.97,2024-09-12,2024-09-14,2024-10-20,2024-10-29,Closed,C00592
PO004870,V00078,Legal,Professional Services,Indirect,53079.56,2024-09-09,2024-09-22,2024-10-11,2024-10-11,Closed,C00084
PO004871,V00172,IT,IT Services,Indirect,50532.23,2024-04-15,2024-04-24,2024-06-07,2024-06-05,Open,C00645
PO004872,V00343,R&D,IT Services,Indirect,5725.41,2025-08-17,2025-08-24,2025-10-04,2025-10-10,Closed,
PO004873,V00494,HR,Office Supplies,Indirect,3328.44,2025-05-06,2025-05-16,2025-06-07,2025-06-16,Closed,C00350
PO004874,V00109,IT,Travel,Indirect,1733.79,2025-02-19,2025-02-20,2025-03-23,2025-03-27,Cancelled,C00313
PO004875,V00311,Legal,Professional Services,Indirect,24235.15,2024-12-27,2024-12-30,2025-02-13,2025-02-17,Cancelled,C00390
PO004876,V00436,HR,MRO,Direct,3200.42,2025-03-21,2025-03-24,2025-04-26,2025-04-21,Closed,
PO004877,V00087,R&D,Raw Materials,Direct,4948.11,2025-06-03,2025-06-15,2025-07-20,2025-07-17,Open,
PO004878,V00118,Marketing,Raw Materials,Direct,33339.53,2024-04-18,2024-04-20,2024-05-31,2024-06-01,Cancelled,C00215
PO004879,V00494,Engineering,Office Supplies,Indirect,1488.62,2024-04-01,2024-04-14,2024-05-27,2024-06-01,Cancelled,C00350
PO004880,V00171,Engineering,Professional Services,Indirect,4027.24,2024-04-19,2024-04-22,2024-05-15,2024-05-18,Closed,C00602
PO004881,V00368,IT,IT Services,Indirect,2082.66,2024-07-01,2024-07-07,2024-07-20,2024-07-22,Closed,C00366
PO004882,V00500,Legal,Professional Services,Indirect,130952.33,2025-06-11,2025-06-13,2025-07-03,2025-07-03,Closed,
PO004883,V00419,Marketing,Professional Services,Indirect,41479.14,2025-07-01,2025-07-09,2025-08-10,2025-08-21,Cancelled,
PO004884,V00465,HR,Raw Materials,Direct,4486.78,2025-06-22,2025-06-23,2025-06-30,2025-06-30,Closed,C00210
PO004885,V00127,Facilities,Raw Materials,Direct,20879.23,2024-07-17,2024-07-23,2024-09-01,2024-09-02,Open,C00235
PO004886,V00323,Engineering,Marketing,Indirect,9246.74,2024-12-03,2024-12-14,2025-01-26,2025-01-31,Closed,C00191
PO004887,V00047,Finance,Logistics,Direct,3772.62,2024-12-28,2025-01-11,2025-02-04,2025-02-16,Closed,C00119
PO004888,V00104,Sales,Professional Services,Indirect,14737.97,2025-09-08,2025-09-12,2025-10-07,2025-10-05,Cancelled,C00449
PO004889,V00134,Marketing,Professional Services,Indirect,40876.34,2024-06-15,2024-06-23,2024-07-31,2024-08-01,Open,C00578
PO004890,V00028,Facilities,Raw Materials,Direct,4563.14,2025-03-16,2025-03-23,2025-04-18,2025-04-23,Cancelled,
PO004891,V00384,Facilities,Professional Services,Indirect,32559.86,2024-12-07,2024-12-08,2024-12-15,2024-12-15,Closed,
PO004892,V00447,Sales,IT Services,Indirect,64295.96,2024-07-01,2024-07-14,2024-08-17,2024-08-23,Open,C00664
PO004893,V00419,R&D,Professional Services,Indirect,3198.57,2024-02-08,2024-02-12,2024-03-25,2024-03-16,Closed,
PO004894,V00496,Engineering,Raw Materials,Direct,101858.71,2025-11-30,2025-12-03,2025-12-12,2025-12-12,Closed,
PO004895,V00292,Engineering,Capital Equipment,Direct,10303.43,2024-10-09,2024-10-20,2024-11-01,2024-11-03,Cancelled,
PO004896,V00105,HR,Professional Services,Indirect,34613.23,2025-08-08,2025-08-22,2025-09-07,2025-09-13,Cancelled,C00010
PO004897,V00395,HR,Professional Services,Indirect,18761.93,2025-03-31,2025-04-05,2025-05-16,2025-05-26,Cancelled,C00011
PO004898,V00147,Operations,Professional Services,Indirect,5768.14,2024-08-04,2024-08-12,2024-09-13,2024-09-20,Closed,C00470
PO004899,V00368,Engineering,IT Services,Indirect,5200.08,2025-05-22,2025-05-30,2025-06-06,2025-06-06,Closed,C00365
PO004900,V00416,Marketing,Logistics,Direct,14097.55,2025-06-20,2025-06-27,2025-07-11,2025-07-17,Closed,C00090
PO004901,V00172,Manufacturing,IT Services,Indirect,35437.27,2025-11-19,2025-11-21,2025-12-02,2025-11-30,Closed,
PO004902,V00492,Engineering,IT Services,Indirect,64062.87,2024-10-31,2024-11-05,2024-12-02,2024-12-11,Closed,C00038
PO004903,V00392,R&D,Raw Materials,Direct,65367.16,2024-11-04,2024-11-13,2024-12-26,2024-12-31,Cancelled,C00124
PO004904,V00034,Facilities,Professional Services,Indirect,24329.27,2025-05-02,2025-05-03,2025-05-30,2025-05-26,Closed,C00083
PO004905,V00119,IT,IT Services,Indirect,3237.79,2025-05-28,2025-06-09,2025-07-19,2025-07-13,Closed,C00320
PO004906,V00372,Legal,Professional Services,Indirect,15497.87,2025-11-29,2025-12-09,2025-12-31,2026-01-02,Closed,C00027
PO004907,V00261,Marketing,Facilities,Indirect,13083.29,2025-01-17,2025-01-25,2025-02-04,2025-02-08,Open,C00669
PO004908,V00007,R&D,Professional Services,Indirect,3377.34,2025-01-10,2025-01-13,2025-02-03,2025-02-08,Closed,C00427
PO004909,V00410,Engineering,Marketing,Indirect,3428.01,2025-01-16,2025-01-21,2025-02-22,2025-02-19,Cancelled,C00068
PO004910,V00009,Operations,Professional Services,Indirect,3553.51,2024-10-13,2024-10-25,2024-11-15,2024-11-17,Cancelled,
PO004911,V00056,Marketing,IT Services,Indirect,13822.76,2025-01-26,2025-01-27,2025-02-25,2025-03-05,Closed,C00102
PO004912,V00440,HR,Marketing,Indirect,2994.23,2024-06-02,2024-06-16,2024-07-23,2024-07-25,Closed,C00415
PO004913,V00291,Legal,Travel,Indirect,3767.66,2024-06-30,2024-07-08,2024-07-24,2024-07-18,Cancelled,
PO004914,V00230,Engineering,Marketing,Indirect,1654.62,2025-03-10,2025-03-23,2025-03-31,2025-03-30,Closed,C00200
PO004915,V00480,Sales,IT Services,Indirect,29635.82,2025-12-11,2025-12-25,2026-01-20,2026-01-15,Closed,
PO004916,V00403,IT,Logistics,Direct,14722.36,2024-07-25,2024-08-05,2024-09-07,2024-09-07,Open,C00567
PO004917,V00285,Sales,IT Services,Indirect,226143.95,2024-02-07,2024-02-08,2024-03-20,2024-03-20,Closed,C00510
PO004918,V00076,HR,Office Supplies,Indirect,4962.78,2025-08-12,2025-08-25,2025-09-01,2025-08-28,Closed,
PO004919,V00145,IT,Professional Services,Indirect,48972.64,2025-06-08,2025-06-21,2025-07-21,2025-07-18,Closed,C00328
PO004920,V00104,R&D,Professional Services,Indirect,9024.24,2024-01-16,2024-01-22,2024-03-04,2024-03-04,Closed,
PO004921,V00430,HR,IT Services,Indirect,6971.99,2025-11-16,2025-11-25,2025-12-09,2025-12-09,Closed,C00641
PO004922,V00410,Engineering,Marketing,Indirect,2023.66,2024-04-14,2024-04-22,2024-06-02,2024-06-09,Closed,C00068
PO004923,V00317,Sales,Logistics,Direct,15684.85,2024-04-17,2024-04-30,2024-05-25,2024-05-27,Cancelled,C00034
PO004924,V00291,Operations,Travel,Indirect,4538.67,2024-09-21,2024-09-26,2024-10-20,2024-10-19,Closed,C00135
PO004925,V00368,Legal,IT Services,Indirect,6664.68,2025-01-26,2025-02-01,2025-03-06,2025-03-06,Cancelled,C00366
PO004926,V00318,Marketing,Facilities,Indirect,2975.23,2024-05-15,2024-05-26,2024-06-23,2024-06-23,Closed,C00137
PO004927,V00432,Facilities,Capital Equipment,Direct,58898.69,2024-06-02,2024-06-12,2024-07-27,2024-07-23,Closed,C00176
PO004928,V00262,Finance,Logistics,Direct,18602.6,2025-12-16,2025-12-18,2026-01-21,2026-01-25,Closed,
PO004929,V00418,Finance,Professional Services,Indirect,8635.0,2025-09-15,2025-09-17,2025-10-13,2025-10-14,Closed,C00230
PO004930,V00320,R&D,IT Services,Indirect,16306.93,2025-05-30,2025-05-31,2025-06-30,2025-06-29,Open,
PO004931,V00335,Facilities,IT Services,Indirect,280195.01,2025-12-10,2025-12-12,2025-12-25,2025-12-25,Cancelled,C00054
PO004932,V00169,Manufacturing,Capital Equipment,Direct,34269.96,2025-05-19,2025-05-27,2025-06-13,2025-06-14,Open,C00346
PO004933,V00267,Legal,Professional Services,Indirect,7495.06,2024-07-03,2024-07-13,2024-08-15,2024-08-20,Closed,C00265
PO004934,V00169,HR,Capital Equipment,Direct,129047.92,2024-12-19,2024-12-30,2025-01-18,2025-01-22,Closed,C00347
PO004935,V00374,HR,Logistics,Direct,12080.52,2025-08-05,2025-08-10,2025-08-18,2025-08-18,Cancelled,C00326
PO004936,V00333,Sales,IT Services,Indirect,37734.61,2025-07-06,2025-07-14,2025-08-21,2025-08-27,Closed,C00193
PO004937,V00230,Engineering,Marketing,Indirect,1708.88,2025-04-07,2025-04-10,2025-05-08,2025-05-11,Closed,C00200
PO004938,V00325,Legal,Raw Materials,Direct,44397.65,2025-01-24,2025-01-29,2025-02-11,2025-02-13,Closed,C00173
PO004939,V00178,Marketing,IT Services,Indirect,15987.66,2025-01-24,2025-01-31,2025-02-12,2025-02-12,Open,
PO004940,V00368,Facilities,IT Services,Indirect,5748.72,2024-05-07,2024-05-11,2024-06-18,2024-06-20,Open,C00365
PO004941,V00153,Manufacturing,Professional Services,Indirect,17948.33,2024-05-30,2024-06-04,2024-07-08,2024-07-08,Cancelled,
PO004942,V00368,Facilities,IT Services,Indirect,58099.17,2025-06-30,2025-07-07,2025-08-16,2025-08-27,Closed,C00366
PO004943,V00482,Operations,MRO,Direct,4822.06,2025-06-23,2025-07-03,2025-07-10,2025-07-09,Closed,C00544
PO004944,V00425,Sales,Raw Materials,Direct,5687.44,2024-05-07,2024-05-12,2024-06-25,2024-06-29,Closed,C00666
PO004945,V00472,Facilities,Professional Services,Indirect,17586.96,2025-03-09,2025-03-16,2025-04-27,2025-05-08,Closed,C00303
PO004946,V00298,Manufacturing,Capital Equipment,Direct,18132.7,2025-10-29,2025-11-02,2025-12-12,2025-12-18,Closed,C00468
PO004947,V00480,R&D,IT Services,Indirect,24337.77,2025-07-02,2025-07-06,2025-07-14,2025-07-17,Open,
PO004948,V00317,Sales,Logistics,Direct,45048.22,2024-06-08,2024-06-09,2024-07-01,2024-07-05,Closed,C00035
PO004949,V00172,Facilities,IT Services,Indirect,21148.83,2025-10-12,2025-10-22,2025-11-01,2025-11-06,Closed,
PO004950,V00379,Sales,Marketing,Indirect,894.71,2025-03-17,2025-03-21,2025-04-05,2025-04-01,Open,C00618
PO004951,V00069,Manufacturing,Raw Materials,Direct,10786.38,2025-11-06,2025-11-20,2025-12-17,2025-12-15,Closed,
PO004952,V00177,Manufacturing,Marketing,Indirect,7656.21,2025-01-14,2025-01-19,2025-02-24,2025-02-24,Closed,C00219
PO004953,V00056,Manufacturing,IT Services,Indirect,20776.87,2024-05-18,2024-05-19,2024-06-17,2024-06-20,Cancelled,C00101
PO004954,V00109,Legal,Travel,Indirect,7292.82,2025-05-08,2025-05-12,2025-06-10,2025-06-14,Open,C00311
PO004955,V00036,Finance,Raw Materials,Direct,20088.67,2025-05-21,2025-06-02,2025-06-10,2025-06-10,Closed,
PO004956,V00403,Sales,Logistics,Direct,10934.11,2025-05-07,2025-05-09,2025-06-09,2025-06-04,Closed,C00566
PO004957,V00281,Legal,Marketing,Indirect,1532.75,2025-03-07,2025-03-12,2025-03-22,2025-03-27,Cancelled,C00040
PO004958,V00302,Manufacturing,Travel,Indirect,2309.77,2024-11-05,2024-11-06,2024-11-15,2024-11-18,Closed,C00198
PO004959,V00182,Facilities,Raw Materials,Direct,30418.34,2025-03-05,2025-03-09,2025-04-08,2025-04-18,Cancelled,
PO004960,V00246,Legal,Logistics,Direct,50196.04,2025-08-03,2025-08-12,2025-09-24,2025-09-24,Closed,
PO004961,V00419,Facilities,Professional Services,Indirect,2294.2,2024-05-15,2024-05-20,2024-06-24,2024-06-29,Closed,
PO004962,V00004,HR,Professional Services,Indirect,23955.34,2025-10-06,2025-10-17,2025-11-14,2025-11-18,Cancelled,
PO004963,V00368,IT,IT Services,Indirect,13375.9,2025-06-25,2025-07-07,2025-07-14,2025-07-22,Closed,C00365
PO004964,V00499,Operations,IT Services,Indirect,9704.18,2024-12-03,2024-12-16,2025-01-05,2025-01-08,Closed,C00624
PO004965,V00403,Finance,Logistics,Direct,7733.5,2024-04-21,2024-04-26,2024-05-24,2024-05-18,Open,C00567
PO004966,V00233,Legal,Raw Materials,Direct,21425.03,2024-04-05,2024-04-14,2024-04-29,2024-04-30,Closed,C00558
PO004967,V00121,Finance,Professional Services,Indirect,88510.79,2024-02-27,2024-03-11,2024-04-08,2024-04-12,Closed,C00562
PO004968,V00461,Operations,IT Services,Indirect,28907.33,2025-06-27,2025-06-28,2025-08-01,2025-07-30,Cancelled,
PO004969,V00434,Facilities,MRO,Direct,3362.18,2024-12-16,2024-12-24,2025-01-06,2025-01-12,Cancelled,C00188
PO004970,V00142,HR,Raw Materials,Direct,2657.35,2025-08-21,2025-08-22,2025-09-11,2025-09-16,Open,C00341
PO004971,V00368,Operations,IT Services,Indirect,19036.87,2025-04-22,2025-05-06,2025-06-08,2025-06-05,Closed,C00365
PO004972,V00391,IT,Professional Services,Indirect,95614.86,2025-04-06,2025-04-09,2025-05-12,2025-05-10,Open,C00332
PO004973,V00374,Marketing,Logistics,Direct,9290.32,2025-04-05,2025-04-07,2025-05-05,2025-05-10,Closed,C00326
PO004974,V00401,Operations,Professional Services,Indirect,15957.18,2025-08-06,2025-08-15,2025-09-23,2025-09-23,Open,C00355
PO004975,V00083,Operations,MRO,Direct,2097.25,2024-10-01,2024-10-04,2024-11-07,2024-11-14,Closed,C00153
PO004976,V00368,Manufacturing,IT Services,Indirect,80540.2,2025-11-10,2025-11-14,2025-12-03,2025-11-30,Open,C00365
PO004977,V00421,Legal,Marketing,Indirect,4924.24,2025-11-20,2025-11-28,2025-12-10,2025-12-15,Closed,C00521
PO004978,V00422,IT,Professional Services,Indirect,13603.51,2025-05-03,2025-05-11,2025-06-22,2025-06-18,Open,C00625
PO004979,V00166,Manufacturing,Raw Materials,Direct,4644.08,2025-02-28,2025-03-07,2025-04-01,2025-04-01,Closed,C00373
PO004980,V00160,IT,Logistics,Direct,23355.06,2024-09-05,2024-09-14,2024-10-29,2024-11-03,Cancelled,
PO004981,V00247,HR,Raw Materials,Direct,5488.74,2024-06-12,2024-06-19,2024-08-01,2024-07-29,Closed,
PO004982,V00087,Facilities,Raw Materials,Direct,3107.37,2025-08-19,2025-08-21,2025-10-03,2025-09-30,Closed,
PO004983,V00291,Facilities,Travel,Indirect,2851.23,2025-03-21,2025-03-31,2025-04-07,2025-04-11,Closed,C00135
PO004984,V00019,HR,Professional Services,Indirect,13923.78,2025-12-04,2025-12-17,2026-01-18,2026-01-16,Cancelled,
PO004985,V00169,Sales,Capital Equipment,Direct,13350.89,2025-06-28,2025-07-05,2025-08-08,2025-08-05,Closed,C00347
PO004986,V00440,R&D,Marketing,Indirect,939.03,2025-10-05,2025-10-07,2025-11-07,2025-11-12,Closed,C00415
PO004987,V00368,Facilities,IT Services,Indirect,30434.76,2024-02-09,2024-02-23,2024-03-30,2024-04-05,Closed,C00366
PO004988,V00099,Marketing,Logistics,Direct,4400.34,2025-02-23,2025-03-01,2025-04-05,2025-04-05,Closed,C00647
PO004989,V00085,IT,Logistics,Direct,9528.08,2024-07-18,2024-07-19,2024-08-30,2024-08-29,Cancelled,C00026
PO004990,V00028,Legal,Raw Materials,Direct,6850.97,2025-09-16,2025-09-20,2025-10-18,2025-10-16,Cancelled,
PO004991,V00147,Finance,Professional Services,Indirect,5586.34,2025-04-06,2025-04-09,2025-04-22,2025-04-22,Closed,C00470
PO004992,V00093,R&D,MRO,Direct,2521.46,2025-09-24,2025-09-25,2025-11-03,2025-10-22,Closed,
PO004993,V00399,Finance,IT Services,Indirect,27895.38,2024-11-12,2024-11-24,2025-01-07,2025-01-14,Closed,
PO004994,V00368,Finance,IT Services,Indirect,59817.7,2025-01-01,2025-01-12,2025-01-24,2025-01-23,Open,C00365
PO004995,V00146,Sales,Logistics,Direct,11292.0,2024-10-17,2024-10-30,2024-12-02,2024-11-30,Closed,C00360
PO004996,V00169,Manufacturing,Capital Equipment,Direct,34884.94,2025-10-11,2025-10-23,2025-12-05,2025-12-07,Open,C00347
PO004997,V00279,HR,IT Services,Indirect,21539.3,2025-11-04,2025-11-05,2025-12-16,2025-12-15,Cancelled,C00167
PO004998,V00221,Facilities,Raw Materials,Direct,5141.91,2025-04-10,2025-04-19,2025-05-17,2025-05-22,Open,C00218
PO004999,V00368,Marketing,IT Services,Indirect,6752.82,2024-08-15,2024-08-18,2024-09-03,2024-09-07,Closed,C00365
PO005000,V00452,Marketing,Travel,Indirect,1464.98,2024-11-15,2024-11-25,2025-01-02,2025-01-07,Closed,C00117
PO005001,V00368,Sales,IT Services,Indirect,13113.74,2025-04-14,2025-04-28,2025-05-25,2025-05-25,Closed,C00365
PO005002,V00368,HR,IT Services,Indirect,6374.86,2025-03-24,2025-03-28,2025-04-19,2025-04-17,Closed,C00366
PO005003,V00207,R&D,Raw Materials,Direct,3759.35,2025-09-09,2025-09-15,2025-10-27,2025-10-24,Closed,C00627
PO005004,V00300,IT,MRO,Direct,5657.65,2024-12-31,2025-01-04,2025-01-26,2025-02-02,Closed,C00391
PO005005,V00368,Manufacturing,IT Services,Indirect,10207.1,2024-06-13,2024-06-15,2024-07-04,2024-07-09,Cancelled,C00366
PO005006,V00415,Operations,Professional Services,Indirect,31641.46,2024-07-11,2024-07-20,2024-08-15,2024-08-15,Closed,C00162
PO005007,V00121,Marketing,Professional Services,Indirect,1259.62,2025-10-22,2025-11-01,2025-11-09,2025-11-15,Cancelled,
PO005008,V00085,Facilities,Logistics,Direct,42883.87,2025-01-16,2025-01-27,2025-02-24,2025-02-22,Closed,C00026
PO005009,V00319,Marketing,Marketing,Indirect,4461.53,2025-06-10,2025-06-14,2025-07-12,2025-07-12,Closed,C00296
PO005010,V00479,HR,Facilities,Indirect,1067.75,2025-09-04,2025-09-07,2025-10-04,2025-10-05,Open,
PO005011,V00281,R&D,Marketing,Indirect,3365.54,2024-11-07,2024-11-20,2025-01-02,2024-12-31,Closed,C00040
PO005012,V00359,Marketing,Professional Services,Indirect,31475.91,2025-05-02,2025-05-08,2025-05-26,2025-05-31,Closed,C00382
PO005013,V00403,Engineering,Logistics,Direct,4849.73,2025-05-30,2025-06-03,2025-06-14,2025-06-12,Closed,C00566
PO005014,V00119,Finance,IT Services,Indirect,12147.35,2025-11-14,2025-11-15,2025-11-28,2025-11-29,Closed,C00320
PO005015,V00297,Facilities,IT Services,Indirect,27034.05,2025-03-30,2025-04-04,2025-04-17,2025-04-08,Cancelled,
PO005016,V00198,Manufacturing,Logistics,Direct,3062.56,2025-11-11,2025-11-14,2025-12-20,2025-12-22,Cancelled,C00555
PO005017,V00434,Manufacturing,MRO,Direct,2056.84,2025-12-17,2025-12-22,2026-01-10,2026-01-11,Closed,C00188
PO005018,V00084,Facilities,Professional Services,Indirect,10304.36,2025-12-09,2025-12-16,2026-01-22,2026-01-24,Closed,C00371
PO005019,V00040,Marketing,Facilities,Indirect,2814.9,2025-03-17,2025-03-29,2025-04-19,2025-04-18,Closed,C00116
PO005020,V00480,Legal,IT Services,Indirect,24904.83,2024-07-23,2024-08-05,2024-08-18,2024-08-17,Open,
PO005021,V00461,Facilities,IT Services,Indirect,11421.02,2025-09-11,2025-09-13,2025-10-08,2025-10-13,Cancelled,
PO005022,V00284,Operations,Professional Services,Indirect,3843.93,2025-05-08,2025-05-15,2025-05-29,2025-05-26,Cancelled,C00586
PO005023,V00082,IT,MRO,Direct,2224.35,2024-05-16,2024-05-23,2024-05-31,2024-06-10,Open,C00450
PO005024,V00186,Manufacturing,Raw Materials,Direct,4456.85,2024-07-09,2024-07-11,2024-08-06,2024-08-06,Open,C00082
PO005025,V00266,Legal,MRO,Direct,1830.5,2025-09-02,2025-09-12,2025-10-01,2025-09-29,Closed,C00255
PO005026,V00415,Sales,Professional Services,Indirect,17041.44,2025-08-04,2025-08-11,2025-09-23,2025-09-27,Closed,C00162
PO005027,V00091,IT,IT Services,Indirect,17501.15,2025-11-22,2025-11-24,2025-12-12,2025-12-13,Closed,C00160
PO005028,V00151,Engineering,Raw Materials,Direct,17857.39,2024-12-17,2024-12-28,2025-02-09,2025-02-15,Open,C00435
PO005029,V00079,Operations,MRO,Direct,1979.44,2025-08-30,2025-09-02,2025-09-18,2025-09-18,Closed,C00107
PO005030,V00071,IT,Marketing,Indirect,2090.22,2024-04-17,2024-04-19,2024-05-02,2024-05-01,Open,C00070
PO005031,V00138,Facilities,Facilities,Indirect,7869.69,2024-07-11,2024-07-24,2024-08-15,2024-08-24,Closed,C00205
PO005032,V00358,Legal,Logistics,Direct,4969.38,2025-12-27,2025-12-31,2026-02-01,2026-02-04,Closed,C00283
PO005033,V00337,Finance,Raw Materials,Direct,6059.35,2024-06-22,2024-06-28,2024-07-11,2024-07-09,Closed,C00058
PO005034,V00187,R&D,Logistics,Direct,5988.37,2025-11-28,2025-12-05,2026-01-14,2026-01-16,Closed,C00591
PO005035,V00443,R&D,Logistics,Direct,10572.85,2024-02-14,2024-02-17,2024-02-27,2024-03-10,Closed,C00490
PO005036,V00392,Operations,Raw Materials,Direct,13466.34,2025-01-05,2025-01-09,2025-01-29,2025-02-03,Closed,
PO005037,V00062,Operations,Office Supplies,Indirect,1532.41,2025-09-23,2025-10-03,2025-11-05,2025-11-02,Closed,C00651
PO005038,V00368,Facilities,IT Services,Indirect,26776.4,2025-12-18,2025-12-19,2026-01-13,2026-01-13,Closed,C00366
PO005039,V00180,Manufacturing,Marketing,Indirect,2009.94,2024-09-16,2024-09-19,2024-10-29,2024-10-25,Closed,C00536
PO005040,V00455,Finance,Facilities,Indirect,1798.78,2025-09-23,2025-10-03,2025-10-23,2025-10-17,Cancelled,C00339
PO005041,V00291,Manufacturing,Travel,Indirect,3750.2,2025-10-11,2025-10-25,2025-11-08,2025-11-07,Cancelled,C00135
PO005042,V00358,Marketing,Logistics,Direct,11953.73,2025-02-15,2025-02-16,2025-03-15,2025-03-12,Closed,
PO005043,V00271,Operations,Logistics,Direct,40093.27,2025-11-29,2025-12-06,2026-01-03,2026-01-10,Closed,
PO005044,V00343,HR,IT Services,Indirect,10568.42,2024-10-29,2024-11-07,2024-12-06,2024-12-08,Closed,
PO005045,V00036,HR,Raw Materials,Direct,5944.22,2025-11-09,2025-11-14,2025-12-08,2025-12-06,Open,
PO005046,V00051,R&D,Professional Services,Indirect,53164.05,2025-10-26,2025-11-06,2025-11-16,2025-11-20,Open,
PO005047,V00080,Engineering,IT Services,Indirect,12715.03,2024-12-04,2024-12-17,2025-01-14,2025-01-08,Open,
PO005048,V00366,R&D,Marketing,Indirect,3308.76,2025-01-28,2025-02-02,2025-03-05,2025-03-05,Closed,C00342
PO005049,V00368,HR,IT Services,Indirect,11713.16,2024-12-08,2024-12-17,2025-01-30,2025-01-30,Closed,C00365
PO005050,V00440,Engineering,Marketing,Indirect,2960.24,2024-10-07,2024-10-11,2024-10-23,2024-11-01,Closed,C00416
PO005051,V00485,Marketing,Marketing,Indirect,21382.74,2025-06-16,2025-06-19,2025-07-25,2025-07-16,Closed,
PO005052,V00115,R&D,Logistics,Direct,7810.6,2025-10-18,2025-10-26,2025-11-07,2025-11-08,Closed,
PO005053,V00298,IT,Capital Equipment,Direct,5715.16,2025-09-09,2025-09-15,2025-09-27,2025-09-27,Closed,C00468
PO005054,V00095,Finance,Marketing,Indirect,2827.1,2024-12-15,2024-12-18,2025-01-27,2025-01-30,Closed,C00262
PO005055,V00197,Operations,IT Services,Indirect,28389.04,2024-03-07,2024-03-21,2024-04-16,2024-04-15,Open,C00410
PO005056,V00197,Finance,IT Services,Indirect,28311.38,2025-07-26,2025-08-05,2025-09-07,2025-09-07,Closed,C00411
PO005057,V00248,Engineering,Raw Materials,Direct,4678.56,2024-09-10,2024-09-14,2024-10-08,2024-10-06,Closed,C00212
PO005058,V00368,Operations,IT Services,Indirect,6720.27,2025-08-30,2025-09-07,2025-10-08,2025-10-13,Cancelled,C00365
PO005059,V00229,Engineering,IT Services,Indirect,10430.81,2025-10-06,2025-10-18,2025-11-11,2025-11-15,Cancelled,
PO005060,V00478,R&D,Professional Services,Indirect,52212.47,2025-08-22,2025-09-01,2025-10-11,2025-10-16,Closed,
PO005061,V00476,R&D,Raw Materials,Direct,5060.62,2024-07-08,2024-07-18,2024-08-19,2024-08-22,Closed,C00056
PO005062,V00134,Finance,Professional Services,Indirect,24760.04,2025-05-01,2025-05-15,2025-06-10,2025-06-03,Closed,C00578
PO005063,V00214,Operations,Raw Materials,Direct,4685.92,2024-06-04,2024-06-07,2024-06-15,2024-06-17,Open,C00644
PO005064,V00011,Marketing,Raw Materials,Direct,8833.64,2024-04-17,2024-04-22,2024-05-06,2024-05-06,Closed,
PO005065,V00380,IT,MRO,Direct,7524.82,2023-12-21,2024-01-02,2024-02-02,2024-02-04,Closed,
PO005066,V00242,Marketing,Marketing,Indirect,2069.58,2025-02-05,2025-02-18,2025-03-20,2025-03-20,Open,
PO005067,V00013,HR,Raw Materials,Direct,4047.68,2025-10-12,2025-10-25,2025-11-20,2025-11-12,Closed,C00597
PO005068,V00341,HR,MRO,Direct,2009.67,2025-11-30,2025-12-06,2026-01-06,2026-01-05,Cancelled,C00534
PO005069,V00049,Finance,Professional Services,Indirect,30630.74,2025-06-06,2025-06-14,2025-06-27,2025-06-25,Closed,
PO005070,V00341,Operations,MRO,Direct,9496.84,2024-03-29,2024-03-30,2024-04-12,2024-04-23,Closed,C00534
PO005071,V00209,HR,Logistics,Direct,17514.67,2025-05-06,2025-05-14,2025-06-27,2025-06-30,Open,
PO005072,V00242,Marketing,Marketing,Indirect,832.9,2024-05-04,2024-05-12,2024-06-14,2024-06-13,Closed,
PO005073,V00074,IT,IT Services,Indirect,22616.12,2024-09-12,2024-09-21,2024-10-01,2024-09-24,Cancelled,C00005
PO005074,V00037,R&D,Professional Services,Indirect,1472.08,2024-10-04,2024-10-17,2024-10-24,2024-10-22,Open,C00408
PO005075,V00313,Manufacturing,IT Services,Indirect,12307.6,2024-07-09,2024-07-12,2024-07-26,2024-07-28,Open,C00163
PO005076,V00279,IT,IT Services,Indirect,32008.56,2024-04-14,2024-04-19,2024-04-26,2024-04-25,Closed,C00166
PO005077,V00050,Marketing,Raw Materials,Direct,14853.18,2025-10-18,2025-10-29,2025-12-11,2025-12-17,Closed,
PO005078,V00463,Finance,IT Services,Indirect,11405.46,2025-04-28,2025-05-01,2025-05-30,2025-06-01,Closed,
PO005079,V00378,Facilities,Raw Materials,Direct,27376.96,2024-01-10,2024-01-11,2024-01-27,2024-02-05,Open,C00014
PO005080,V00186,Legal,Raw Materials,Direct,16600.07,2025-03-07,2025-03-20,2025-05-04,2025-05-06,Open,C00081
PO005081,V00326,R&D,Facilities,Indirect,3717.67,2024-05-31,2024-06-09,2024-07-20,2024-07-28,Closed,
PO005082,V00016,Legal,IT Services,Indirect,11016.04,2025-03-20,2025-03-31,2025-05-07,2025-05-03,Cancelled,C00184
PO005083,V00375,Sales,Raw Materials,Direct,14248.43,2024-10-11,2024-10-22,2024-11-09,2024-11-10,Open,C00006
PO005084,V00403,HR,Logistics,Direct,7275.19,2024-07-07,2024-07-18,2024-08-10,2024-08-09,Closed,C00566
PO005085,V00430,HR,IT Services,Indirect,2183.7,2024-06-29,2024-07-12,2024-08-22,2024-08-21,Open,C00641
PO005086,V00112,HR,Raw Materials,Direct,8440.05,2025-04-13,2025-04-27,2025-06-07,2025-05-30,Closed,
PO005087,V00020,R&D,MRO,Direct,1649.32,2024-06-03,2024-06-17,2024-06-25,2024-06-22,Closed,C00189
PO005088,V00169,Operations,Capital Equipment,Direct,58376.03,2025-06-04,2025-06-09,2025-06-26,2025-07-03,Closed,C00346
PO005089,V00422,Legal,Professional Services,Indirect,4611.12,2024-10-29,2024-11-07,2024-11-18,2024-11-29,Cancelled,C00625
PO005090,V00372,Finance,Professional Services,Indirect,4308.89,2025-08-09,2025-08-22,2025-09-20,2025-09-21,Cancelled,C00027
PO005091,V00168,Manufacturing,Facilities,Indirect,7112.04,2024-07-07,2024-07-08,2024-08-16,2024-08-20,Closed,C00459
PO005092,V00368,Finance,IT Services,Indirect,4511.21,2025-07-13,2025-07-26,2025-08-13,2025-08-14,Cancelled,C00365
PO005093,V00109,Engineering,Travel,Indirect,3125.97,2024-05-11,2024-05-20,2024-06-22,2024-06-26,Closed,C00312
PO005094,V00220,Facilities,Raw Materials,Direct,9522.99,2024-07-20,2024-07-30,2024-08-10,2024-08-03,Open,C00515
PO005095,V00434,Legal,MRO,Direct,545.68,2024-09-20,2024-09-27,2024-11-01,2024-11-04,Closed,C00188
PO005096,V00112,Legal,Raw Materials,Direct,69269.01,2025-09-30,2025-10-07,2025-10-24,2025-10-22,Closed,C00422
PO005097,V00299,Manufacturing,Logistics,Direct,5500.07,2024-10-19,2024-10-20,2024-11-05,2024-11-13,Closed,
PO005098,V00385,Legal,Professional Services,Indirect,38908.43,2025-01-13,2025-01-26,2025-02-18,2025-03-01,Closed,C00076
PO005099,V00275,Marketing,IT Services,Indirect,6192.53,2025-04-18,2025-04-30,2025-06-04,2025-06-11,Cancelled,C00407
PO005100,V00491,Marketing,Raw Materials,Direct,10875.75,2024-10-29,2024-11-01,2024-11-15,2024-11-20,Closed,
PO005101,V00411,Manufacturing,Raw Materials,Direct,20710.2,2024-07-28,2024-08-01,2024-09-06,2024-09-10,Closed,C00098
PO005102,V00300,Facilities,MRO,Direct,2140.04,2025-10-20,2025-10-31,2025-12-06,2025-12-03,Closed,
PO005103,V00047,IT,Logistics,Direct,8985.22,2025-09-23,2025-09-27,2025-11-02,2025-11-01,Cancelled,C00119
PO005104,V00396,HR,Raw Materials,Direct,13578.34,2025-12-23,2025-12-30,2026-02-09,2026-02-02,Closed,C00509
PO005105,V00352,Finance,Marketing,Indirect,7969.7,2024-06-28,2024-07-05,2024-08-16,2024-08-14,Closed,
PO005106,V00302,Engineering,Travel,Indirect,6675.95,2025-07-14,2025-07-21,2025-08-19,2025-08-13,Closed,C00198
PO005107,V00403,Sales,Logistics,Direct,3654.46,2025-02-18,2025-02-23,2025-03-10,2025-03-12,Closed,C00566
PO005108,V00179,Marketing,Professional Services,Indirect,23170.68,2025-09-20,2025-09-22,2025-10-24,2025-10-30,Closed,C00619
PO005109,V00204,R&D,IT Services,Indirect,44945.35,2025-02-06,2025-02-15,2025-03-19,2025-03-15,Closed,C00231
PO005110,V00240,Operations,Office Supplies,Indirect,8667.56,2024-07-11,2024-07-16,2024-08-20,2024-08-18,Cancelled,C00488
PO005111,V00342,Legal,MRO,Direct,4296.21,2024-11-29,2024-12-01,2025-01-10,2025-01-05,Closed,C00131
PO005112,V00321,Manufacturing,Capital Equipment,Direct,41833.1,2024-12-17,2024-12-28,2025-02-07,2025-02-07,Closed,C00223
PO005113,V00233,Marketing,Raw Materials,Direct,4488.94,2024-04-29,2024-04-30,2024-05-28,2024-05-31,Open,C00558
PO005114,V00492,HR,IT Services,Indirect,4040.29,2025-02-27,2025-03-03,2025-03-26,2025-03-29,Open,C00039
PO005115,V00210,R&D,Professional Services,Indirect,23349.3,2024-10-10,2024-10-12,2024-10-27,2024-10-25,Closed,C00071
PO005116,V00149,Facilities,Capital Equipment,Direct,59780.23,2025-09-07,2025-09-21,2025-10-28,2025-10-30,Closed,
PO005117,V00411,Marketing,Raw Materials,Direct,33483.56,2025-10-23,2025-10-30,2025-12-02,2025-12-05,Open,C00098
PO005118,V00177,Operations,Marketing,Indirect,17749.12,2024-10-09,2024-10-19,2024-11-21,2024-11-21,Closed,C00219
PO005119,V00070,HR,IT Services,Indirect,20046.86,2025-05-21,2025-05-24,2025-06-16,2025-06-11,Cancelled,
PO005120,V00326,HR,Facilities,Indirect,1398.33,2024-12-08,2024-12-20,2025-01-27,2025-01-22,Closed,C00577
PO005121,V00109,IT,Travel,Indirect,2862.88,2025-07-22,2025-08-05,2025-08-23,2025-09-01,Closed,C00311
PO005122,V00432,Operations,Capital Equipment,Direct,30494.04,2024-06-29,2024-07-02,2024-07-14,2024-07-16,Open,
PO005123,V00241,Engineering,Logistics,Direct,16692.85,2024-08-04,2024-08-15,2024-09-11,2024-09-11,Open,
PO005124,V00222,Sales,Professional Services,Indirect,3734.28,2025-09-28,2025-10-07,2025-10-25,2025-10-28,Closed,C00608
PO005125,V00098,IT,Logistics,Direct,25106.75,2024-12-05,2024-12-18,2025-01-09,2025-01-12,Closed,
PO005126,V00306,Finance,Raw Materials,Direct,1996.83,2025-08-12,2025-08-21,2025-09-14,2025-09-14,Closed,C00501
PO005127,V00468,Sales,Raw Materials,Direct,3326.18,2024-10-20,2024-10-29,2024-11-22,2024-11-24,Open,C00368
PO005128,V00328,Sales,Raw Materials,Direct,5971.78,2024-07-18,2024-07-21,2024-08-13,2024-08-21,Cancelled,
PO005129,V00124,Legal,Professional Services,Indirect,30932.97,2025-08-19,2025-08-20,2025-10-04,2025-10-06,Closed,C00481
PO005130,V00066,Engineering,Professional Services,Indirect,12343.4,2025-02-27,2025-03-02,2025-04-05,2025-04-05,Closed,C00584
PO005131,V00300,HR,MRO,Direct,18891.31,2025-08-10,2025-08-18,2025-09-05,2025-09-13,Cancelled,
PO005132,V00200,Finance,Professional Services,Indirect,16966.43,2024-03-23,2024-04-05,2024-04-20,2024-04-24,Open,C00375
PO005133,V00194,Manufacturing,IT Services,Indirect,8356.36,2024-11-08,2024-11-19,2024-12-01,2024-12-05,Closed,C00099
PO005134,V00368,Operations,IT Services,Indirect,23211.46,2025-10-08,2025-10-12,2025-11-12,2025-11-26,Closed,C00365
PO005135,V00499,Finance,IT Services,Indirect,7728.61,2024-03-07,2024-03-08,2024-03-15,2024-03-09,Open,C00623
PO005136,V00169,Sales,Capital Equipment,Direct,33483.71,2024-10-04,2024-10-07,2024-11-10,2024-11-03,Closed,C00346
PO005137,V00223,Sales,Professional Services,Indirect,9497.02,2025-03-06,2025-03-15,2025-04-10,2025-04-12,Closed,C00268
PO005138,V00442,IT,Office Supplies,Indirect,2872.2,2025-11-04,2025-11-07,2025-11-27,2025-11-24,Cancelled,
PO005139,V00233,Facilities,Raw Materials,Direct,29748.08,2024-04-15,2024-04-23,2024-05-15,2024-05-15,Closed,C00559
PO005140,V00466,HR,Professional Services,Indirect,16169.38,2025-06-11,2025-06-24,2025-07-22,2025-08-05,Closed,C00150
PO005141,V00025,R&D,Logistics,Direct,13012.24,2025-01-25,2025-02-05,2025-02-17,2025-02-21,Closed,
PO005142,V00148,HR,Facilities,Indirect,1275.0,2025-07-12,2025-07-24,2025-08-13,2025-08-13,Closed,C00473
PO005143,V00491,Finance,Raw Materials,Direct,50496.54,2024-10-14,2024-10-15,2024-11-17,2024-11-20,Closed,
PO005144,V00315,Sales,IT Services,Indirect,28525.91,2024-10-24,2024-10-27,2024-11-22,2024-11-21,Closed,C00458
PO005145,V00341,HR,MRO,Direct,1267.89,2024-07-19,2024-07-21,2024-08-03,2024-08-02,Closed,C00534
PO005146,V00172,Marketing,IT Services,Indirect,21268.29,2025-08-31,2025-09-05,2025-09-22,2025-09-20,Closed,
PO005147,V00005,Legal,Professional Services,Indirect,30778.82,2025-04-02,2025-04-09,2025-05-19,2025-05-24,Closed,
PO005148,V00069,Operations,Raw Materials,Direct,2562.07,2024-01-19,2024-01-28,2024-02-26,2024-02-28,Closed,C00017
PO005149,V00036,Marketing,Raw Materials,Direct,9911.04,2025-11-11,2025-11-12,2025-11-30,2025-12-02,Closed,
PO005150,V00368,Manufacturing,IT Services,Indirect,46677.5,2024-03-04,2024-03-18,2024-04-04,2024-04-14,Cancelled,C00366
PO005151,V00460,R&D,Raw Materials,Direct,2515.38,2025-12-18,2025-12-30,2026-01-25,2026-02-01,Closed,
PO005152,V00064,Marketing,Raw Materials,Direct,7907.02,2024-08-08,2024-08-20,2024-09-03,2024-09-14,Closed,C00074
PO005153,V00228,Facilities,Professional Services,Indirect,47337.73,2025-09-17,2025-09-23,2025-10-26,2025-10-24,Closed,C00229
PO005154,V00423,Engineering,Raw Materials,Direct,27229.63,2024-11-28,2024-11-29,2024-12-08,2024-12-07,Cancelled,C00547
PO005155,V00447,Manufacturing,IT Services,Indirect,22574.09,2025-02-25,2025-03-06,2025-04-19,2025-04-20,Closed,C00663
PO005156,V00427,Marketing,MRO,Direct,1255.99,2025-07-25,2025-08-01,2025-09-01,2025-09-05,Closed,C00272
PO005157,V00207,Engineering,Raw Materials,Direct,6645.97,2025-10-24,2025-11-06,2025-12-12,2025-12-14,Open,C00627
PO005158,V00224,Legal,Capital Equipment,Direct,34870.21,2024-02-24,2024-03-02,2024-03-29,2024-04-03,Closed,C00513
PO005159,V00255,R&D,Professional Services,Indirect,4969.11,2025-07-01,2025-07-14,2025-07-23,2025-07-24,Closed,
PO005160,V00135,IT,Facilities,Indirect,697.08,2025-11-11,2025-11-12,2025-11-28,2025-11-27,Open,
PO005161,V00046,HR,Capital Equipment,Direct,206369.85,2024-11-23,2024-12-05,2025-01-10,2025-01-17,Open,
PO005162,V00048,Facilities,Facilities,Indirect,739.65,2024-03-24,2024-04-03,2024-04-26,2024-04-26,Open,C00654
PO005163,V00403,HR,Logistics,Direct,11993.34,2025-06-06,2025-06-13,2025-06-27,2025-06-23,Closed,C00567
PO005164,V00436,Finance,MRO,Direct,1029.66,2025-11-17,2025-12-01,2025-12-15,2025-12-19,Closed,
PO005165,V00407,Sales,Facilities,Indirect,3570.11,2025-04-22,2025-04-24,2025-05-02,2025-05-04,Open,
PO005166,V00249,Manufacturing,Professional Services,Indirect,80676.36,2025-05-20,2025-05-24,2025-06-30,2025-06-28,Closed,C00358
PO005167,V00482,Manufacturing,MRO,Direct,1693.81,2025-12-19,2025-12-24,2026-01-21,2026-01-18,Closed,C00544
PO005168,V00033,Operations,Professional Services,Indirect,2080.79,2025-07-12,2025-07-14,2025-07-23,2025-07-23,Open,C00655
PO005169,V00343,Engineering,IT Services,Indirect,3893.09,2024-02-02,2024-02-13,2024-03-08,2024-03-11,Closed,C00607
PO005170,V00093,Legal,MRO,Direct,4929.11,2024-12-12,2024-12-17,2024-12-27,2024-12-21,Closed,C00363
PO005171,V00452,Facilities,Travel,Indirect,4354.04,2024-11-21,2024-12-03,2025-01-01,2024-12-30,Closed,C00118
PO005172,V00094,Engineering,Logistics,Direct,30883.82,2025-10-09,2025-10-15,2025-10-28,2025-10-28,Cancelled,
PO005173,V00368,R&D,IT Services,Indirect,21695.67,2024-03-06,2024-03-07,2024-04-17,2024-04-16,Closed,C00366
PO005174,V00419,R&D,Professional Services,Indirect,1409.69,2025-02-03,2025-02-07,2025-03-18,2025-03-13,Closed,C00514
PO005175,V00433,Facilities,Office Supplies,Indirect,503.82,2025-12-03,2025-12-06,2026-01-07,2026-01-06,Open,C00539
PO005176,V00273,Sales,Office Supplies,Indirect,13270.21,2025-11-11,2025-11-15,2025-12-06,2025-12-12,Cancelled,
PO005177,V00337,Engineering,Raw Materials,Direct,20903.01,2025-02-24,2025-03-02,2025-03-27,2025-03-25,Open,
PO005178,V00177,Sales,Marketing,Indirect,3769.95,2025-04-20,2025-04-21,2025-06-01,2025-05-31,Closed,
PO005179,V00068,Facilities,Professional Services,Indirect,6401.79,2025-06-13,2025-06-25,2025-08-09,2025-08-25,Closed,
PO005180,V00403,Engineering,Logistics,Direct,5583.51,2025-06-26,2025-06-27,2025-07-27,2025-07-30,Closed,C00567
PO005181,V00149,Operations,Capital Equipment,Direct,19162.11,2024-08-08,2024-08-18,2024-09-02,2024-09-02,Cancelled,
PO005182,V00342,Sales,MRO,Direct,18460.88,2025-04-17,2025-04-18,2025-06-01,2025-06-05,Closed,C00131
PO005183,V00084,IT,Professional Services,Indirect,9028.87,2025-12-10,2025-12-19,2026-02-01,2026-01-30,Closed,C00371
PO005184,V00468,R&D,Raw Materials,Direct,43288.23,2025-07-12,2025-07-21,2025-08-24,2025-08-24,Closed,C00368
PO005185,V00183,Facilities,Capital Equipment,Direct,22072.35,2025-04-19,2025-04-22,2025-05-10,2025-05-07,Closed,
PO005186,V00184,Legal,Marketing,Indirect,876.79,2024-03-16,2024-03-25,2024-04-16,2024-04-19,Closed,C00496
PO005187,V00387,HR,IT Services,Indirect,8074.85,2024-10-01,2024-10-12,2024-11-03,2024-11-12,Closed,C00507
PO005188,V00033,Operations,Professional Services,Indirect,19627.17,2024-07-07,2024-07-12,2024-08-23,2024-08-27,Cancelled,C00655
PO005189,V00272,Operations,Professional Services,Indirect,60836.67,2024-12-07,2024-12-15,2025-01-19,2025-01-29,Closed,C00242
PO005190,V00315,Engineering,IT Services,Indirect,59590.45,2024-03-22,2024-03-31,2024-04-12,2024-04-13,Closed,C00456
PO005191,V00038,Sales,Raw Materials,Direct,9011.81,2025-01-07,2025-01-10,2025-01-20,2025-01-09,Cancelled,C00314
PO005192,V00061,IT,Raw Materials,Direct,3201.2,2025-05-20,2025-05-25,2025-06-07,2025-06-09,Closed,
PO005193,V00035,R&D,Logistics,Direct,32145.6,2025-01-01,2025-01-02,2025-01-09,2025-01-16,Cancelled,
PO005194,V00258,IT,IT Services,Indirect,52757.22,2024-09-22,2024-09-24,2024-10-18,2024-10-21,Open,
PO005195,V00247,Finance,Raw Materials,Direct,27567.82,2025-10-25,2025-10-29,2025-12-11,2025-12-10,Closed,
PO005196,V00239,Facilities,Professional Services,Indirect,36365.78,2023-12-23,2024-01-05,2024-02-12,2024-02-13,Cancelled,C00122
PO005197,V00171,IT,Professional Services,Indirect,2307.05,2024-12-09,2024-12-11,2025-01-20,2025-01-20,Open,C00602
PO005198,V00300,Finance,MRO,Direct,1220.98,2024-02-19,2024-02-23,2024-03-26,2024-03-21,Cancelled,C00391
PO005199,V00406,Sales,Logistics,Direct,33136.48,2024-09-14,2024-09-19,2024-10-28,2024-10-31,Closed,C00289
PO005200,V00273,Operations,Office Supplies,Indirect,1188.63,2024-08-28,2024-09-01,2024-10-11,2024-10-09,Cancelled,C00356
PO005201,V00059,Marketing,Marketing,Indirect,1093.0,2025-07-08,2025-07-21,2025-09-03,2025-09-05,Closed,
PO005202,V00276,Manufacturing,Capital Equipment,Direct,14641.8,2024-02-10,2024-02-24,2024-04-07,2024-04-11,Cancelled,C00338
PO005203,V00137,Sales,MRO,Direct,8703.49,2024-09-05,2024-09-17,2024-10-18,2024-10-17,Closed,C00554
PO005204,V00123,Finance,Facilities,Indirect,2169.31,2024-06-12,2024-06-20,2024-07-17,2024-07-17,Closed,C00494
PO005205,V00169,Sales,Capital Equipment,Direct,39347.79,2024-11-16,2024-11-17,2024-12-23,2024-12-16,Closed,C00346
PO005206,V00235,Marketing,MRO,Direct,3091.55,2025-10-21,2025-10-25,2025-11-15,2025-11-16,Closed,C00403
PO005207,V00179,Finance,Professional Services,Indirect,18128.14,2024-10-05,2024-10-14,2024-11-22,2024-11-27,Closed,C00619
PO005208,V00173,Engineering,Professional Services,Indirect,32662.56,2024-08-26,2024-08-31,2024-10-02,2024-09-28,Closed,C00155
PO005209,V00079,HR,MRO,Direct,2164.92,2024-12-28,2024-12-31,2025-01-11,2025-01-17,Closed,C00107
PO005210,V00263,HR,IT Services,Indirect,30249.23,2024-03-18,2024-03-21,2024-04-07,2024-04-12,Closed,C00110
PO005211,V00295,HR,Marketing,Indirect,1343.23,2024-07-19,2024-07-20,2024-08-28,2024-09-02,Closed,C00530
PO005212,V00058,Facilities,IT Services,Indirect,28183.83,2024-07-20,2024-08-03,2024-09-17,2024-09-21,Open,
PO005213,V00229,Manufacturing,IT Services,Indirect,15785.32,2025-09-25,2025-10-08,2025-11-03,2025-11-04,Closed,
PO005214,V00031,Sales,IT Services,Indirect,12693.64,2025-08-24,2025-08-29,2025-10-09,2025-10-09,Open,
PO005215,V00142,Operations,Raw Materials,Direct,7975.11,2024-03-06,2024-03-20,2024-05-03,2024-05-09,Closed,C00340
PO005216,V00372,Marketing,Professional Services,Indirect,36608.41,2024-09-30,2024-10-02,2024-11-04,2024-11-03,Cancelled,C00028
PO005217,V00403,Marketing,Logistics,Direct,67303.28,2025-09-05,2025-09-06,2025-09-18,2025-09-25,Cancelled,C00567
PO005218,V00164,Operations,Professional Services,Indirect,13631.71,2024-05-22,2024-06-02,2024-06-13,2024-06-16,Closed,C00374
PO005219,V00253,Operations,IT Services,Indirect,55645.8,2024-10-06,2024-10-19,2024-12-03,2024-11-28,Closed,
PO005220,V00027,Sales,Capital Equipment,Direct,99762.83,2024-08-19,2024-08-22,2024-09-09,2024-09-16,Closed,C00306
PO005221,V00368,R&D,IT Services,Indirect,9718.61,2025-03-08,2025-03-10,2025-03-22,2025-03-25,Closed,C00366
PO005222,V00228,Sales,Professional Services,Indirect,99764.72,2025-02-08,2025-02-14,2025-03-12,2025-03-12,Closed,C00229
PO005223,V00379,Manufacturing,Marketing,Indirect,1980.1,2024-12-01,2024-12-11,2024-12-22,2024-12-26,Closed,C00618
PO005224,V00449,Finance,Office Supplies,Indirect,1140.57,2025-09-09,2025-09-13,2025-09-21,2025-09-21,Open,
PO005225,V00084,IT,Professional Services,Indirect,38046.3,2024-07-10,2024-07-11,2024-08-15,2024-08-23,Cancelled,C00370
PO005226,V00034,HR,Professional Services,Indirect,46525.17,2024-10-22,2024-11-01,2024-11-13,2024-11-15,Closed,C00083
PO005227,V00164,Finance,Professional Services,Indirect,6042.98,2024-09-06,2024-09-20,2024-10-27,2024-10-26,Closed,C00374
PO005228,V00403,IT,Logistics,Direct,16448.04,2025-04-19,2025-04-28,2025-06-01,2025-06-05,Closed,C00567
PO005229,V00199,Facilities,Raw Materials,Direct,879.69,2025-12-08,2025-12-19,2026-01-11,2026-01-09,Closed,C00466
PO005230,V00393,Operations,Professional Services,Indirect,142445.36,2025-12-03,2025-12-13,2025-12-29,2025-12-22,Closed,C00472
PO005231,V00225,Marketing,Professional Services,Indirect,39256.6,2024-03-28,2024-03-30,2024-04-09,2024-04-12,Closed,C00565
PO005232,V00160,Legal,Logistics,Direct,35568.44,2025-10-16,2025-10-29,2025-11-22,2025-11-29,Cancelled,
PO005233,V00005,R&D,Professional Services,Indirect,66132.92,2025-01-11,2025-01-20,2025-02-02,2025-01-29,Closed,
PO005234,V00285,Engineering,IT Services,Indirect,9439.86,2025-06-03,2025-06-07,2025-07-20,2025-07-20,Open,
PO005235,V00057,Facilities,Facilities,Indirect,154941.99,2024-06-08,2024-06-11,2024-07-23,2024-08-04,Closed,C00195
PO005236,V00041,Operations,Raw Materials,Direct,26049.19,2024-11-24,2024-12-06,2024-12-31,2025-01-06,Cancelled,
PO005237,V00347,Manufacturing,MRO,Direct,1828.78,2024-09-24,2024-10-01,2024-10-19,2024-10-16,Cancelled,C00429
PO005238,V00362,Operations,MRO,Direct,4734.04,2024-12-15,2024-12-20,2025-01-19,2025-01-14,Closed,C00001
PO005239,V00382,Operations,Raw Materials,Direct,11165.16,2025-10-18,2025-10-19,2025-11-26,2025-11-23,Closed,C00169
PO005240,V00335,Sales,IT Services,Indirect,26594.17,2024-11-04,2024-11-08,2024-12-05,2024-12-08,Closed,
PO005241,V00408,IT,Professional Services,Indirect,8503.39,2025-06-09,2025-06-12,2025-07-23,2025-07-23,Cancelled,C00492
PO005242,V00212,Finance,MRO,Direct,1549.86,2024-09-13,2024-09-25,2024-10-03,2024-10-07,Closed,C00051
PO005243,V00368,Sales,IT Services,Indirect,55763.24,2024-08-16,2024-08-18,2024-09-28,2024-09-25,Closed,C00365
PO005244,V00255,Marketing,Professional Services,Indirect,7913.6,2024-02-04,2024-02-07,2024-03-23,2024-03-11,Closed,C00630
PO005245,V00368,Marketing,IT Services,Indirect,48106.68,2024-12-25,2024-12-29,2025-01-14,2025-01-20,Cancelled,C00366
PO005246,V00368,Manufacturing,IT Services,Indirect,17050.99,2024-03-21,2024-03-28,2024-05-06,2024-04-28,Open,C00365
PO005247,V00338,Finance,IT Services,Indirect,17969.03,2025-03-04,2025-03-17,2025-04-24,2025-05-05,Cancelled,
PO005248,V00337,Sales,Raw Materials,Direct,10637.75,2025-04-02,2025-04-10,2025-05-14,2025-05-17,Closed,C00058
PO005249,V00164,Operations,Professional Services,Indirect,28021.38,2025-05-23,2025-05-24,2025-06-24,2025-06-28,Open,
PO005250,V00159,HR,IT Services,Indirect,10559.28,2024-04-16,2024-04-27,2024-06-07,2024-06-07,Open,C00432
PO005251,V00296,HR,Professional Services,Indirect,89771.67,2024-05-29,2024-05-30,2024-07-11,2024-07-16,Closed,
PO005252,V00400,Sales,Logistics,Direct,20311.86,2025-10-14,2025-10-26,2025-11-22,2025-11-29,Open,C00398
PO005253,V00368,Marketing,IT Services,Indirect,12339.15,2024-02-11,2024-02-14,2024-02-22,2024-02-22,Closed,C00365
PO005254,V00403,Sales,Logistics,Direct,10267.44,2024-04-27,2024-04-30,2024-05-25,2024-05-21,Closed,C00567
PO005255,V00003,Manufacturing,Raw Materials,Direct,5191.48,2025-12-27,2025-12-28,2026-01-24,2026-01-25,Open,C00064
PO005256,V00491,Engineering,Raw Materials,Direct,6649.44,2023-12-25,2024-01-06,2024-02-12,2024-02-11,Closed,C00037
PO005257,V00356,Legal,Capital Equipment,Direct,46833.16,2025-01-21,2025-01-27,2025-02-14,2025-02-19,Closed,C00529
PO005258,V00368,Legal,IT Services,Indirect,9771.87,2024-09-12,2024-09-16,2024-09-26,2024-09-28,Open,C00365
PO005259,V00218,Legal,Raw Materials,Direct,9816.61,2024-07-31,2024-08-06,2024-08-18,2024-08-15,Closed,
PO005260,V00177,Manufacturing,Marketing,Indirect,5843.03,2024-11-21,2024-12-05,2025-01-10,2025-01-11,Closed,C00220
PO005261,V00077,R&D,Marketing,Indirect,991.01,2025-10-19,2025-10-23,2025-11-09,2025-11-09,Closed,C00044
PO005262,V00368,Manufacturing,IT Services,Indirect,1568.81,2024-11-04,2024-11-15,2024-11-24,2024-12-05,Closed,C00366
PO005263,V00411,R&D,Raw Materials,Direct,20840.88,2025-05-22,2025-05-29,2025-07-09,2025-07-14,Closed,
PO005264,V00393,Engineering,Professional Services,Indirect,20497.68,2024-08-05,2024-08-19,2024-10-01,2024-10-01,Closed,C00472
PO005265,V00097,R&D,Logistics,Direct,11836.04,2024-02-03,2024-02-06,2024-03-16,2024-03-21,Closed,
PO005266,V00066,Engineering,Professional Services,Indirect,55480.81,2024-09-03,2024-09-15,2024-10-10,2024-10-17,Closed,
PO005267,V00339,Operations,Facilities,Indirect,636.82,2025-12-25,2025-12-29,2026-01-30,2026-01-25,Closed,C00430
PO005268,V00288,Sales,Facilities,Indirect,4386.18,2025-05-09,2025-05-22,2025-06-04,2025-06-01,Closed,C00476
PO005269,V00409,Marketing,Logistics,Direct,8182.22,2025-10-13,2025-10-23,2025-11-27,2025-11-24,Closed,C00036
PO005270,V00403,Facilities,Logistics,Direct,12096.83,2024-12-15,2024-12-28,2025-02-09,2025-02-13,Open,C00566
PO005271,V00292,Facilities,Capital Equipment,Direct,147236.31,2024-05-03,2024-05-16,2024-06-29,2024-06-29,Closed,C00527
PO005272,V00403,Facilities,Logistics,Direct,13737.0,2024-08-30,2024-09-03,2024-10-03,2024-10-02,Closed,C00566
PO005273,V00078,IT,Professional Services,Indirect,7671.98,2024-02-12,2024-02-16,2024-03-11,2024-03-11,Closed,C00084
PO005274,V00384,Facilities,Professional Services,Indirect,20721.16,2025-12-21,2025-12-30,2026-02-02,2026-01-30,Closed,
PO005275,V00485,Operations,Marketing,Indirect,10911.02,2024-09-17,2024-09-18,2024-10-19,2024-10-19,Closed,C00616
PO005276,V00466,Manufacturing,Professional Services,Indirect,6338.73,2024-02-13,2024-02-23,2024-03-17,2024-03-20,Closed,C00150
PO005277,V00438,Legal,Capital Equipment,Direct,12156.92,2024-05-13,2024-05-19,2024-06-02,2024-06-11,Closed,
PO005278,V00466,Facilities,Professional Services,Indirect,23739.83,2025-02-04,2025-02-08,2025-03-15,2025-03-18,Cancelled,C00149
PO005279,V00322,Engineering,IT Services,Indirect,41035.89,2025-01-28,2025-02-04,2025-02-26,2025-02-26,Closed,C00156
PO005280,V00368,Finance,IT Services,Indirect,8095.41,2024-12-17,2024-12-19,2025-01-27,2025-01-26,Closed,C00366
PO005281,V00209,Operations,Logistics,Direct,11255.65,2024-05-03,2024-05-11,2024-06-25,2024-06-28,Closed,C00260
PO005282,V00348,IT,Professional Services,Indirect,28607.81,2024-11-24,2024-11-29,2024-12-29,2025-01-05,Closed,C00177
PO005283,V00034,Legal,Professional Services,Indirect,33271.3,2024-03-31,2024-04-09,2024-04-18,2024-04-21,Closed,C00083
PO005284,V00368,Engineering,IT Services,Indirect,51760.38,2024-02-14,2024-02-18,2024-03-08,2024-03-15,Closed,C00365
PO005285,V00155,Manufacturing,Raw Materials,Direct,8884.31,2025-01-18,2025-01-30,2025-02-09,2025-02-15,Closed,C00152
PO005286,V00322,Legal,IT Services,Indirect,14787.63,2024-05-31,2024-06-01,2024-07-02,2024-07-15,Closed,C00156
PO005287,V00368,Operations,IT Services,Indirect,20873.87,2025-10-28,2025-11-11,2025-11-19,2025-11-14,Closed,C00365
PO005288,V00110,Sales,Professional Services,Indirect,3118.43,2025-10-13,2025-10-23,2025-11-11,2025-11-19,Closed,C00357
PO005289,V00422,Marketing,Professional Services,Indirect,8841.51,2024-04-14,2024-04-19,2024-05-25,2024-05-26,Cancelled,C00625
PO005290,V00499,Manufacturing,IT Services,Indirect,30779.77,2025-09-20,2025-10-01,2025-11-12,2025-11-10,Cancelled,C00624
PO005291,V00494,Facilities,Office Supplies,Indirect,5405.65,2025-02-04,2025-02-15,2025-03-07,2025-03-08,Closed,C00348
PO005292,V00367,R&D,Logistics,Direct,9088.19,2024-02-20,2024-02-23,2024-03-21,2024-03-24,Closed,
PO005293,V00107,Operations,Raw Materials,Direct,18982.65,2024-11-19,2024-11-21,2024-12-08,2024-12-09,Open,
PO005294,V00247,Operations,Raw Materials,Direct,31207.53,2024-08-10,2024-08-15,2024-08-30,2024-08-30,Closed,C00500
PO005295,V00050,Engineering,Raw Materials,Direct,24798.79,2024-12-20,2024-12-26,2025-02-09,2025-02-06,Closed,
PO005296,V00444,Sales,Professional Services,Indirect,36980.9,2025-05-03,2025-05-12,2025-06-07,2025-06-03,Open,
PO005297,V00087,Facilities,Raw Materials,Direct,6016.28,2025-08-29,2025-09-03,2025-10-16,2025-10-16,Cancelled,
PO005298,V00032,Operations,Logistics,Direct,2367.78,2025-10-18,2025-10-19,2025-11-16,2025-11-16,Closed,
PO005299,V00001,Finance,Logistics,Direct,9830.6,2024-11-28,2024-12-05,2025-01-03,2025-01-07,Closed,C00086
PO005300,V00149,Legal,Capital Equipment,Direct,15675.11,2024-04-11,2024-04-19,2024-05-21,2024-05-25,Closed,C00103
PO005301,V00145,HR,Professional Services,Indirect,160637.02,2024-08-23,2024-09-06,2024-09-28,2024-09-26,Closed,C00328
PO005302,V00109,HR,Travel,Indirect,3900.4,2024-01-17,2024-01-30,2024-03-12,2024-03-10,Closed,C00312
PO005303,V00494,Finance,Office Supplies,Indirect,16926.08,2025-07-11,2025-07-18,2025-08-08,2025-08-13,Closed,C00348
PO005304,V00160,Legal,Logistics,Direct,21019.71,2024-08-03,2024-08-05,2024-09-07,2024-09-07,Closed,C00595
PO005305,V00368,Legal,IT Services,Indirect,18227.55,2024-01-12,2024-01-15,2024-02-17,2024-02-25,Closed,C00366
PO005306,V00186,IT,Raw Materials,Direct,15270.27,2024-01-31,2024-02-11,2024-03-05,2024-03-10,Cancelled,
PO005307,V00216,Engineering,Marketing,Indirect,2002.98,2024-12-15,2024-12-18,2025-01-07,2025-01-10,Closed,
PO005308,V00140,Manufacturing,MRO,Direct,1697.98,2024-01-10,2024-01-11,2024-02-04,2024-02-08,Open,C00412
PO005309,V00169,Marketing,Capital Equipment,Direct,67486.06,2024-02-21,2024-02-25,2024-03-17,2024-03-24,Closed,C00347
PO005310,V00053,Marketing,IT Services,Indirect,32149.94,2025-05-11,2025-05-14,2025-06-25,2025-07-02,Cancelled,
PO005311,V00390,Facilities,Professional Services,Indirect,42746.79,2025-08-16,2025-08-30,2025-09-21,2025-09-15,Closed,
PO005312,V00104,Manufacturing,Professional Services,Indirect,12716.96,2025-10-20,2025-10-30,2025-12-02,2025-12-06,Closed,
PO005313,V00111,Sales,Facilities,Indirect,2352.94,2025-03-08,2025-03-20,2025-03-30,2025-04-01,Closed,C00293
PO005314,V00031,Operations,IT Services,Indirect,1695.35,2024-07-13,2024-07-15,2024-08-23,2024-08-27,Closed,C00033
PO005315,V00449,HR,Office Supplies,Indirect,1108.47,2025-11-20,2025-11-22,2025-12-07,2025-12-12,Cancelled,
PO005316,V00083,Operations,MRO,Direct,9196.76,2025-03-24,2025-03-29,2025-04-05,2025-04-11,Cancelled,C00153
PO005317,V00488,Legal,IT Services,Indirect,10715.26,2025-12-12,2025-12-23,2026-01-22,2026-01-27,Cancelled,C00541
PO005318,V00292,Marketing,Capital Equipment,Direct,110458.96,2025-04-30,2025-05-14,2025-05-27,2025-06-09,Closed,C00527
PO005319,V00294,Manufacturing,IT Services,Indirect,9626.18,2025-05-04,2025-05-16,2025-06-09,2025-06-12,Closed,
PO005320,V00291,Sales,Travel,Indirect,767.97,2025-11-16,2025-11-20,2025-11-27,2025-12-08,Closed,C00135
PO005321,V00368,Finance,IT Services,Indirect,20115.5,2024-07-08,2024-07-13,2024-08-03,2024-08-10,Cancelled,C00366
PO005322,V00073,IT,Logistics,Direct,12285.53,2024-12-15,2024-12-26,2025-01-12,2025-01-17,Cancelled,C00095
PO005323,V00484,HR,IT Services,Indirect,12525.6,2024-03-11,2024-03-25,2024-04-01,2024-04-07,Cancelled,
PO005324,V00452,Facilities,Travel,Indirect,5046.3,2024-06-05,2024-06-16,2024-07-09,2024-07-05,Closed,C00118
PO005325,V00403,Operations,Logistics,Direct,3161.92,2024-11-26,2024-11-28,2024-12-07,2024-12-07,Closed,C00566
PO005326,V00002,Operations,Logistics,Direct,18533.6,2024-04-01,2024-04-02,2024-04-30,2024-04-27,Closed,
PO005327,V00057,Finance,Facilities,Indirect,15286.43,2024-12-06,2024-12-18,2025-01-16,2025-01-15,Closed,C00196
PO005328,V00387,Legal,IT Services,Indirect,34597.45,2024-03-12,2024-03-25,2024-05-04,2024-05-06,Closed,C00508
PO005329,V00456,Manufacturing,Raw Materials,Direct,8017.23,2025-05-02,2025-05-07,2025-05-31,2025-06-02,Closed,C00146
PO005330,V00116,Engineering,Raw Materials,Direct,5306.5,2024-09-18,2024-09-24,2024-10-30,2024-11-05,Closed,C00561
PO005331,V00385,Finance,Professional Services,Indirect,19291.43,2025-09-01,2025-09-06,2025-10-10,2025-10-07,Closed,C00076
PO005332,V00368,Facilities,IT Services,Indirect,284841.49,2025-07-17,2025-07-19,2025-08-20,2025-08-15,Closed,C00365
PO005333,V00087,Facilities,Raw Materials,Direct,6430.47,2025-12-15,2025-12-18,2026-01-03,2026-01-08,Closed,
PO005334,V00245,Finance,Logistics,Direct,30353.95,2024-04-17,2024-04-26,2024-05-22,2024-05-21,Closed,C00414
PO005335,V00323,Marketing,Marketing,Indirect,887.19,2024-10-08,2024-10-10,2024-11-02,2024-11-08,Closed,C00191
PO005336,V00416,Sales,Logistics,Direct,21335.44,2024-01-29,2024-02-05,2024-02-15,2024-02-15,Closed,
PO005337,V00119,Legal,IT Services,Indirect,7389.36,2025-08-08,2025-08-15,2025-09-09,2025-09-06,Closed,
PO005338,V00143,Manufacturing,IT Services,Indirect,48867.56,2025-05-24,2025-05-30,2025-07-12,2025-07-14,Open,C00603
PO005339,V00095,Sales,Marketing,Indirect,21989.75,2024-11-18,2024-11-26,2024-12-16,2024-12-17,Closed,C00262
PO005340,V00403,Facilities,Logistics,Direct,15897.03,2024-08-31,2024-09-07,2024-10-19,2024-10-23,Closed,C00567
PO005341,V00279,Sales,IT Services,Indirect,8304.68,2025-02-07,2025-02-20,2025-04-05,2025-03-29,Cancelled,C00166
PO005342,V00125,Manufacturing,Raw Materials,Direct,4430.63,2024-11-05,2024-11-17,2024-12-14,2024-12-19,Closed,C00015
PO005343,V00165,R&D,Professional Services,Indirect,19207.94,2024-04-25,2024-05-01,2024-05-10,2024-05-17,Closed,
PO005344,V00368,Operations,IT Services,Indirect,41360.31,2025-11-28,2025-12-11,2026-01-13,2026-01-06,Closed,C00366
PO005345,V00308,Marketing,Raw Materials,Direct,2927.6,2024-11-02,2024-11-06,2024-12-15,2024-12-17,Open,C00537
PO005346,V00407,Finance,Facilities,Indirect,3562.82,2025-11-10,2025-11-12,2025-12-06,2025-12-12,Closed,
PO005347,V00030,IT,Raw Materials,Direct,19547.09,2025-04-20,2025-04-24,2025-06-04,2025-06-13,Closed,C00299
PO005348,V00153,HR,Professional Services,Indirect,11206.74,2025-08-26,2025-09-05,2025-10-15,2025-10-17,Closed,C00364
PO005349,V00465,R&D,Raw Materials,Direct,63057.08,2025-12-25,2025-12-31,2026-02-14,2026-02-23,Closed,
PO005350,V00155,R&D,Raw Materials,Direct,5770.0,2025-12-12,2025-12-23,2026-01-10,2026-01-10,Closed,C00152
PO005351,V00369,Finance,IT Services,Indirect,33048.49,2025-12-18,2025-12-19,2026-01-20,2026-01-19,Cancelled,C00482
PO005352,V00024,R&D,IT Services,Indirect,17078.68,2025-10-10,2025-10-15,2025-10-25,2025-10-23,Open,
PO005353,V00080,Engineering,IT Services,Indirect,45494.98,2025-04-09,2025-04-23,2025-05-18,2025-05-12,Closed,
PO005354,V00145,HR,Professional Services,Indirect,40969.71,2024-09-21,2024-09-24,2024-10-06,2024-10-05,Closed,C00328
PO005355,V00418,IT,Professional Services,Indirect,8101.03,2025-04-18,2025-04-22,2025-05-26,2025-06-02,Open,
PO005356,V00267,Legal,Professional Services,Indirect,18407.66,2025-07-06,2025-07-11,2025-08-05,2025-08-09,Closed,C00265
PO005357,V00403,Finance,Logistics,Direct,3460.82,2025-10-17,2025-10-30,2025-12-07,2025-12-07,Closed,C00567
PO005358,V00293,HR,Capital Equipment,Direct,48358.76,2025-06-16,2025-06-30,2025-07-29,2025-08-04,Closed,C00648
PO005359,V00368,Legal,IT Services,Indirect,11988.37,2025-08-06,2025-08-07,2025-09-12,2025-09-12,Closed,C00366
PO005360,V00449,R&D,Office Supplies,Indirect,1421.56,2024-03-21,2024-03-31,2024-04-16,2024-04-15,Open,
PO005361,V00421,Facilities,Marketing,Indirect,727.96,2024-10-20,2024-10-29,2024-12-12,2024-12-17,Closed,C00521
PO005362,V00368,Marketing,IT Services,Indirect,2513.63,2024-11-01,2024-11-06,2024-12-02,2024-12-03,Open,C00366
PO005363,V00251,Manufacturing,IT Services,Indirect,9330.85,2025-12-21,2025-12-28,2026-01-18,2026-01-24,Closed,C00385
PO005364,V00254,Facilities,IT Services,Indirect,3899.13,2024-12-01,2024-12-02,2024-12-20,2024-12-31,Closed,C00264
PO005365,V00019,Engineering,Professional Services,Indirect,10970.09,2025-08-29,2025-09-08,2025-10-13,2025-10-11,Closed,
PO005366,V00474,Operations,Raw Materials,Direct,7803.35,2025-04-28,2025-05-04,2025-06-18,2025-06-30,Closed,
PO005367,V00231,Finance,Professional Services,Indirect,35322.29,2024-08-04,2024-08-15,2024-08-24,2024-08-27,Closed,C00668
PO005368,V00300,Sales,MRO,Direct,6268.14,2025-09-15,2025-09-28,2025-11-07,2025-11-07,Closed,
PO005369,V00336,HR,Marketing,Indirect,1368.06,2025-10-03,2025-10-13,2025-11-26,2025-11-22,Open,
PO005370,V00368,Operations,IT Services,Indirect,257077.17,2024-08-14,2024-08-21,2024-10-02,2024-10-04,Closed,C00365
PO005371,V00086,Finance,Logistics,Direct,2886.72,2024-04-17,2024-04-25,2024-06-09,2024-06-10,Closed,C00588
PO005372,V00251,HR,IT Services,Indirect,13798.03,2025-12-14,2025-12-17,2026-01-22,2026-01-27,Cancelled,C00385
PO005373,V00076,Sales,Office Supplies,Indirect,13775.63,2025-02-07,2025-02-11,2025-03-18,2025-03-15,Closed,
PO005374,V00439,Marketing,Professional Services,Indirect,8319.51,2025-05-10,2025-05-14,2025-06-18,2025-06-30,Closed,
PO005375,V00007,Marketing,Professional Services,Indirect,31123.66,2024-01-31,2024-02-13,2024-03-24,2024-03-27,Closed,
PO005376,V00180,Manufacturing,Marketing,Indirect,4281.31,2024-02-12,2024-02-17,2024-03-26,2024-03-23,Closed,C00536
PO005377,V00222,Facilities,Professional Services,Indirect,305853.99,2024-03-10,2024-03-11,2024-03-25,2024-03-25,Cancelled,C00608
PO005378,V00070,Facilities,IT Services,Indirect,200290.7,2025-10-21,2025-10-26,2025-12-08,2025-12-15,Open,
PO005379,V00178,Operations,IT Services,Indirect,12347.9,2025-02-24,2025-02-26,2025-04-03,2025-04-04,Open,
PO005380,V00199,R&D,Raw Materials,Direct,27891.13,2025-07-12,2025-07-14,2025-08-27,2025-08-25,Cancelled,
PO005381,V00231,Manufacturing,Professional Services,Indirect,17202.14,2025-02-26,2025-03-03,2025-03-30,2025-04-02,Open,C00668
PO005382,V00075,Finance,Raw Materials,Direct,3216.22,2025-01-19,2025-01-31,2025-03-10,2025-03-08,Closed,C00378
PO005383,V00368,R&D,IT Services,Indirect,37051.63,2025-03-20,2025-03-23,2025-04-20,2025-04-20,Closed,C00366
PO005384,V00370,Facilities,Logistics,Direct,11412.43,2025-11-07,2025-11-21,2025-12-16,2025-12-27,Closed,C00330
PO005385,V00325,Facilities,Raw Materials,Direct,16425.01,2024-07-20,2024-07-23,2024-09-04,2024-08-31,Closed,
PO005386,V00397,IT,IT Services,Indirect,3883.54,2025-05-20,2025-06-01,2025-06-23,2025-07-04,Closed,C00532
PO005387,V00302,Finance,Travel,Indirect,5672.11,2024-12-19,2024-12-28,2025-01-15,2025-01-22,Closed,C00197
PO005388,V00067,IT,Logistics,Direct,3682.57,2025-10-17,2025-10-20,2025-12-01,2025-12-13,Closed,C00258
PO005389,V00368,Manufacturing,IT Services,Indirect,25174.98,2024-09-08,2024-09-18,2024-10-13,2024-10-20,Closed,C00366
PO005390,V00276,Finance,Capital Equipment,Direct,219088.81,2025-04-05,2025-04-11,2025-05-03,2025-05-02,Cancelled,C00336
PO005391,V00383,Manufacturing,Logistics,Direct,3782.87,2024-06-25,2024-06-29,2024-08-08,2024-08-20,Closed,C00405
PO005392,V00111,Engineering,Facilities,Indirect,6969.15,2024-09-17,2024-09-18,2024-10-21,2024-10-25,Closed,
PO005393,V00082,R&D,MRO,Direct,5319.64,2025-05-07,2025-05-11,2025-05-18,2025-05-19,Closed,
PO005394,V00117,Manufacturing,IT Services,Indirect,28335.99,2025-02-19,2025-02-20,2025-03-12,2025-03-15,Open,
PO005395,V00311,R&D,Professional Services,Indirect,28220.54,2024-12-19,2024-12-23,2025-01-09,2025-01-09,Closed,C00389
PO005396,V00124,Finance,Professional Services,Indirect,15296.81,2025-09-29,2025-10-13,2025-10-23,2025-11-02,Closed,
PO005397,V00064,Facilities,Raw Materials,Direct,10617.23,2025-08-12,2025-08-21,2025-09-07,2025-09-11,Cancelled,C00075
PO005398,V00368,Facilities,IT Services,Indirect,19337.02,2025-10-12,2025-10-14,2025-11-28,2025-11-28,Closed,C00366
PO005399,V00257,Engineering,Raw Materials,Direct,3556.59,2025-07-05,2025-07-07,2025-07-29,2025-07-30,Closed,C00634
PO005400,V00069,HR,Raw Materials,Direct,6671.3,2024-03-19,2024-03-25,2024-04-23,2024-04-29,Open,C00016
PO005401,V00478,Manufacturing,Professional Services,Indirect,17367.59,2024-12-31,2025-01-09,2025-02-16,2025-02-13,Open,
PO005402,V00300,Manufacturing,MRO,Direct,16964.62,2024-09-24,2024-09-28,2024-10-07,2024-09-30,Closed,C00391
PO005403,V00200,HR,Professional Services,Indirect,13443.14,2025-10-01,2025-10-15,2025-11-05,2025-11-11,Closed,C00376
PO005404,V00368,Engineering,IT Services,Indirect,7847.22,2024-07-24,2024-08-01,2024-08-23,2024-08-29,Cancelled,C00366
PO005405,V00130,Marketing,MRO,Direct,6752.92,2025-07-11,2025-07-19,2025-08-26,2025-08-31,Cancelled,C00519
PO005406,V00181,HR,MRO,Direct,1582.71,2025-03-31,2025-04-08,2025-05-22,2025-05-14,Cancelled,C00161
PO005407,V00102,R&D,IT Services,Indirect,6823.66,2024-12-20,2024-12-26,2025-01-29,2025-01-29,Closed,C00052
PO005408,V00354,Sales,Professional Services,Indirect,50550.46,2025-09-03,2025-09-15,2025-10-25,2025-11-02,Closed,
PO005409,V00196,Engineering,MRO,Direct,10985.5,2024-03-08,2024-03-18,2024-04-16,2024-04-23,Closed,C00334
PO005410,V00391,Manufacturing,Professional Services,Indirect,27508.27,2025-02-07,2025-02-15,2025-03-03,2025-03-03,Closed,C00332
PO005411,V00221,Engineering,Raw Materials,Direct,5348.9,2025-08-30,2025-09-11,2025-10-13,2025-10-08,Closed,
PO005412,V00169,Sales,Capital Equipment,Direct,45067.02,2024-07-05,2024-07-10,2024-08-24,2024-08-27,Open,C00347
PO005413,V00421,Legal,Marketing,Indirect,15143.84,2024-06-26,2024-07-04,2024-08-11,2024-08-21,Closed,C00521
PO005414,V00366,R&D,Marketing,Indirect,846.74,2025-02-25,2025-03-10,2025-04-22,2025-04-23,Cancelled,
PO005415,V00178,Facilities,IT Services,Indirect,2083.01,2025-04-01,2025-04-10,2025-05-17,2025-05-22,Open,C00436
PO005416,V00219,HR,IT Services,Indirect,8238.46,2025-11-09,2025-11-20,2025-12-09,2025-12-11,Closed,
PO005417,V00184,R&D,Marketing,Indirect,1700.95,2024-03-08,2024-03-12,2024-03-25,2024-03-30,Open,C00496
PO005418,V00272,IT,Professional Services,Indirect,17825.55,2024-08-14,2024-08-26,2024-09-03,2024-09-05,Open,
PO005419,V00353,R&D,Professional Services,Indirect,8599.43,2024-09-25,2024-10-04,2024-11-11,2024-11-08,Open,C00129
PO005420,V00312,Legal,Raw Materials,Direct,1336.42,2025-03-05,2025-03-19,2025-04-25,2025-05-07,Closed,C00549
PO005421,V00403,Manufacturing,Logistics,Direct,62938.74,2024-09-24,2024-09-28,2024-11-10,2024-11-03,Closed,C00567
PO005422,V00480,Manufacturing,IT Services,Indirect,9686.01,2024-11-11,2024-11-18,2024-12-07,2024-12-06,Cancelled,
PO005423,V00274,R&D,MRO,Direct,2930.4,2025-01-06,2025-01-19,2025-02-11,2025-02-17,Closed,
PO005424,V00365,Sales,Raw Materials,Direct,20187.93,2024-12-10,2024-12-24,2025-01-16,2025-01-14,Closed,C00413
PO005425,V00282,Operations,Professional Services,Indirect,4686.69,2025-01-06,2025-01-11,2025-01-28,2025-01-30,Closed,
PO005426,V00109,HR,Travel,Indirect,2510.05,2024-12-23,2025-01-04,2025-01-13,2025-01-15,Closed,C00313
PO005427,V00219,R&D,IT Services,Indirect,22260.8,2023-12-26,2024-01-06,2024-02-12,2024-02-19,Cancelled,
PO005428,V00288,Manufacturing,Facilities,Indirect,8343.4,2024-05-29,2024-06-04,2024-06-21,2024-06-17,Closed,C00478
PO005429,V00493,Facilities,Facilities,Indirect,4464.92,2025-02-05,2025-02-09,2025-03-06,2025-03-15,Closed,
PO005430,V00359,IT,Professional Services,Indirect,14988.17,2025-06-09,2025-06-12,2025-07-18,2025-07-21,Closed,C00384
PO005431,V00368,Legal,IT Services,Indirect,7830.71,2025-03-23,2025-03-30,2025-04-27,2025-04-28,Closed,C00366
PO005432,V00337,Engineering,Raw Materials,Direct,7375.47,2024-04-10,2024-04-23,2024-06-07,2024-06-04,Closed,C00058
PO005433,V00486,Finance,IT Services,Indirect,86564.39,2025-01-26,2025-02-03,2025-02-22,2025-02-24,Closed,C00080
PO005434,V00445,IT,IT Services,Indirect,31025.67,2024-12-28,2024-12-30,2025-01-06,2025-01-07,Closed,C00523
PO005435,V00207,Sales,Raw Materials,Direct,1529.92,2024-02-15,2024-02-27,2024-03-31,2024-04-11,Closed,C00627
PO005436,V00413,Operations,Logistics,Direct,40283.99,2024-02-29,2024-03-06,2024-03-16,2024-03-13,Open,C00631
PO005437,V00471,IT,IT Services,Indirect,10558.08,2025-11-25,2025-12-09,2026-01-08,2026-01-03,Closed,C00241
PO005438,V00250,Finance,Logistics,Direct,45990.49,2024-06-18,2024-06-30,2024-08-14,2024-08-20,Cancelled,C00186
PO005439,V00043,Sales,Professional Services,Indirect,18962.66,2024-07-19,2024-07-27,2024-08-22,2024-08-23,Closed,C00216
PO005440,V00326,R&D,Facilities,Indirect,2645.68,2024-07-26,2024-08-09,2024-08-16,2024-08-21,Open,C00577
PO005441,V00104,IT,Professional Services,Indirect,10714.49,2024-07-29,2024-08-06,2024-09-06,2024-09-04,Closed,C00449
PO005442,V00389,HR,Raw Materials,Direct,14557.51,2024-12-30,2024-12-31,2025-02-10,2025-02-13,Closed,C00029
PO005443,V00377,Sales,Capital Equipment,Direct,130222.74,2025-12-04,2025-12-06,2025-12-23,2025-12-29,Cancelled,
PO005444,V00397,R&D,IT Services,Indirect,37898.56,2024-12-30,2025-01-06,2025-01-23,2025-01-23,Closed,
PO005445,V00272,Operations,Professional Services,Indirect,4955.79,2025-06-21,2025-06-26,2025-07-17,2025-07-25,Closed,C00242
PO005446,V00461,R&D,IT Services,Indirect,6452.71,2024-04-22,2024-04-24,2024-05-11,2024-05-11,Closed,
PO005447,V00092,Engineering,Logistics,Direct,10295.74,2024-12-25,2025-01-03,2025-01-20,2025-01-12,Closed,
PO005448,V00406,Manufacturing,Logistics,Direct,5571.07,2025-06-17,2025-06-30,2025-08-05,2025-07-26,Closed,
PO005449,V00232,Operations,IT Services,Indirect,60720.21,2025-08-30,2025-09-07,2025-10-06,2025-10-12,Closed,
PO005450,V00075,Facilities,Raw Materials,Direct,14864.29,2024-07-29,2024-08-10,2024-09-24,2024-09-28,Open,C00378
PO005451,V00337,Legal,Raw Materials,Direct,44838.9,2024-08-25,2024-08-27,2024-09-12,2024-09-15,Closed,C00058
PO005452,V00130,Finance,MRO,Direct,9245.07,2024-05-20,2024-05-26,2024-06-07,2024-06-13,Cancelled,C00519
PO005453,V00007,HR,Professional Services,Indirect,40294.03,2025-09-30,2025-10-12,2025-11-04,2025-11-04,Closed,C00427
PO005454,V00169,Engineering,Capital Equipment,Direct,86443.45,2025-07-24,2025-07-27,2025-08-11,2025-08-09,Cancelled,C00347
PO005455,V00276,Sales,Capital Equipment,Direct,56757.84,2025-01-27,2025-02-06,2025-02-28,2025-02-23,Cancelled,C00337
PO005456,V00352,Facilities,Marketing,Indirect,27498.62,2024-12-01,2024-12-06,2024-12-31,2025-01-04,Open,C00505
PO005457,V00182,HR,Raw Materials,Direct,4623.35,2024-03-24,2024-04-01,2024-05-14,2024-05-22,Closed,
PO005458,V00275,Finance,IT Services,Indirect,4409.73,2025-04-02,2025-04-13,2025-05-21,2025-05-18,Closed,C00407
PO005459,V00328,Sales,Raw Materials,Direct,43264.14,2025-02-22,2025-03-01,2025-03-19,2025-03-14,Closed,C00660
PO005460,V00247,Finance,Raw Materials,Direct,17659.37,2024-10-25,2024-11-02,2024-11-22,2024-11-29,Closed,
PO005461,V00368,Legal,IT Services,Indirect,15907.53,2025-08-05,2025-08-07,2025-09-01,2025-09-03,Closed,C00366
PO005462,V00362,Finance,MRO,Direct,1970.67,2024-02-25,2024-03-03,2024-03-31,2024-03-31,Closed,C00002
PO005463,V00323,R&D,Marketing,Indirect,8889.28,2025-11-29,2025-12-09,2025-12-27,2025-12-29,Open,
PO005464,V00030,HR,Raw Materials,Direct,30165.94,2025-03-23,2025-03-27,2025-04-25,2025-04-27,Cancelled,C00301
PO005465,V00113,Sales,IT Services,Indirect,20228.34,2024-08-28,2024-09-07,2024-09-29,2024-10-07,Cancelled,C00535
PO005466,V00437,HR,MRO,Direct,3554.2,2024-12-28,2025-01-01,2025-01-29,2025-01-25,Open,C00424
PO005467,V00368,HR,IT Services,Indirect,48165.23,2025-11-24,2025-12-03,2025-12-26,2025-12-31,Closed,C00365
PO005468,V00279,Facilities,IT Services,Indirect,26490.18,2024-06-12,2024-06-19,2024-07-02,2024-06-30,Open,
PO005469,V00491,Engineering,Raw Materials,Direct,38175.26,2024-09-03,2024-09-12,2024-10-09,2024-10-12,Closed,C00037
PO005470,V00186,Legal,Raw Materials,Direct,53417.6,2024-12-20,2024-12-27,2025-01-29,2025-01-29,Closed,C00081
PO005471,V00429,Marketing,IT Services,Indirect,70193.47,2025-08-16,2025-08-25,2025-10-06,2025-10-15,Closed,
PO005472,V00403,Sales,Logistics,Direct,3029.42,2025-07-12,2025-07-17,2025-08-13,2025-08-06,Closed,C00567
PO005473,V00169,Facilities,Capital Equipment,Direct,198049.18,2025-09-02,2025-09-11,2025-10-20,2025-10-26,Open,C00347
PO005474,V00418,HR,Professional Services,Indirect,7432.99,2025-11-24,2025-12-08,2026-01-13,2026-01-15,Open,C00230
PO005475,V00472,Operations,Professional Services,Indirect,15626.27,2025-05-15,2025-05-16,2025-05-28,2025-06-10,Cancelled,C00304
PO005476,V00208,Marketing,Professional Services,Indirect,16157.7,2025-10-10,2025-10-19,2025-10-31,2025-11-02,Closed,
PO005477,V00180,Manufacturing,Marketing,Indirect,2563.84,2024-02-26,2024-03-02,2024-04-03,2024-04-15,Closed,C00536
PO005478,V00368,Finance,IT Services,Indirect,96849.95,2025-12-03,2025-12-13,2026-01-01,2025-12-31,Cancelled,C00366
PO005479,V00422,HR,Professional Services,Indirect,11620.25,2024-04-05,2024-04-17,2024-05-08,2024-05-07,Closed,C00625
PO005480,V00368,Legal,IT Services,Indirect,23593.82,2024-07-21,2024-07-30,2024-08-17,2024-08-16,Open,C00365
PO005481,V00326,Marketing,Facilities,Indirect,613.5,2025-04-08,2025-04-20,2025-05-02,2025-05-02,Closed,C00577
PO005482,V00451,Manufacturing,IT Services,Indirect,16635.53,2025-01-17,2025-01-29,2025-03-03,2025-03-09,Closed,C00018
PO005483,V00440,Sales,Marketing,Indirect,1310.26,2025-07-08,2025-07-13,2025-08-26,2025-08-14,Cancelled,C00415
PO005484,V00278,Manufacturing,Professional Services,Indirect,35522.72,2024-10-09,2024-10-12,2024-11-26,2024-11-20,Open,C00132
PO005485,V00407,Manufacturing,Facilities,Indirect,2622.28,2024-03-21,2024-03-27,2024-04-15,2024-04-18,Closed,C00024
PO005486,V00365,Legal,Raw Materials,Direct,4811.39,2025-07-17,2025-07-31,2025-09-01,2025-08-25,Open,C00413
PO005487,V00432,Marketing,Capital Equipment,Direct,103489.78,2025-10-03,2025-10-07,2025-11-16,2025-11-17,Closed,
PO005488,V00096,Engineering,Marketing,Indirect,4646.99,2025-09-26,2025-10-04,2025-11-09,2025-11-05,Open,
PO005489,V00438,Finance,Capital Equipment,Direct,80606.83,2025-08-03,2025-08-13,2025-08-27,2025-08-17,Closed,C00302
PO005490,V00278,Sales,Professional Services,Indirect,7101.41,2024-03-26,2024-03-30,2024-04-20,2024-04-21,Closed,C00134
PO005491,V00037,Facilities,Professional Services,Indirect,17511.58,2024-05-30,2024-06-04,2024-06-15,2024-06-16,Closed,C00409
PO005492,V00095,Facilities,Marketing,Indirect,1263.92,2025-05-08,2025-05-13,2025-06-24,2025-06-26,Open,
PO005493,V00034,Marketing,Professional Services,Indirect,18607.12,2024-03-21,2024-03-31,2024-05-06,2024-05-18,Open,C00083
PO005494,V00128,Facilities,Capital Equipment,Direct,20247.67,2025-01-17,2025-01-26,2025-02-20,2025-02-20,Open,
PO005495,V00349,Marketing,Facilities,Indirect,15765.02,2025-12-10,2025-12-21,2025-12-29,2025-12-28,Closed,
PO005496,V00045,Legal,IT Services,Indirect,2202.83,2025-12-16,2025-12-19,2026-01-15,2026-01-22,Closed,C00582
PO005497,V00029,Legal,Capital Equipment,Direct,19425.05,2025-08-02,2025-08-12,2025-09-19,2025-09-28,Closed,C00601
PO005498,V00410,Legal,Marketing,Indirect,3049.67,2024-05-17,2024-05-22,2024-06-18,2024-06-21,Closed,C00068
PO005499,V00349,Engineering,Facilities,Indirect,4986.2,2024-03-07,2024-03-18,2024-04-24,2024-04-15,Closed,
PO005500,V00186,IT,Raw Materials,Direct,11687.01,2024-01-08,2024-01-10,2024-01-26,2024-01-27,Cancelled,C00082
